candidate_id,captured_at,trading_date,model_version,ticker,price_at_screen,prev_close,day_volume,gap_pct,rvol,float_shares,score,tier,eligible,published,pick_id
84ecc2e6-03d6-4258-8c04-00533e8522a2,2026-07-09T14:04:53.372128+00:00,2026-07-09,v0.3-yf,JLHL,4.4299,3.06,5159583,44.77,18.84,1448641,100.0,A,yes,1,5d7fc758-9f17-4c0b-9bed-57963f8a2946
1d3ad921-bbec-488b-9d76-d4a00831c670,2026-07-09T14:04:53.372128+00:00,2026-07-09,v0.3-yf,RKTO,1.0877,0.8024,85743766,35.56,8.67,18574089,85.4,A,yes,1,b1e17cf4-bb18-4106-926d-d35faf0c760c
bd36fd24-3ff5-43d4-8953-ffd239001877,2026-07-09T14:04:53.372128+00:00,2026-07-09,v0.3-yf,WRAP,2.115,1.59,12913716,33.02,36.03,40367313,76.1,A,yes,1,7d550f6a-d710-4d8d-85c8-338c6efc10db
ac294242-498a-4390-9630-dd22e7ecf3c4,2026-07-09T14:04:53.372128+00:00,2026-07-09,v0.3-yf,RPGL,2.345,1.78,16327185,31.74,34.11,20793,100.0,A,yes,1,ed7a88ce-4ba9-4c97-a374-c24200d02f84
e6c8b5ff-f165-43db-b6f5-d672615242d3,2026-07-09T14:04:53.372128+00:00,2026-07-09,v0.3-yf,CIRC,0.7741,0.603,2655140,28.37,0.25,17924301,,,rvol_lt_min,0,
cd3806fe-edb5-4477-92af-607773231555,2026-07-09T14:04:53.372128+00:00,2026-07-09,v0.3-yf,AP,8.905,7.17,242258,24.2,1.26,14190665,,,rvol_lt_min,0,
7afeb2c2-bd4e-46ce-b16f-664bda04990b,2026-07-09T14:04:53.372128+00:00,2026-07-09,v0.3-yf,CNTB,2.6,2.22,167224,17.12,0.54,18850118,,,rvol_lt_min,0,
c2f2c046-5f68-43fe-a2a8-825594034147,2026-07-09T14:04:53.372128+00:00,2026-07-09,v0.3-yf,BJDX,1.565,1.34,10066019,16.79,2.98,879953,71.4,B,yes,1,96761d7b-be12-4ba5-9582-9e3721bd0615
62ac54cf-3714-40eb-903c-1cc1ef09bc6c,2026-07-09T14:04:53.372128+00:00,2026-07-09,v0.3-yf,UBXG,4.9756,4.02,101301,23.77,0.09,593084,,,rvol_lt_min,0,
d166aea7-c7dd-4969-923d-02b077054e78,2026-07-09T14:04:53.372128+00:00,2026-07-09,v0.3-yf,PTLE,9.25,7.8,47059,18.59,1.56,1191310,,,rvol_lt_min,0,
1c0f756d-19cb-46dd-8ea1-bdf5a50ac0dd,2026-07-09T14:04:53.372128+00:00,2026-07-09,v0.3-yf,ELPW,0.7509,0.6431,9699001,16.76,1.48,1175756,,,rvol_lt_min,0,
191df491-140e-42ce-baea-1941dd5ef382,2026-07-09T14:04:53.372128+00:00,2026-07-09,v0.3-yf,OSTX,1.7,1.46,273669,16.44,0.34,36208144,,,rvol_lt_min,0,
719afa3c-ea52-4575-99cc-bfde2e36c053,2026-07-09T14:04:53.372128+00:00,2026-07-09,v0.3-yf,XCUR,2.01,1.7,28059,18.24,1.05,3547351,,,rvol_lt_min,0,
e35f2004-41cb-4812-b0b6-afab064b5281,2026-07-09T14:04:53.372128+00:00,2026-07-09,v0.3-yf,LRMR,4.07,3.61,794522,12.74,0.38,59989918,,,rvol_lt_min,0,
a1a5a0b6-fa10-4c46-97e0-43b04d337059,2026-07-09T14:04:53.372128+00:00,2026-07-09,v0.3-yf,FIEE,4.1154,3.66,2046,12.44,0.23,938966,,,rvol_lt_min,0,
e6fae3ee-f51a-4992-822b-fedfc0f06eff,2026-07-09T14:04:53.372128+00:00,2026-07-09,v0.3-yf,SUNE,2.4199,2.11,8454046,14.69,1.36,2624811,,,rvol_lt_min,0,
35697dfc-6803-46b9-8051-0a3928dd2657,2026-07-09T14:04:53.372128+00:00,2026-07-09,v0.3-yf,MNDR,3.435,3.18,42020,8.02,0.1,167804,,,gap_lt_min,0,
3b7a3539-e727-4b3a-bf9b-31df743a294c,2026-07-09T14:04:53.372128+00:00,2026-07-09,v0.3-yf,SVAC,9.005,7.9,122123,13.99,0.35,23000000,,,rvol_lt_min,0,
d3e3c1f4-b8ef-4a7a-92ff-fad3eeabd96c,2026-07-09T14:04:53.372128+00:00,2026-07-09,v0.3-yf,XCH,0.7073,0.6402,325417,10.48,0.64,28497724,,,rvol_lt_min,0,
874b659f-f232-463a-91ea-84e328c67a89,2026-07-09T14:04:53.372128+00:00,2026-07-09,v0.3-yf,MNY,1.01,0.91,6397,10.99,0.15,12486179,,,rvol_lt_min,0,
c3626870-e838-4b29-b32a-9394ebfdad3c,2026-07-09T14:04:53.372128+00:00,2026-07-09,v0.3-yf,TVGN,5.76,5.2,121,10.77,0.0,1074053,,,rvol_lt_min,0,
5fccbe20-9709-411c-9a4a-c7b4bf3ba194,2026-07-09T14:04:53.372128+00:00,2026-07-09,v0.3-yf,DGNX,1.1709,1.05,162375,11.51,0.07,14445996,,,rvol_lt_min,0,
4cf78622-bb91-465b-b1bc-386c697e4d49,2026-07-09T14:04:53.372128+00:00,2026-07-09,v0.3-yf,FRMM,6.5393,5.96,74705,9.72,0.06,5312841,,,gap_lt_min,0,
ac6cde12-7003-470f-8acd-e3a96e7c96fa,2026-07-09T14:04:53.372128+00:00,2026-07-09,v0.3-yf,ISPC,2.525,2.29,225203,10.26,0.27,1437157,,,rvol_lt_min,0,
651471c2-d9dc-44bb-9604-0117a7e4fd2b,2026-07-09T14:04:53.372128+00:00,2026-07-09,v0.3-yf,ZSQR,7.76,7.04,138303,10.23,0.36,51415035,,,rvol_lt_min,0,
b4282365-6b73-4a13-a22f-15b8e4d21232,2026-07-09T14:04:53.372128+00:00,2026-07-09,v0.3-yf,BBIO,90.63,78.33,4290698,15.7,,,,,price_band,0,
0f0eb3b6-e263-4666-8719-f969051f936b,2026-07-09T14:04:53.372128+00:00,2026-07-09,v0.3-yf,LASR,67.86,58.68,583144,15.64,,,,,price_band,0,
10db7031-e4cb-476f-bbe1-9b371e97b1fd,2026-07-09T14:04:53.372128+00:00,2026-07-09,v0.3-yf,AEHR,77.39,67.89,1013650,13.99,,,,,price_band,0,
9fab3056-e26d-442a-9237-7e6449f876cf,2026-07-09T14:04:53.372128+00:00,2026-07-09,v0.3-yf,LITE,794.0411,707.1,1757115,12.3,,,,,price_band,0,
d418b806-ab75-48dc-bd07-f3f54824b4ff,2026-07-09T14:04:53.372128+00:00,2026-07-09,v0.3-yf,ONTO,327.245,291.45,429578,12.28,,,,,price_band,0,
01dec762-5838-427d-9a92-2aaa54e6cf43,2026-07-09T14:04:53.372128+00:00,2026-07-09,v0.3-yf,ALNY,362.55,323.5,1853316,12.07,,,,,price_band,0,
9803001c-5b72-4f97-8865-b6ff18eee089,2026-07-09T14:04:53.372128+00:00,2026-07-09,v0.3-yf,IMOS,76.02,68.07,30363,11.65,,,,,price_band,0,
71d30a40-d3c7-4093-9098-d6a088c5aaf0,2026-07-09T14:04:53.372128+00:00,2026-07-09,v0.3-yf,FRVO,26.37,23.57,506938,11.91,,,,,price_band,0,
225cecf3-2fa8-49e3-bd99-5424dbb86f04,2026-07-09T14:04:53.372128+00:00,2026-07-09,v0.3-yf,ICHR,98.945,88.81,300716,11.41,,,,,price_band,0,
e394b8e6-841a-45c5-8033-46f5b71241c1,2026-07-09T14:04:53.372128+00:00,2026-07-09,v0.3-yf,TXG,41.575,37.47,430275,10.96,,,,,price_band,0,
dd0d6d86-4409-49f3-8d96-b32ca7f01362,2026-07-09T14:04:53.372128+00:00,2026-07-09,v0.3-yf,ASX,44.22,39.93,2133798,10.74,,,,,price_band,0,
5d008736-2a20-40e9-84c8-04d6db840afd,2026-07-09T14:04:53.372128+00:00,2026-07-09,v0.3-yf,KLAC,244.8017,221.18,2784542,10.68,,,,,price_band,0,
74d008c1-703e-48fc-973e-f08dd3598076,2026-07-09T14:04:53.372128+00:00,2026-07-09,v0.3-yf,ALGM,57.165,51.465,405196,11.08,,,,,price_band,0,
092ac156-889b-4046-a416-ac0bcab23986,2026-07-09T14:04:53.372128+00:00,2026-07-09,v0.3-yf,ARM,332.325,300.24,2086105,10.69,,,,,price_band,0,
0f5e5aec-879e-43f3-a01d-badfa9a9505b,2026-07-09T14:04:53.372128+00:00,2026-07-09,v0.3-yf,COHU,57.5,52.12,117758,10.32,,,,,price_band,0,
52bf85d8-8938-47df-bdec-5844b71e9df4,2026-07-09T14:04:53.372128+00:00,2026-07-09,v0.3-yf,MARA,13.285,12.02,14266300,10.53,,,,,price_band,0,
54da0e59-97d2-4125-ad71-1ef935b23d5a,2026-07-09T14:04:53.372128+00:00,2026-07-09,v0.3-yf,GLW,202.36,184.03,3565767,9.96,,,,,price_band,0,
bef74352-2e06-40b5-b6bc-cbb5d0ed3d1e,2026-07-09T14:04:53.372128+00:00,2026-07-09,v0.3-yf,FORM,122.775,111.59,339049,10.02,,,,,price_band,0,
41696561-9a51-4a0f-93b7-93e994487857,2026-07-09T14:04:53.372128+00:00,2026-07-09,v0.3-yf,ALHC,21.93,20.03,1251046,9.49,,,,,price_band,0,
6682b9d5-9ed8-477b-a97d-49c75c4f8f8e,2026-07-09T14:04:53.372128+00:00,2026-07-09,v0.3-yf,UCTT,110.25,100.91,440041,9.22,,,,,price_band,0,
41e6838d-2283-4325-8ea7-3a2e51c2ffbd,2026-07-09T14:04:53.372128+00:00,2026-07-09,v0.3-yf,SITM,669.69,612.13,80107,9.4,,,,,price_band,0,
ca7ec811-2999-4ffa-9446-97de1fe775fb,2026-07-09T14:04:53.372128+00:00,2026-07-09,v0.3-yf,ENTG,151.87,138.715,525675,9.48,,,,,price_band,0,
df7cce20-6bf4-482d-bd98-f8f1bc472a23,2026-07-09T14:04:53.372128+00:00,2026-07-09,v0.3-yf,AMAT,627.075,570.5,2443186,9.92,,,,,price_band,0,
dba186d7-b3a6-42dd-819c-206ff41d929e,2026-07-09T14:04:53.372128+00:00,2026-07-09,v0.3-yf,ACMR,107.45,98.07,347990,9.56,,,,,price_band,0,
dedea380-7ad5-49bd-b1a5-2e5754757d2b,2026-07-09T14:04:53.372128+00:00,2026-07-09,v0.3-yf,CIEN,480.41,440.97,463608,8.94,,,,,price_band,0,
9ee91dc6-8220-44b6-a4ed-bb4c96e495ef,2026-07-09T14:04:53.372128+00:00,2026-07-09,v0.3-yf,LRCX,365.18,333.15,2952099,9.61,,,,,price_band,0,
5cec6841-aa83-41da-ad26-5900d9ffe54c,2026-07-09T14:04:53.372128+00:00,2026-07-09,v0.3-yf,KLIC,113.46,104.23,116284,8.86,,,,,price_band,0,
95e70bad-8088-4b83-b6ad-be002adaebb0,2026-07-09T14:04:53.372128+00:00,2026-07-09,v0.3-yf,ALAB,429.98,393.16,774170,9.37,,,,,price_band,0,
5923e6da-7213-4c8c-8ffb-b899edb6f987,2026-07-09T14:04:53.372128+00:00,2026-07-09,v0.3-yf,AAOI,124.72,114.44,2411074,8.98,,,,,price_band,0,
bd826460-f366-4bf3-a784-fd2875b5ea09,2026-07-09T14:04:53.372128+00:00,2026-07-09,v0.3-yf,AMKR,72.97,66.91,993561,9.06,,,,,price_band,0,
0286da5d-2d93-4f16-8580-7f987838de72,2026-07-09T14:04:53.372128+00:00,2026-07-09,v0.3-yf,PENG,85.56,78.47,2028528,9.04,,,,,price_band,0,
4bcd3923-8bd6-48f9-b93b-5007d9455ecf,2026-07-09T14:04:53.372128+00:00,2026-07-09,v0.3-yf,WDC,600.92,550.3,1927477,9.2,,,,,price_band,0,
ec56c116-7c41-4671-ab5a-86a36977bd82,2026-07-09T14:04:53.372128+00:00,2026-07-09,v0.3-yf,STX,935.59,860.02,1164523,8.79,,,,,price_band,0,
427a9505-7a88-4608-b8e8-6d455059522a,2026-07-09T14:04:53.372128+00:00,2026-07-09,v0.3-yf,MXL,94.0599,86.05,644205,9.31,,,,,price_band,0,
679437af-a699-4f33-9e20-6e3dc0adcaa1,2026-07-09T14:04:53.372128+00:00,2026-07-09,v0.3-yf,WOLF,38.86,35.86,883659,8.37,,,,,price_band,0,
80f8d48c-a675-4ec4-87db-0719822f7624,2026-07-09T14:04:53.372128+00:00,2026-07-09,v0.3-yf,VECO,59.15,54.47,199144,8.59,,,,,price_band,0,
0f32de69-484e-4cce-a8c7-c60d7e202ff3,2026-07-09T14:04:53.372128+00:00,2026-07-09,v0.3-yf,RMBS,119.0439,109.64,325958,8.58,,,,,price_band,0,
b75a8a00-b38e-4290-918f-dc51358e6625,2026-07-09T14:04:53.372128+00:00,2026-07-09,v0.3-yf,OPEN,5.235,4.79,8199421,9.29,0.18,948847420,,,gap_lt_min,0,
aacf9828-daa0-41da-9a2f-7484d98cab34,2026-07-09T14:04:53.372128+00:00,2026-07-09,v0.3-yf,MU,1032.0,948.8,11971529,8.77,,,,,price_band,0,
14bc7bb8-5da9-41a8-ac76-22477cf43775,2026-07-09T14:04:53.372128+00:00,2026-07-09,v0.3-yf,PDFS,56.83,52.42,76504,8.41,,,,,price_band,0,
45685513-e00c-497e-8c67-dc12829619fd,2026-07-09T14:04:53.372128+00:00,2026-07-09,v0.3-yf,AG,17.195,15.8,3500264,8.83,,,,,price_band,0,
2650770e-e52e-4a02-bf77-332b28b18716,2026-07-09T14:04:53.372128+00:00,2026-07-09,v0.3-yf,ON,101.4,93.79,2332695,8.11,,,,,price_band,0,
5b435220-9c91-4600-9100-7484894b2477,2026-07-09T14:04:53.372128+00:00,2026-07-09,v0.3-yf,TER,379.33,351.57,721890,7.9,,,,,price_band,0,
b2fd6a61-8a20-49ff-8b41-81d576796de8,2026-07-09T14:04:53.372128+00:00,2026-07-09,v0.3-yf,VICR,283.97,263.16,99690,7.91,,,,,price_band,0,
8805f7d8-341f-4544-b2d7-70c9d135a581,2026-07-09T14:04:53.372128+00:00,2026-07-09,v0.3-yf,VSH,45.7,42.19,954507,8.32,,,,,price_band,0,
d3e5878d-741a-4639-85f3-ec0d5a652ae8,2026-07-09T14:04:53.372128+00:00,2026-07-09,v0.3-yf,SYNA,133.265,123.37,199639,8.02,,,,,price_band,0,
d01c5bcc-2abf-45c0-af89-2e5cfe7a0091,2026-07-09T14:04:53.372128+00:00,2026-07-09,v0.3-yf,SMTC,139.41,128.84,366053,8.2,,,,,price_band,0,
4edccbf8-b647-4419-bfb7-de750e71624d,2026-07-09T14:04:53.372128+00:00,2026-07-09,v0.3-yf,VIAV,43.82,40.7,376996,7.67,,,,,price_band,0,
a532195a-478b-4969-b6ff-3ee4f4598af0,2026-07-09T14:04:53.372128+00:00,2026-07-09,v0.3-yf,GH,168.145,156.17,670659,7.67,,,,,price_band,0,
bbe5a5c8-d1e7-4181-b6b4-55d4df4c9263,2026-07-09T14:04:53.372128+00:00,2026-07-09,v0.3-yf,AMD,557.895,517.405,6909520,7.83,,,,,price_band,0,
f68d1f8c-e261-44fc-9f64-1de1378b95fe,2026-07-09T14:04:53.372128+00:00,2026-07-09,v0.3-yf,FIX,1810.345,1684.94,99522,7.44,,,,,price_band,0,
d270b575-e594-4d00-99db-53d31dd55be9,2026-07-09T14:04:53.372128+00:00,2026-07-09,v0.3-yf,AXTI,65.0,60.12,2450214,8.12,,,,,price_band,0,
d0fd6f4d-18dd-4c0b-951b-4a3d6d329997,2026-07-09T14:04:53.372128+00:00,2026-07-09,v0.3-yf,STRL,710.96,660.72,73378,7.6,,,,,price_band,0,
ec8acad5-44ff-4cf4-bdf4-08ad315f373c,2026-07-09T14:04:53.372128+00:00,2026-07-09,v0.3-yf,MKSI,375.56,349.39,221297,7.49,,,,,price_band,0,
12e9b7aa-acc1-4efd-b3c5-91f528af62dd,2026-07-09T14:04:53.372128+00:00,2026-07-09,v0.3-yf,FLNC,16.41,15.34,3001170,6.98,,,,,price_band,0,
8f474a79-3c6d-4958-bf6b-078cc498cc7f,2026-07-09T14:04:53.372128+00:00,2026-07-09,v0.3-yf,SNDK,1858.2601,1727.18,3455209,7.59,,,,,price_band,0,
34b84c17-cf72-4716-abb2-31e9247bcff4,2026-07-09T14:04:53.372128+00:00,2026-07-09,v0.3-yf,NVTS,14.305,13.36,4371657,7.07,,,,,price_band,0,
026b3860-816a-42d5-b7e0-fa33d32f84d2,2026-07-09T14:04:53.372128+00:00,2026-07-09,v0.3-yf,CHRN,19.46,18.02,61742,7.99,,,,,price_band,0,
dcbbbfd2-971c-4922-91ff-108f9a697aae,2026-07-09T14:04:53.372128+00:00,2026-07-09,v0.3-yf,LSCC,141.95,132.48,95040,7.15,,,,,price_band,0,
7a22d3ab-e40a-400e-808c-6b2d237023d3,2026-07-09T14:04:53.372128+00:00,2026-07-09,v0.3-yf,FLEX,142.545,133.37,718400,6.88,,,,,price_band,0,
cef47c57-7be4-4cd1-a89b-ff929781e41f,2026-07-09T14:04:53.372128+00:00,2026-07-09,v0.3-yf,MRVL,248.75,231.71,6208099,7.35,,,,,price_band,0,
6d5cc890-24ef-4c33-8508-ad17b6e8aa24,2026-07-09T14:04:53.372128+00:00,2026-07-09,v0.3-yf,CAI,18.535,17.32,562390,7.02,,,,,price_band,0,
45080c7b-b970-43ad-bb1f-b88c81d540c7,2026-07-09T14:04:53.372128+00:00,2026-07-09,v0.3-yf,TBBK,67.275,63.03,103191,6.73,,,,,price_band,0,
e71095b1-6f21-4eb4-a150-7648ab533d6c,2026-07-09T14:04:53.372128+00:00,2026-07-09,v0.3-yf,SEZL,178.6,167.32,65992,6.74,,,,,price_band,0,
24173d8e-3f96-4d66-a9e5-f7c4b02c9333,2026-07-09T14:04:53.372128+00:00,2026-07-09,v0.3-yf,MTSI,326.105,305.23,172276,6.84,,,,,price_band,0,
88417a6f-38b5-43aa-b9ec-9f73a5a0ac20,2026-07-09T14:04:53.372128+00:00,2026-07-09,v0.3-yf,HYMC,22.25,20.79,247306,7.02,,,,,price_band,0,
0e526bbc-a750-4239-8a1c-cf75b086f8a0,2026-07-09T14:04:53.372128+00:00,2026-07-09,v0.3-yf,CBRS,193.83,181.72,1121692,6.66,,,,,price_band,0,
6240230b-f012-4300-9de2-6eacf195cebe,2026-07-09T14:04:53.372128+00:00,2026-07-09,v0.3-yf,SEDG,55.85,52.41,356792,6.56,,,,,price_band,0,
c095dae1-6a14-42f9-9f96-bd157e4f38e0,2026-07-09T14:04:53.372128+00:00,2026-07-09,v0.3-yf,TLN,392.0,367.88,64169,6.56,,,,,price_band,0,
54aaca26-f9b2-4d2d-8076-c2697389182b,2026-07-09T14:04:53.372128+00:00,2026-07-09,v0.3-yf,BAND,75.02,70.49,259157,6.43,,,,,price_band,0,
2d6b5360-7112-42cd-b26d-b9b1c19cf51b,2026-07-09T14:04:53.372128+00:00,2026-07-09,v0.3-yf,AEIS,312.05,293.64,68577,6.27,,,,,price_band,0,
b7c06857-db8f-4d15-baa0-cea4a4df5bb1,2026-07-09T14:04:53.372128+00:00,2026-07-09,v0.3-yf,ADPT,21.45,20.16,294290,6.4,,,,,price_band,0,
0f842db1-4e18-4707-8eeb-401ee273d3a4,2026-07-09T14:04:53.372128+00:00,2026-07-09,v0.3-yf,INIO,35.46,33.54,248468,5.72,,,,,price_band,0,
2ece5546-f1fe-42bf-bf9a-f87be84e00e2,2026-07-09T14:04:53.372128+00:00,2026-07-09,v0.3-yf,ENPH,45.675,43.02,1068133,6.17,,,,,price_band,0,
8218eedb-a184-4a1c-a7a8-a0db33335e5c,2026-07-09T14:04:53.372128+00:00,2026-07-09,v0.3-yf,NVMI,480.14,451.99,59270,6.23,,,,,price_band,0,
d0c6e313-e49f-4e3c-9cc3-8d64903ed2ac,2026-07-09T14:04:53.372128+00:00,2026-07-09,v0.3-yf,TTMI,153.985,145.29,255628,5.98,,,,,price_band,0,
569b3694-66b5-4e36-81ed-46bc2a99c186,2026-07-09T14:04:53.372128+00:00,2026-07-09,v0.3-yf,COHR,336.0,317.05,1225026,5.98,,,,,price_band,0,
745d7f1d-49ac-422b-bad7-23b8eb2ce079,2026-07-09T14:04:53.372128+00:00,2026-07-09,v0.3-yf,MBX,65.575,61.74,83219,6.21,,,,,price_band,0,
c06f4856-36d5-49bc-9123-2be2314d436f,2026-07-09T14:04:53.372128+00:00,2026-07-09,v0.3-yf,ACLS,143.5801,135.43,62303,6.02,,,,,price_band,0,
f123401f-1d52-4dc1-adc1-346b0932e242,2026-07-09T14:04:53.372128+00:00,2026-07-09,v0.3-yf,OUST,45.685,43.41,982153,5.24,,,,,price_band,0,
37f03114-3ec7-4ef0-9841-3f07ca182976,2026-07-09T14:04:53.372128+00:00,2026-07-09,v0.3-yf,CAMT,147.19,140.05,136877,5.1,,,,,price_band,0,
8bd771a2-ff78-4c2c-a6f8-31b60ed0c1ec,2026-07-09T14:04:53.372128+00:00,2026-07-09,v0.3-yf,ACHC,32.36,30.74,610076,5.27,,,,,price_band,0,
f533d5b4-22a4-47e8-b4c1-846c9ce53ac4,2026-07-09T14:04:53.372128+00:00,2026-07-09,v0.3-yf,TWST,94.56,89.38,275682,5.8,,,,,price_band,0,
24835775-5936-493f-a042-93016936a177,2026-07-09T14:04:53.372128+00:00,2026-07-09,v0.3-yf,IQMX,12.1875,11.47,229725,6.26,,,,,price_band,0,
f678ee70-7272-4585-9070-26e80c171141,2026-07-09T14:04:53.372128+00:00,2026-07-09,v0.3-yf,BTDR,13.3199,12.56,994610,6.05,,,,,price_band,0,
6c978344-4c68-4933-b868-3de6040ee4ea,2026-07-09T14:04:53.372128+00:00,2026-07-09,v0.3-yf,SIMO,331.2,313.3,167487,5.71,,,,,price_band,0,
ea9d4498-722a-4460-b7f6-e3db9f275f31,2026-07-09T14:04:53.372128+00:00,2026-07-09,v0.3-yf,MPWR,1391.22,1315.51,95178,5.76,,,,,price_band,0,
0a582bb3-de45-431c-8971-5c743d605be4,2026-07-09T14:04:53.372128+00:00,2026-07-09,v0.3-yf,EXK,8.1982,7.72,984614,6.19,0.14,295476664,,,gap_lt_min,0,
20a6c320-7ab3-4a61-8357-8d6610110039,2026-07-09T14:04:53.372128+00:00,2026-07-09,v0.3-yf,GFS,71.83,67.97,349872,5.68,,,,,price_band,0,
7916ecd4-47ed-4ab9-afe0-540e240a8b7c,2026-07-09T14:04:53.372128+00:00,2026-07-09,v0.3-yf,FDXF,151.435,143.3,111307,5.68,,,,,price_band,0,
13515d21-5896-4cbd-9c67-d4892c79a586,2026-07-09T14:04:53.372128+00:00,2026-07-09,v0.3-yf,POWI,70.2551,66.46,51105,5.71,,,,,price_band,0,
33add660-6610-4ebb-876c-6413351227f3,2026-07-09T14:04:53.372128+00:00,2026-07-09,v0.3-yf,NOK,12.615,11.95,20917763,5.56,,,,,price_band,0,
578b6207-d9e9-4830-b212-8a9f7bc3cdc2,2026-07-09T14:04:53.372128+00:00,2026-07-09,v0.3-yf,CECO,83.1,79.53,69215,4.49,,,,,price_band,0,
b163be27-e3ae-4dad-b151-f9c72f3b8c41,2026-07-09T14:04:53.372128+00:00,2026-07-09,v0.3-yf,ORCL,147.67,140.49,9938770,5.11,,,,,price_band,0,
009797b8-0202-43f4-9ffe-48904d951e1b,2026-07-09T14:04:53.372128+00:00,2026-07-09,v0.3-yf,TEM,60.54,57.27,783064,5.72,,,,,price_band,0,
163e6a64-ce11-442d-8784-c0fd5df9c227,2026-07-09T14:04:53.372128+00:00,2026-07-09,v0.3-yf,AMC,1.9252,1.91,5554422,0.8,0.14,570258963,,,gap_lt_min,0,
2252ac8e-8ef5-415d-86ed-61e69edd3efb,2026-07-09T14:04:53.372128+00:00,2026-07-09,v0.3-yf,HTZ,2.055,1.97,3768903,4.31,0.23,129112956,,,gap_lt_min,0,
f9a7dc8a-2a3e-44ec-89d0-6e11d2aeb57c,2026-07-09T14:04:53.372128+00:00,2026-07-09,v0.3-yf,KOS,2.25,2.29,794336,-1.75,,,,,quote_budget,0,
4a0ac12a-c2bd-444c-ac2d-d33e9fa88d21,2026-07-09T14:04:53.372128+00:00,2026-07-09,v0.3-yf,BBAI,3.285,3.31,2637489,-0.76,,,,,quote_budget,0,
041856ae-3e5b-41ab-ae1e-19e4c8edda23,2026-07-09T14:04:53.372128+00:00,2026-07-09,v0.3-yf,BYND,0.6753,0.6797,4052591,-0.65,,,,,quote_budget,0,
d8cf61ba-9788-4bc2-950e-65552d730d7d,2026-07-09T14:04:53.372128+00:00,2026-07-09,v0.3-yf,UWMC,2.045,2.03,1516209,0.74,0.07,286038351,,,gap_lt_min,0,
be0c9655-4658-4ef1-aa53-6dc15c18b899,2026-07-09T14:04:53.372128+00:00,2026-07-09,v0.3-yf,SPCE,2.695,2.65,1938181,1.7,0.06,99977647,,,gap_lt_min,0,
3cf7ce37-0144-409d-ab05-a85d66750301,2026-07-09T14:04:53.372128+00:00,2026-07-09,v0.3-yf,OPTU,1.385,1.35,1807805,2.59,0.17,261521300,,,gap_lt_min,0,
2ab42356-ec66-4566-acda-c45e80d9d77e,2026-07-09T14:04:53.372128+00:00,2026-07-09,v0.3-yf,SOC,4.355,4.12,1356635,5.7,0.18,111013174,,,gap_lt_min,0,
b2df0764-4990-483c-89f9-15f78658922c,2026-07-09T14:04:53.372128+00:00,2026-07-09,v0.3-yf,GOSS,0.173,0.169,997964,2.38,,,,,price_band,0,
b4e31d12-c355-4e5e-8bcb-cbdfba329d40,2026-07-09T14:04:53.372128+00:00,2026-07-09,v0.3-yf,GERN,1.58,1.56,1269600,1.28,0.09,535702089,,,gap_lt_min,0,
08b2e773-b183-4d79-b42b-2a1017a7b5a2,2026-07-09T14:04:53.372128+00:00,2026-07-09,v0.3-yf,WEN,7.395,7.45,1509239,-0.74,,,,,quote_budget,0,
1cfebd6c-95be-40e6-9eda-5447cfe182eb,2026-07-09T14:04:53.372128+00:00,2026-07-09,v0.3-yf,RXT,5.0,6.58,19991839,-24.01,,,,,quote_budget,0,
4d1f38ce-cf03-4616-97ec-51675c3f5720,2026-07-09T14:04:53.372128+00:00,2026-07-09,v0.3-yf,ALLO,2.13,2.12,678702,0.47,0.06,270625337,,,gap_lt_min,0,
301867d7-32be-4876-95e3-1d77e922fffa,2026-07-09T14:04:53.372128+00:00,2026-07-09,v0.3-yf,GT,6.59,6.5,628488,1.38,0.06,256288907,,,gap_lt_min,0,
1e8620f8-31d2-460e-b3f2-f19ba9c1dfd4,2026-07-09T14:04:53.372128+00:00,2026-07-09,v0.3-yf,AMPX,12.05,11.58,1013326,4.06,,,,,price_band,0,
c1d811ca-ba22-4d1e-8dd5-a1320a8a8a37,2026-07-09T14:04:53.372128+00:00,2026-07-09,v0.3-yf,CLVT,2.135,2.21,359342,-3.39,,,,,quote_budget,0,
f2b747a0-0833-40bd-bd12-7536c97cc117,2026-07-09T14:04:53.372128+00:00,2026-07-09,v0.3-yf,LAES,2.905,2.84,1295340,2.29,0.07,171546858,,,gap_lt_min,0,
18778c6b-d2f4-4259-a035-8596f81f8721,2026-07-09T14:04:53.372128+00:00,2026-07-09,v0.3-yf,SES,0.8345,0.8214,1133857,1.59,0.11,284817180,,,gap_lt_min,0,
491123a9-0855-490a-9d9a-2d14be788b2d,2026-07-09T14:04:53.372128+00:00,2026-07-09,v0.3-yf,LAC,3.595,3.58,742359,0.42,0.07,334271160,,,gap_lt_min,0,
4c7f09fb-32e1-4a4f-bdaf-30a8d29e7430,2026-07-09T14:04:53.372128+00:00,2026-07-09,v0.3-yf,COTY,2.1099,2.14,920929,-1.41,,,,,quote_budget,0,
bc2a5a58-51f6-4811-95ff-c6e52a7c9520,2026-07-09T14:04:53.372128+00:00,2026-07-09,v0.3-yf,SRFM,0.9249,0.8992,985929,2.86,0.13,77922029,,,gap_lt_min,0,
7eb6ddd2-03c1-439c-bb3e-29c97c17bc8f,2026-07-09T14:04:53.372128+00:00,2026-07-09,v0.3-yf,MFPVV,35.05,35.05,100372,0.0,,,,,price_band,0,
2f65df52-911c-4d56-be1a-286a68b61a73,2026-07-09T14:04:53.372128+00:00,2026-07-09,v0.3-yf,DXC,9.475,9.58,320947,-1.1,,,,,quote_budget,0,
60bf1778-098d-430a-8d3f-d515de51c52c,2026-07-09T14:04:53.372128+00:00,2026-07-09,v0.3-yf,BFLY,7.62,7.34,795538,3.81,0.11,192242249,,,gap_lt_min,0,
960b86b4-3f20-42d6-88aa-433f86ebc613,2026-07-09T14:04:53.372128+00:00,2026-07-09,v0.3-yf,CCO,2.405,2.41,555372,-0.21,,,,,quote_budget,0,
9de38198-6ea7-4a81-8994-018c14142fa1,2026-07-09T14:04:53.372128+00:00,2026-07-09,v0.3-yf,ANNX,5.955,5.96,160140,-0.08,0.05,129358599,,,gap_lt_min,0,
bf117e11-d497-44db-9482-2cb2d375bcd5,2026-07-09T14:04:53.372128+00:00,2026-07-09,v0.3-yf,PGEN,5.5702,5.56,259129,0.18,0.06,189660276,,,gap_lt_min,0,
2eefa79f-243d-41bb-a3e3-927c9237d2b9,2026-07-09T14:04:53.372128+00:00,2026-07-09,v0.3-yf,CABA,3.065,3.13,734177,-2.08,,,,,quote_budget,0,
bcd88e64-4f59-4ff6-a5c4-ad4245a91c37,2026-07-09T14:04:53.372128+00:00,2026-07-09,v0.3-yf,CMPS,13.86,13.965,487540,-0.75,,,,,price_band,0,
261e8a46-7015-4b87-81ed-eddbe7c24954,2026-07-09T14:04:53.372128+00:00,2026-07-09,v0.3-yf,BRBR,12.02,13.18,570599,-8.8,,,,,price_band,0,
37a03049-7893-483e-a293-fc74fcf5767e,2026-07-09T14:04:53.372128+00:00,2026-07-09,v0.3-yf,HUMA,0.7255,0.7332,1140788,-1.05,,,,,quote_budget,0,
455d2ea6-acda-4782-a44b-9293ebc56717,2026-07-09T14:04:53.372128+00:00,2026-07-09,v0.3-yf,ENVX,5.42,5.125,3717418,5.76,0.56,188476909,,,gap_lt_min,0,
292c8285-9bbd-40ef-927c-a9b811cbaa0f,2026-07-09T14:04:53.372128+00:00,2026-07-09,v0.3-yf,GTM,2.95,2.92,792406,1.03,0.06,215488985,,,gap_lt_min,0,
1781eb88-1fd8-4a84-930d-41e51714b2e2,2026-07-09T14:04:53.372128+00:00,2026-07-09,v0.3-yf,TMC,4.125,4.02,653257,2.61,0.11,248681930,,,gap_lt_min,0,
9b932f51-d2db-49a8-888f-572e8fd80ea2,2026-07-09T14:04:53.372128+00:00,2026-07-09,v0.3-yf,LAB,0.9008,0.8815,54161,2.19,0.01,209455918,,,gap_lt_min,0,
d7f0c78a-2f35-4606-b001-9590fbc4d47a,2026-07-09T14:04:53.372128+00:00,2026-07-09,v0.3-yf,GETY,0.7932,0.8217,296256,-3.47,,,,,quote_budget,0,
389a23aa-a911-44af-bc49-fde92ac18718,2026-07-09T14:04:53.372128+00:00,2026-07-09,v0.3-yf,ORC,6.745,6.74,670125,0.07,0.12,200322910,,,gap_lt_min,0,
1936d5b1-85c4-420c-a69d-4701ba65ca1a,2026-07-09T14:04:53.372128+00:00,2026-07-09,v0.3-yf,ACVA,6.935,6.99,137471,-0.79,,,,,quote_budget,0,
6fef57e0-d8b0-4718-a268-9282522cc273,2026-07-09T14:04:53.372128+00:00,2026-07-09,v0.3-yf,COUR,5.665,5.74,428026,-1.31,,,,,quote_budget,0,
a38b75df-3a30-491c-b32a-0e3c00a5e6b0,2026-07-09T14:04:53.372128+00:00,2026-07-09,v0.3-yf,HUN,11.07,11.3,335018,-2.04,,,,,price_band,0,
961860aa-cb17-4786-a471-a6a415adb70c,2026-07-09T14:04:53.372128+00:00,2026-07-09,v0.3-yf,FLO,8.12,8.37,807860,-2.99,,,,,quote_budget,0,
8dcd5ecd-3176-44e8-813a-b00a971cfb1a,2026-07-09T14:04:53.372128+00:00,2026-07-09,v0.3-yf,PSEC,2.2128,2.22,522851,-0.32,,,,,quote_budget,0,
265404e7-b2e5-4e06-86ac-98f76fc26cb3,2026-07-09T14:04:53.372128+00:00,2026-07-09,v0.3-yf,SLDP,2.375,2.38,454415,-0.21,,,,,quote_budget,0,
11afc745-0945-4006-aaeb-dbf5745840c6,2026-07-09T14:04:53.372128+00:00,2026-07-09,v0.3-yf,UAMY,6.72,6.68,662789,0.6,0.06,130281773,,,gap_lt_min,0,
1f28635d-aeb1-4613-8e2a-94675e7160eb,2026-07-09T14:04:53.372128+00:00,2026-07-09,v0.3-yf,LZ,7.055,7.28,190968,-3.09,,,,,quote_budget,0,
2ab07896-64d8-4248-8c19-b7844be2a776,2026-07-09T14:04:53.372128+00:00,2026-07-09,v0.3-yf,ABR,4.92,4.92,267653,0.0,,,,,quote_budget,0,
16a42e97-a01b-47d0-83cf-992d61dbf6d6,2026-07-09T14:04:53.372128+00:00,2026-07-09,v0.3-yf,IQ,1.095,1.05,628359,4.29,0.08,516965974,,,gap_lt_min,0,
2f785cd1-fa84-4fdf-b606-3d111b4ad30b,2026-07-09T14:04:53.372128+00:00,2026-07-09,v0.3-yf,NRGV,3.715,3.55,479697,4.65,0.09,143078223,,,gap_lt_min,0,
a3826eac-c4ca-4447-b437-7865677ffcd8,2026-07-09T14:04:53.372128+00:00,2026-07-09,v0.3-yf,TDOC,9.135,9.07,370208,0.72,0.08,179339752,,,gap_lt_min,0,
76d440aa-0979-484d-9d41-876823fbc167,2026-07-09T14:04:53.372128+00:00,2026-07-09,v0.3-yf,PUMP,12.73,12.92,115551,-1.47,,,,,price_band,0,
8c73f070-a368-4898-ae46-3d6176c62687,2026-07-09T14:04:53.372128+00:00,2026-07-09,v0.3-yf,BORR,4.415,4.53,569239,-2.54,,,,,quote_budget,0,
e95cbe31-3300-47ae-bf59-2da50adc5c14,2026-07-09T14:04:53.372128+00:00,2026-07-09,v0.3-yf,ARI,10.16,10.14,151390,0.2,,,,,price_band,0,
11cbcd29-c1b4-45d7-a9cc-8397548c3b34,2026-07-09T14:04:53.372128+00:00,2026-07-09,v0.3-yf,ASAN,7.19,7.08,937306,1.55,0.14,92104812,,,gap_lt_min,0,
13d9e740-05e4-42e9-b60d-099aeea4583a,2026-07-09T14:04:53.372128+00:00,2026-07-09,v0.3-yf,SG,7.85,7.85,345682,0.0,0.06,103118641,,,gap_lt_min,0,
fcf519d2-b678-4c8e-aeaa-b1ca1a200039,2026-07-09T14:04:53.372128+00:00,2026-07-09,v0.3-yf,GPRO,0.7971,0.7307,1632274,9.09,0.18,137389954,,,gap_lt_min,0,
962aac29-69b9-4bbc-8c6a-58b7da2e584f,2026-07-09T14:04:53.372128+00:00,2026-07-09,v0.3-yf,FMC,10.93,10.94,310945,-0.09,,,,,price_band,0,
4e5b5229-64a1-48f9-af5f-095ec79d1390,2026-07-09T14:04:53.372128+00:00,2026-07-09,v0.3-yf,BW,11.45,10.77,602724,6.3,,,,,price_band,0,
d9ab3c99-2f7c-43bd-82eb-d5a800b7a02b,2026-07-09T14:04:53.372128+00:00,2026-07-09,v0.3-yf,SABR,1.925,1.95,287150,-1.28,,,,,quote_budget,0,
2e565683-54f1-4840-9e3e-8044c8266e26,2026-07-09T14:04:53.372128+00:00,2026-07-09,v0.3-yf,KSS,16.31,15.89,287429,2.64,,,,,price_band,0,
eac67920-5ac9-4c52-9d80-c31abbe951d3,2026-07-09T14:04:53.372128+00:00,2026-07-09,v0.3-yf,AI,8.785,8.86,565905,-0.85,,,,,quote_budget,0,
47cecc88-6d7a-4983-b255-7a67cca8a07b,2026-07-09T14:04:53.372128+00:00,2026-07-09,v0.3-yf,WTI,3.5,3.59,734393,-2.51,,,,,quote_budget,0,
dbb86558-d91f-40f9-8522-8479c1b99efd,2026-07-09T14:04:53.372128+00:00,2026-07-09,v0.3-yf,DCH,5.065,5.09,217989,-0.49,,,,,quote_budget,0,
b412b218-fe19-474b-aa5a-1a3fb8271f73,2026-07-09T14:04:53.372128+00:00,2026-07-09,v0.3-yf,ABSI,11.77,11.1,1132838,6.04,,,,,price_band,0,
90159f70-3699-4007-9199-8e271098007d,2026-07-09T14:04:53.372128+00:00,2026-07-09,v0.3-yf,SECZ,7.4,7.41,245429,-0.13,0.09,148062745,,,gap_lt_min,0,
7b19a537-6f3a-454f-9fbe-b5776241c0a4,2026-07-09T14:04:53.372128+00:00,2026-07-09,v0.3-yf,CERT,6.635,6.54,184936,1.45,0.05,107283576,,,gap_lt_min,0,
0191a44a-d7f0-4e21-8ffc-8e368013fcb9,2026-07-09T14:04:53.372128+00:00,2026-07-09,v0.3-yf,TLRY,4.365,4.37,449497,-0.11,0.09,444060762,,,gap_lt_min,0,
eac21e0c-4254-42b5-9004-ba9ec6ed7630,2026-07-09T14:04:53.372128+00:00,2026-07-09,v0.3-yf,XRX,2.76,2.67,367709,3.37,0.05,119070912,,,gap_lt_min,0,
a7826fa0-c454-4bc4-957c-15253fb88e04,2026-07-09T14:04:53.372128+00:00,2026-07-09,v0.3-yf,CSIQ,15.33,14.75,502338,3.93,,,,,price_band,0,
87b22c99-68c2-4a7e-8a46-21a5b65e9937,2026-07-09T14:04:53.372128+00:00,2026-07-09,v0.3-yf,TNYA,0.9297,0.8799,887966,5.66,0.24,216072291,,,gap_lt_min,0,
8554fab3-4180-4f0a-a081-daccdc163fbb,2026-07-09T14:04:53.372128+00:00,2026-07-09,v0.3-yf,RWT,4.875,4.75,550883,2.63,0.26,122822727,,,gap_lt_min,0,
4e913876-c95d-44d6-812e-bb41e29c66c5,2026-07-09T14:04:53.372128+00:00,2026-07-09,v0.3-yf,NVAX,9.365,9.35,346137,0.16,0.07,141467758,,,gap_lt_min,0,
1c7ff58c-5810-44a8-98c3-47d9803449b8,2026-07-09T14:04:53.372128+00:00,2026-07-09,v0.3-yf,PRGO,10.59,10.52,102066,0.67,,,,,price_band,0,
17c098b7-1e7f-405e-8585-25e115689bd4,2026-07-09T14:04:53.372128+00:00,2026-07-09,v0.3-yf,FUN,18.65,18.66,115565,-0.05,,,,,price_band,0,
fb4024dc-26f0-4c41-a2bc-a9f396fe71ce,2026-07-09T14:04:53.372128+00:00,2026-07-09,v0.3-yf,PACB,1.625,1.5,885248,8.33,0.14,303830571,,,gap_lt_min,0,
e4ba2119-ed28-4355-9847-7b6b0838cb03,2026-07-09T14:04:53.372128+00:00,2026-07-09,v0.3-yf,REAL,10.495,10.47,110019,0.24,,,,,price_band,0,
bbd85b5d-70ed-43f3-aea8-9958eddb286c,2026-07-09T14:04:53.372128+00:00,2026-07-09,v0.3-yf,ARCO,8.21,8.18,1551510,0.37,1.16,120204340,,,gap_lt_min,0,
1d26f8e6-9309-4a19-82e6-67c86e9a3787,2026-07-09T14:04:53.372128+00:00,2026-07-09,v0.3-yf,TRIP,13.175,13.21,130374,-0.26,,,,,price_band,0,
99f1cd95-e403-4768-8971-715b7ad97672,2026-07-09T14:04:53.372128+00:00,2026-07-09,v0.3-yf,XERS,8.675,8.67,188973,0.06,,,,,quote_budget,0,
0694f607-0f74-4703-9b98-1a00273e7909,2026-07-09T14:04:53.372128+00:00,2026-07-09,v0.3-yf,CLNE,2.245,2.24,301155,0.22,0.21,174006090,,,gap_lt_min,0,
a38fbb0f-9c1e-46d0-aa84-bc878ea8ffe8,2026-07-09T14:04:53.372128+00:00,2026-07-09,v0.3-yf,IRWD,4.755,4.77,500892,-0.31,,,,,quote_budget,0,
09a35a7a-a15a-4506-82c6-c8eb097f7235,2026-07-09T14:04:53.372128+00:00,2026-07-09,v0.3-yf,TBLA,5.345,5.43,193879,-1.57,,,,,quote_budget,0,
62a311f0-07dc-4200-81b8-f72e85c383f7,2026-07-09T14:04:53.372128+00:00,2026-07-09,v0.3-yf,NCNO,17.125,17.34,123595,-1.24,,,,,price_band,0,
7d8cd1ba-6601-4d56-bb24-89928758ba6f,2026-07-09T14:04:53.372128+00:00,2026-07-09,v0.3-yf,SANA,3.965,3.98,264494,-0.38,,,,,quote_budget,0,
fd1435e5-7e13-48bd-b8bd-2548bf1891bd,2026-07-09T14:04:53.372128+00:00,2026-07-09,v0.3-yf,BAK,2.63,2.46,1059274,6.91,0.42,101153713,,,gap_lt_min,0,
2f5aa915-7fbc-4804-af05-e3c9ea8e7098,2026-07-09T14:04:53.372128+00:00,2026-07-09,v0.3-yf,ATEC,9.36,9.21,127757,1.63,0.04,121524309,,,gap_lt_min,0,
fdd41309-1de2-4391-ad10-7d2076734a42,2026-07-09T14:04:53.372128+00:00,2026-07-09,v0.3-yf,MIST,1.255,1.22,159155,2.87,0.1,116906674,,,gap_lt_min,0,
2f690b78-a9ab-43dd-a7a5-f01b64368b1a,2026-07-09T14:04:53.372128+00:00,2026-07-09,v0.3-yf,USA,5.855,5.845,145458,0.17,0.11,308219353,,,gap_lt_min,0,
28e81ae6-4869-4562-bb1d-6c53f692c08c,2026-07-09T14:04:53.372128+00:00,2026-07-09,v0.3-yf,CTMX,3.815,3.83,111147,-0.39,,,,,quote_budget,0,
fd20ad15-cd79-41bd-91bf-408c6d60aeea,2026-07-09T14:04:53.372128+00:00,2026-07-09,v0.3-yf,GENI,6.245,6.37,384227,-1.96,,,,,quote_budget,0,
4738d229-777d-4704-89e7-40bfe6774091,2026-07-09T14:04:53.372128+00:00,2026-07-09,v0.3-yf,ABUS,5.27,5.22,259388,0.96,0.12,121369144,,,gap_lt_min,0,
4854b3c4-93cb-48d2-aff5-12ebcdd5e99d,2026-07-09T14:04:53.372128+00:00,2026-07-09,v0.3-yf,BUR,4.21,4.27,109158,-1.41,,,,,quote_budget,0,
e3759f9c-3323-4ebd-8548-193d865856be,2026-07-09T14:04:53.372128+00:00,2026-07-09,v0.3-yf,DDD,3.0,2.97,252001,1.01,0.05,141261672,,,gap_lt_min,0,
00c01f52-f1be-4d22-8730-9cc1c274fa86,2026-07-09T14:04:53.372128+00:00,2026-07-09,v0.3-yf,LGO,0.7019,0.6857,106084,2.36,0.06,65446034,,,gap_lt_min,0,
7356b924-bf26-448a-9d37-231d069752e9,2026-07-09T14:04:53.372128+00:00,2026-07-09,v0.3-yf,GLOB,29.93,29.9,213760,0.1,,,,,price_band,0,
06b051cc-b9a6-4178-b0b5-30a2d8948f69,2026-07-09T14:04:53.372128+00:00,2026-07-09,v0.3-yf,DNUT,3.425,3.44,332503,-0.44,,,,,quote_budget,0,
dc36a0ad-d724-4430-95c1-f6ed9237d08d,2026-07-09T14:04:53.372128+00:00,2026-07-09,v0.3-yf,MBC,8.685,8.65,61528,0.4,0.02,112367910,,,gap_lt_min,0,
350090ec-6032-4242-a410-ceac6c94bb24,2026-07-09T14:04:53.372128+00:00,2026-07-09,v0.3-yf,ZVRA,14.61,14.75,107546,-0.95,,,,,price_band,0,
94699787-9de1-4fd5-84ca-17ce868fc29c,2026-07-09T14:04:53.372128+00:00,2026-07-09,v0.3-yf,CXM,5.4,5.42,284991,-0.37,,,,,quote_budget,0,
c771cd83-b6f0-4353-a37f-bfb14a55e74e,2026-07-09T14:04:53.372128+00:00,2026-07-09,v0.3-yf,NAT,5.755,6.06,444728,-5.03,,,,,quote_budget,0,
a639d7ea-2549-4554-8d99-245cf87a3166,2026-07-09T14:04:53.372128+00:00,2026-07-09,v0.3-yf,AAL,16.8678,16.52,3626976,2.11,,,,,price_band,0,
19423bfc-4d43-4a09-9bb6-d1dc67081b21,2026-07-09T14:04:53.372128+00:00,2026-07-09,v0.3-yf,INTC,115.78,110.24,24720157,5.03,,,,,price_band,0,
84bf7d76-8b29-4912-a27b-31570d588b42,2026-07-09T14:04:53.372128+00:00,2026-07-09,v0.3-yf,SOFI,18.175,17.73,8810047,2.51,,,,,price_band,0,
c3d98648-4a13-4bf3-b28d-911517d8b1eb,2026-07-09T14:04:53.372128+00:00,2026-07-09,v0.3-yf,TSLA,397.98,393.93,5561837,1.03,,,,,price_band,0,
a80b235f-e6e9-4cfe-9724-e994364ef8dc,2026-07-09T14:04:53.372128+00:00,2026-07-09,v0.3-yf,PATH,11.495,11.42,2659356,0.66,,,,,price_band,0,
5e789887-699d-478f-8bd2-b423db7f54f4,2026-07-09T14:04:53.372128+00:00,2026-07-09,v0.3-yf,VZ,41.985,42.45,3470912,-1.1,,,,,price_band,0,
7bf6c8cd-fd7a-455b-b25b-1fab4df15fce,2026-07-09T14:04:53.372128+00:00,2026-07-09,v0.3-yf,INFY,10.89,10.93,1722654,-0.37,,,,,price_band,0,
e62da14f-a8b3-430f-b365-ef3963ab5d5c,2026-07-09T14:04:53.372128+00:00,2026-07-09,v0.3-yf,PFE,24.195,24.05,3659383,0.6,,,,,price_band,0,
bec8350e-b469-4383-99c2-019ca1f9be53,2026-07-09T14:04:53.372128+00:00,2026-07-09,v0.3-yf,F,13.49,13.5,2414437,-0.07,,,,,price_band,0,
364b9401-8edd-41c1-beee-ef5f4f78b6a2,2026-07-09T14:04:53.372128+00:00,2026-07-09,v0.3-yf,VALE,14.11,14.05,2291956,0.43,,,,,price_band,0,
ab992c19-e7e0-41e4-8736-49bd3f0673b0,2026-07-09T14:04:53.372128+00:00,2026-07-09,v0.3-yf,FRSH,10.15,10.17,660408,-0.2,,,,,price_band,0,
61c47b1c-8dd9-4ab7-b7ad-b2c5d13fd959,2026-07-09T14:04:53.372128+00:00,2026-07-09,v0.3-yf,SMCI,29.0601,28.17,9894699,3.16,,,,,price_band,0,
1c6b823e-7ced-4928-ad8b-46c6730d2872,2026-07-09T14:04:53.372128+00:00,2026-07-09,v0.3-yf,TE,7.4283,7.35,4544358,1.07,0.14,194671701,,,gap_lt_min,0,
580ac529-542d-4b57-8951-a6ee09d9a016,2026-07-09T14:04:53.372128+00:00,2026-07-09,v0.3-yf,IREN,43.57,43.005,8849148,1.31,,,,,price_band,0,
0ae5c42c-c6e8-48bf-b466-3fb0260aeeeb,2026-07-09T14:04:53.372128+00:00,2026-07-09,v0.3-yf,FIG,21.525,21.67,2895299,-0.67,,,,,price_band,0,
1314518f-7652-40dd-85d7-9dc42bcc1c41,2026-07-09T14:04:53.372128+00:00,2026-07-09,v0.3-yf,SNAP,4.685,4.63,2497019,1.19,0.05,1078248333,,,gap_lt_min,0,
c4bde752-8020-4261-b7de-a345d3d26927,2026-07-09T14:04:53.372128+00:00,2026-07-09,v0.3-yf,ACHR,4.9199,4.84,2682767,1.65,0.06,642566744,,,gap_lt_min,0,
016b18d2-dc3a-42e8-a5b7-889d9c211b47,2026-07-09T14:04:53.372128+00:00,2026-07-09,v0.3-yf,RXRX,3.84,3.72,2999818,3.23,0.16,512969429,,,gap_lt_min,0,
907e437a-c78e-49ed-91f5-6f4f541fbfcc,2026-07-09T14:04:53.372128+00:00,2026-07-09,v0.3-yf,RIVN,17.8,16.66,12741438,6.84,,,,,price_band,0,
7d779fa0-682d-446e-992e-ad0c2580e4c2,2026-07-09T14:04:53.372128+00:00,2026-07-09,v0.3-yf,HBAN,17.6,17.46,1183889,0.8,,,,,price_band,0,
24d94ccf-5a63-4fea-ab1a-adc4c3898566,2026-07-09T14:04:53.372128+00:00,2026-07-09,v0.3-yf,ITUB,8.205,8.16,5533152,0.55,0.24,5850578173,,,gap_lt_min,0,
f27426a5-a4c2-47ef-939d-4683f6f1a161,2026-07-09T14:04:53.372128+00:00,2026-07-09,v0.3-yf,RKT,14.071,14.16,1601281,-0.63,,,,,price_band,0,
cdd56617-6441-4626-a892-8c262f674467,2026-07-09T14:04:53.372128+00:00,2026-07-09,v0.3-yf,CRWV,93.755,90.0,5664858,4.17,,,,,price_band,0,
80b33686-a89d-4e06-a16f-6b67904c5e26,2026-07-09T14:04:53.372128+00:00,2026-07-09,v0.3-yf,BB,11.5099,11.12,5057774,3.51,,,,,price_band,0,
35f81cad-755b-4678-ba6b-7e376167a952,2026-07-09T14:04:53.372128+00:00,2026-07-09,v0.3-yf,NOW,106.51,107.78,4369187,-1.18,,,,,price_band,0,
70fa48b3-8f53-4941-9872-7580f0ba28c6,2026-07-09T14:04:53.372128+00:00,2026-07-09,v0.3-yf,NIO,4.8085,4.9,7254446,-1.87,,,,,quote_budget,0,
fa341dda-2476-4afe-8f61-55585d77e900,2026-07-09T14:04:53.372128+00:00,2026-07-09,v0.3-yf,AUR,6.205,6.15,1364469,0.89,0.05,1318830629,,,gap_lt_min,0,
70298911-07be-4a3a-b07e-36da6a962f62,2026-07-09T14:04:53.372128+00:00,2026-07-09,v0.3-yf,NKE,42.515,42.89,1787364,-0.87,,,,,price_band,0,
9e0e7376-433b-4ceb-adc3-3ba75acf22b4,2026-07-09T14:04:53.372128+00:00,2026-07-09,v0.3-yf,RDW,10.5614,10.58,2499407,-0.18,,,,,price_band,0,
a826e45d-ffc2-49fc-8b5e-2c918630638a,2026-07-09T14:04:53.372128+00:00,2026-07-09,v0.3-yf,STLA,5.335,5.4,4570691,-1.2,,,,,quote_budget,0,
de4a9798-c09e-43d5-960f-b030eed41cd7,2026-07-09T14:04:53.372128+00:00,2026-07-09,v0.3-yf,ABEV,3.0398,3.02,5062332,0.66,0.19,4204712746,,,gap_lt_min,0,
b1882ad8-2157-4a1e-850f-272d5d87b735,2026-07-09T14:04:53.372128+00:00,2026-07-09,v0.3-yf,COMP,11.745,11.32,1093431,3.75,,,,,price_band,0,
a1d2e4e6-294a-4739-8933-333d1d80ab43,2026-07-09T14:04:53.372128+00:00,2026-07-09,v0.3-yf,RKLB,84.32,83.35,4293506,1.16,,,,,price_band,0,
37e17376-3d2a-4edc-8232-a0e9fa5b160c,2026-07-09T14:04:53.372128+00:00,2026-07-09,v0.3-yf,META,598.045,603.12,5491264,-0.84,,,,,price_band,0,
54c26e98-b495-4508-9820-342db696c787,2026-07-09T14:04:53.372128+00:00,2026-07-09,v0.3-yf,BTE,4.085,4.15,1462411,-1.57,,,,,quote_budget,0,
4094a30c-ca19-4377-b3e3-a2a6de27099f,2026-07-09T14:04:53.372128+00:00,2026-07-09,v0.3-yf,HPE,46.875,44.67,2344254,4.94,,,,,price_band,0,
83f816d5-4866-43c0-89a5-ef13f125d8ab,2026-07-09T14:04:53.372128+00:00,2026-07-09,v0.3-yf,XOM,138.14,141.13,1644175,-2.12,,,,,price_band,0,
f0db4ec7-bf5e-4add-91a3-88a0b9459603,2026-07-09T14:04:53.372128+00:00,2026-07-09,v0.3-yf,ESI,40.69,39.34,1116639,3.43,,,,,price_band,0,
e05e3dc7-8eb1-4555-97a5-afb543ff3699,2026-07-09T14:04:53.372128+00:00,2026-07-09,v0.3-yf,NBIS,222.26,216.48,4312811,2.67,,,,,price_band,0,
1439180e-1a98-4a9e-b81c-11f6bbd1d7bf,2026-07-09T14:04:53.372128+00:00,2026-07-09,v0.3-yf,DVN,42.39,43.31,658008,-2.12,,,,,price_band,0,
a2361ce2-06d7-4d64-b331-19d9c078c79b,2026-07-09T14:04:53.372128+00:00,2026-07-09,v0.3-yf,HAL,34.455,34.97,1051422,-1.47,,,,,price_band,0,
759eddd4-337d-43c7-8b2c-84a69181948d,2026-07-09T14:04:53.372128+00:00,2026-07-09,v0.3-yf,UMC,25.225,24.73,2305109,2.0,,,,,price_band,0,
