cal_id,stratum,ticker,cik,form,filing_date,items,accession,doc_url,text_file,text_sha256,text_tokens,truncated
V2-0001,v2_population,SUNE,0000022701,8-K,2024-02-05,"5.03,9.01",0000897101-24-000040,https://www.sec.gov/Archives/edgar/data/22701/000089710124000040/pegy240128_8k.htm,text/0000897101-24-000040.txt,204bfd4c424a9ebc59b1b668c592dcedd86182a77abfad68a34360d881a11e56,1171,0
V2-0002,v2_population,SUNE,0000022701,8-K,2024-02-05,"1.01,3.03,7.01,9.01",0000897101-24-000043,https://www.sec.gov/Archives/edgar/data/22701/000089710124000043/pegy240127_8k.htm,text/0000897101-24-000043.txt,5c8ad4598672cdc26910bdb536ecb19bf1ee6a6793effce72fb3f32dcf902dd0,3813,0
V2-0003,v2_population,SUNE,0000022701,8-K,2024-05-17,"1.01,3.01,3.02,3.03,5.03,9.01",0000897101-24-000187,https://www.sec.gov/Archives/edgar/data/22701/000089710124000187/pegy240554_8k.htm,text/0000897101-24-000187.txt,6a6041a8bca68860fc66b7bf3531b48dbcd7e03eb8c16ac0b595077678f0cd76,3800,0
V2-0004,v2_population,SUNE,0000022701,8-K,2024-05-22,"1.01,3.03,9.01",0000897101-24-000191,https://www.sec.gov/Archives/edgar/data/22701/000089710124000191/pegy240561_8k.htm,text/0000897101-24-000191.txt,30a96d82bcf5fe01c2ebfa88f1fc8a31f056eeac9dbce72a3722104bf0110d72,1381,0
V2-0005,v2_population,SUNE,0000022701,8-K,2024-06-17,"3.03,5.03,8.01,9.01",0000897101-24-000235,https://www.sec.gov/Archives/edgar/data/22701/000089710124000235/pegy240653_8k.htm,text/0000897101-24-000235.txt,8655d5ac883ea107eee32cc1c784a15f9fa7ed202fc7ce396b79cf3ca606e8a2,1489,0
V2-0006,v2_population,SUNE,0000022701,8-K,2024-07-25,"3.03,5.01,5.03,5.07,8.01,9.01",0000897101-24-000329,https://www.sec.gov/Archives/edgar/data/22701/000089710124000329/pegy240767_8k.htm,text/0000897101-24-000329.txt,66f711ef014abf20b14eb9efda9392ddec92648aa8548842032c6203506ca6a0,4752,0
V2-0007,v2_population,SUNE,0000022701,8-K,2024-09-09,"1.01,2.03,3.02,3.03,5.03,7.01,9.01",0000897101-24-000436,https://www.sec.gov/Archives/edgar/data/22701/000089710124000436/pegy240945_8k.htm,text/0000897101-24-000436.txt,f75395ca8343837b2b849850513f54247c7c8ab35423a9d7fbe570ee87c05bc6,4579,0
V2-0008,v2_population,SUNE,0000022701,8-K,2024-09-26,"1.01,2.03,5.03,9.01",0000897101-24-000476,https://www.sec.gov/Archives/edgar/data/22701/000089710124000476/pegy240998_8k.htm,text/0000897101-24-000476.txt,5c1139da88eca1e31c8d9065e1ff34715b3096e863d6081ddb67eb9ba0ed0315,2220,0
V2-0009,v2_population,SUNE,0000022701,8-K,2024-10-17,"1.01,3.03,5.03,7.01,9.01",0000897101-24-000537,https://www.sec.gov/Archives/edgar/data/22701/000089710124000537/pegy241094_8k.htm,text/0000897101-24-000537.txt,1f87279ae8b389180530584dfd3331dab1f4f68b1f46d85babd3e9279217619c,2039,0
V2-0010,v2_population,SUNE,0000022701,8-K,2024-11-19,"3.03,5.03,9.01",0000897101-24-000584,https://www.sec.gov/Archives/edgar/data/22701/000089710124000584/pegy241204_8k.htm,text/0000897101-24-000584.txt,7dffd6e43f7b82d485525fa3557c6388a73752200a1295e69e496b7ba7893fa4,1545,0
V2-0011,v2_population,AIFA,0001708341,8-K,2024-02-09,"1.01,3.01,5.03,7.01,9.01",0000929638-24-000492,https://www.sec.gov/Archives/edgar/data/1708341/000092963824000492/a8k.htm,text/0000929638-24-000492.txt,09f6b060b2df139ef97cd7613a9d3baeee7ed586fb46e5e51b0693140d750c07,7782,0
V2-0012,v2_population,AIFA,0001708341,8-K,2024-06-21,"1.02,5.03,8.01,9.01",0000929638-24-002244,https://www.sec.gov/Archives/edgar/data/1708341/000092963824002244/a8k.htm,text/0000929638-24-002244.txt,76d232bf86c85ce32552c4bb96c7a27646a87496490d4f2616f70be021562f62,2020,0
V2-0013,v2_population,TCRT,0001107421,8-K,2024-06-12,"3.03,5.03,5.07,9.01",0000950170-24-072534,https://www.sec.gov/Archives/edgar/data/1107421/000095017024072534/tcrt-20240606.htm,text/0000950170-24-072534.txt,64840135e1c923953d455ccd3eee0f975abb5076e9a35bf4ec87bdfe1f5ad4b8,3215,0
V2-0014,v2_population,TCRT,0001107421,8-K,2024-07-16,5.03,0000950170-24-083765,https://www.sec.gov/Archives/edgar/data/1107421/000095017024083765/tcrt-20240716.htm,text/0000950170-24-083765.txt,f872829730efeb4b61dbf86e42f914607887845d4b46c42e6e13ca4995460bc1,1473,0
V2-0015,v2_population,TCRT,0001107421,8-K/A,2024-07-17,"3.03,5.03,9.01",0000950170-24-084024,https://www.sec.gov/Archives/edgar/data/1107421/000095017024084024/tcrt-20240716.htm,text/0000950170-24-084024.txt,916693215b826d3c28a075752a114514768e76997656fc991152acabec0b44ce,1755,0
V2-0016,v2_population,LEDS,0001333822,8-K,2024-09-03,"5.03,5.07,9.01",0000950170-24-102555,https://www.sec.gov/Archives/edgar/data/1333822/000095017024102555/leds-20240829.htm,text/0000950170-24-102555.txt,35ae0a680f5e463c95e9d76b6f0e3a9d15a51d2489e86e558de2a8ab0a66d098,2231,0
V2-0017,v2_population,LEDS,0001333822,8-K,2024-09-05,"5.03,9.01",0000950170-24-103719,https://www.sec.gov/Archives/edgar/data/1333822/000095017024103719/leds-20240905.htm,text/0000950170-24-103719.txt,93071670764b9491fd29b0828ebf91b40eb3dd247d68aa750917ff9107753852,1068,0
V2-0018,v2_population,LEDS,0001333822,8-K/A,2024-10-16,"5.03,5.07,9.01",0000950170-24-114836,https://www.sec.gov/Archives/edgar/data/1333822/000095017024114836/leds-20240829.htm,text/0000950170-24-114836.txt,b3d20e68671f11e5af69b508263a6ccffdba6f61ca817251d9965c7f43fda8df,2410,0
V2-0019,v2_population,NXTT,0001784970,8-K,2024-04-03,"5.03,9.01",0001099910-24-000156,https://www.sec.gov/Archives/edgar/data/1784970/000109991024000156/nxtt_8k.htm,text/0001099910-24-000156.txt,03921b4c865d261844a5f85e22f905ee19a7f81a236ea6aac8a46a7ca6608e22,1228,0
V2-0020,v2_population,CYCU,0001868419,8-K,2024-01-11,"5.03,5.07,9.01",0001104659-24-003099,https://www.sec.gov/Archives/edgar/data/1868419/000110465924003099/tm243104d1_8k.htm,text/0001104659-24-003099.txt,d84759569f9b21011b9012621b86c62460ef4bae98ad2aced49f9817ee6dd89b,1632,0
V2-0021,v2_population,MOBX,0001855467,8-K,2024-01-23,"3.03,5.02,9.01",0001104659-24-005939,https://www.sec.gov/Archives/edgar/data/1855467/000110465924005939/tm242376d1_8k.htm,text/0001104659-24-005939.txt,67e358e83157d6b9b231c8a2db2e260f4555de55a0ccb5e056c4f0ab3b176777,3471,0
V2-0022,v2_population,JAGX,0001585608,8-K,2024-03-01,"1.01,2.03,3.02,5.03,9.01",0001104659-24-030064,https://www.sec.gov/Archives/edgar/data/1585608/000110465924030064/tm247635d1_8k.htm,text/0001104659-24-030064.txt,cfbe925fef6145e25466c55e34d8c755005ee50ce4ddb3ffbaa2066bd908f336,10113,0
V2-0023,v2_population,BCG,0001953984,8-K,2024-03-21,"1.01,2.01,3.01,3.02,3.03,4.01,5.01,5.02,5.03,5.06,9.01",0001104659-24-037410,https://www.sec.gov/Archives/edgar/data/1953984/000110465924037410/tm249347d1_8k.htm,text/0001104659-24-037410.txt,7905ceb5405961c3635603451cc705c615b4027d25916c0f5abecdf6efb3d765,14480,0
V2-0024,v2_population,BCG,0001953984,8-K/A,2024-03-22,"1.01,2.01,3.01,3.02,3.03,4.01,5.01,5.02,5.03,5.06,9.01",0001104659-24-037860,https://www.sec.gov/Archives/edgar/data/1953984/000110465924037860/tm249347d2_8ka.htm,text/0001104659-24-037860.txt,4793d2840fabd98bd31a26818d0a338ee59630ba29a7239b130949283b7d2760,14577,0
V2-0025,v2_population,KSCP,0001600983,8-K,2024-04-08,"5.03,5.07,9.01",0001104659-24-044733,https://www.sec.gov/Archives/edgar/data/1600983/000110465924044733/tm2411300d1_8k.htm,text/0001104659-24-044733.txt,d5878d49ce5eba024817312b6289721fb188c1d24973aefa2edcc55ffd5732da,1621,0
V2-0026,v2_population,CYCU,0001868419,8-K,2024-04-12,"5.03,5.07,9.01",0001104659-24-046553,https://www.sec.gov/Archives/edgar/data/1868419/000110465924046553/tm2411390d1_8k.htm,text/0001104659-24-046553.txt,0822c5f0ed9c0ae5a59007d56d369dea02c151527f31dec0f316636aa799eac9,1630,0
V2-0027,v2_population,DRIO,0001533998,8-K,2024-04-19,"5.03,9.01",0001104659-24-049443,https://www.sec.gov/Archives/edgar/data/1533998/000110465924049443/tm2412279d1_8k.htm,text/0001104659-24-049443.txt,c9d81de04906e7e1145bef8f3753afeb57f0f5aa3bf3f2293f302cff8d805cee,968,0
V2-0028,v2_population,CTSO,0001175151,8-K,2024-05-06,"5.03,9.01",0001104659-24-057514,https://www.sec.gov/Archives/edgar/data/1175151/000110465924057514/tm2413387d1_8k.htm,text/0001104659-24-057514.txt,2f20e00b17ec7520c046dadda840695514a2ce6ac1ac546cca9a6f9e9322ae5b,1412,0
V2-0029,v2_population,JAGX,0001585608,8-K,2024-05-23,"1.01,3.03,5.03,7.01,9.01",0001104659-24-064484,https://www.sec.gov/Archives/edgar/data/1585608/000110465924064484/tm2415080d1_8k.htm,text/0001104659-24-064484.txt,b2d82a46d97718f8658e1822bd251411b3e78935fe01f12a3e0c1c7bc929bba5,2973,0
V2-0030,v2_population,DRIO,0001533998,8-K,2024-06-28,"3.03,5.03,9.01",0001104659-24-076313,https://www.sec.gov/Archives/edgar/data/1533998/000110465924076313/tm2418444d1_8k.htm,text/0001104659-24-076313.txt,5fa814d5660c2ed129bf4af1decd324329d727d0e280a71d874195e219407738,1438,0
V2-0031,v2_population,CYCU,0001868419,8-K,2024-07-02,"5.03,5.07,9.01",0001104659-24-077413,https://www.sec.gov/Archives/edgar/data/1868419/000110465924077413/tm2418660d1_8k.htm,text/0001104659-24-077413.txt,a0903ab4fd757190956354f0dc8a93a08e33d16b90ac8c3c641acaad9c84f1ce,1625,0
V2-0032,v2_population,ACTU,0001652935,8-K,2024-08-14,"5.02,5.03,8.01,9.01",0001104659-24-089693,https://www.sec.gov/Archives/edgar/data/1652935/000110465924089693/tm2419022d1_8k.htm,text/0001104659-24-089693.txt,56e2b9f0be66c119410c5aa29de1ec0bf7b4860e295d8d9a5ef2cb70c04ef7d7,2565,0
V2-0033,v2_population,DRIO,0001533998,8-K,2024-09-13,"3.03,5.03,9.01",0001104659-24-099762,https://www.sec.gov/Archives/edgar/data/1533998/000110465924099762/tm2418444d1_8k.htm,text/0001104659-24-099762.txt,6c4e5d7dd3fdb367a7de529f9eec7a28d02eb07de77d318664112d631d528633,1311,0
V2-0034,v2_population,KSCP,0001600983,8-K,2024-09-16,"5.03,9.01",0001104659-24-099977,https://www.sec.gov/Archives/edgar/data/1600983/000110465924099977/tm2423897d1_8k.htm,text/0001104659-24-099977.txt,bbc7bd56437863ec1677f6f74a7005e24c5bcc3148b322111ee3bff941bb7961,1988,0
V2-0035,v2_population,CYCU,0001868419,8-K,2024-10-10,"5.03,5.07,9.01",0001104659-24-107519,https://www.sec.gov/Archives/edgar/data/1868419/000110465924107519/tm2425759d2_8k.htm,text/0001104659-24-107519.txt,b69eeca1b55983ab2bd8327b76c7fb88959de3a5f9687d6c05d2ce77cec134e3,1630,0
V2-0036,v2_population,BCG,0001953984,8-K,2024-12-26,"1.01,1.02,2.03,3.03,9.01",0001104659-24-131438,https://www.sec.gov/Archives/edgar/data/1953984/000110465924131438/tm2431922d1_8k.htm,text/0001104659-24-131438.txt,9f38cfb077f1f72818940d27dfb67bd18a34b64820e9e7a8865483e2f7290665,3512,0
V2-0037,v2_population,NUWE,0001506492,8-K,2024-06-26,"3.03,5.03,7.01,9.01",0001140361-24-031389,https://www.sec.gov/Archives/edgar/data/1506492/000114036124031389/ef20031638_8k.htm,text/0001140361-24-031389.txt,287831839e983185d5b9a4b44a08336d4b9c06f78b4297c0395b8eda27eeb11d,2046,0
V2-0038,v2_population,ADGM,0002006986,8-K,2024-08-06,"1.01,2.01,3.02,3.03,5.01,5.02,5.03,5.05,5.06,7.01,9.01",0001140361-24-035942,https://www.sec.gov/Archives/edgar/data/2006986/000114036124035942/ef20033584_8k.htm,text/0001140361-24-035942.txt,95ad113f455f799bac112c6b787d3aa8579863940626f66182b9ac4b088d69ae,30000,1
V2-0039,v2_population,NUWE,0001506492,8-K,2024-11-07,"1.01,3.02,3.03,8.01,9.01",0001140361-24-045441,https://www.sec.gov/Archives/edgar/data/1506492/000114036124045441/ef20038165_8k.htm,text/0001140361-24-045441.txt,f66e16e11ee4d244060faf1cd71d850f0e4bc739d6af87ebc6f6a819f4317b95,3055,0
V2-0040,v2_population,CNET,0001376321,8-K,2024-09-30,"3.03,5.03,9.01",0001171843-24-005410,https://www.sec.gov/Archives/edgar/data/1376321/000117184324005410/f8k_093024.htm,text/0001171843-24-005410.txt,b7693edb97e2631ee3894e95c3fb05281def1c4f6c0c0ca476e3440b00ae764c,2033,0
V2-0041,v2_population,BENF,0001775734,8-K,2024-02-06,"3.02,3.03,5.03,9.01",0001193125-24-025322,https://www.sec.gov/Archives/edgar/data/1775734/000119312524025322/d72720d8k.htm,text/0001193125-24-025322.txt,4b6f1da4c5f2c749590dd82f8ccd9432779bad013e74a7cde268e02c21cdbf53,5590,0
V2-0042,v2_population,BENF,0001775734,8-K,2024-03-28,"3.01,3.02,3.03,5.03,9.01",0001193125-24-080758,https://www.sec.gov/Archives/edgar/data/1775734/000119312524080758/d816554d8k.htm,text/0001193125-24-080758.txt,391d32d15bd4510b244687940e1b10f7e94380cfca713b1906708bf90fe93b45,5272,0
V2-0043,v2_population,AGEN,0001098972,8-K,2024-04-05,"5.03,5.07,9.01",0001193125-24-088492,https://www.sec.gov/Archives/edgar/data/1098972/000119312524088492/d805485d8k.htm,text/0001193125-24-088492.txt,ad51f96586876b8c9ec92f9a2b1793948cb84d61978763c23ee90a0547f5fea1,1465,0
V2-0044,v2_population,BENF,0001775734,8-K,2024-04-16,"1.01,3.03,5.03,7.01,9.01",0001193125-24-097050,https://www.sec.gov/Archives/edgar/data/1775734/000119312524097050/d774956d8k.htm,text/0001193125-24-097050.txt,2f61137a87ec74ee766404c50df47014a61dd64c7d98738f4a946988f325e324,3811,0
V2-0045,v2_population,INAB,0001740279,8-K,2024-10-01,"1.01,3.02,3.03,9.01",0001193125-24-230283,https://www.sec.gov/Archives/edgar/data/1740279/000119312524230283/d895981d8k.htm,text/0001193125-24-230283.txt,bcf9a6b123c4b3067d40230137d0d22c996b727e5a6b704f0ee304d80028941c,3743,0
V2-0046,v2_population,TPST,0001544227,8-K,2024-10-10,"1.01,3.03,8.01,9.01",0001193125-24-235598,https://www.sec.gov/Archives/edgar/data/1544227/000119312524235598/d877681d8k.htm,text/0001193125-24-235598.txt,81f28f377bfc30d43466740861a006d60d605225184c10406acaf2343338d528,3160,0
V2-0047,v2_population,TPST,0001544227,8-K,2024-12-06,"1.01,3.03,5.07,9.01",0001193125-24-272464,https://www.sec.gov/Archives/edgar/data/1544227/000119312524272464/d899818d8k.htm,text/0001193125-24-272464.txt,bb531ba5dc2b5f4c9a63c24dcf7ab8cb2c2b6868b0e905636cedcf8affffde9f,1555,0
V2-0048,v2_population,STIM,0001227636,8-K,2024-12-10,"1.01,2.01,3.02,5.02,5.03,8.01,9.01",0001193125-24-274383,https://www.sec.gov/Archives/edgar/data/1227636/000119312524274383/d897369d8k.htm,text/0001193125-24-274383.txt,adddc0b7a5aa8293aad8bfffe33e35d4c12a9b10ac8aa76c2ad1aa4889fe4a16,5476,0
V2-0049,v2_population,TCRT,0001107421,8-K,2024-02-01,"5.03,9.01",0001193805-24-000111,https://www.sec.gov/Archives/edgar/data/1107421/000119380524000111/e619211_8k-at.htm,text/0001193805-24-000111.txt,07ef8fd8e03688858f4282e0edb34dd88129562eebfefc50bbcf5eccffd37aa9,1481,0
V2-0050,v2_population,DFNS,0001787518,8-K,2024-01-02,"1.01,2.01,3.03,5.01,5.02,5.03,5.06,7.01,9.01",0001213900-24-000318,https://www.sec.gov/Archives/edgar/data/1787518/000121390024000318/ea190904-8k_nukkleus.htm,text/0001213900-24-000318.txt,e6f2844f1d288db6b1f002213f7a442836077d6c14ba5d2f8e40299c3bc5d434,13754,0
V2-0051,v2_population,JSPR,0001788028,8-K,2024-01-04,"3.03,5.03,9.01",0001213900-24-000980,https://www.sec.gov/Archives/edgar/data/1788028/000121390024000980/ea191024-8k_jasper.htm,text/0001213900-24-000980.txt,8f0d01fe71cf3d8d8317d7eeb21267d534caa5327a846159d1becd119150b4b0,2417,0
V2-0052,v2_population,AIFA,0001708341,8-K,2024-01-09,"5.03,9.01",0001213900-24-002300,https://www.sec.gov/Archives/edgar/data/1708341/000121390024002300/ea191335-8k_alliedgaming.htm,text/0001213900-24-002300.txt,a6f28bdb8d115801607d25c4d934762377b4e83e4b49f417b0acef154073b2bb,1206,0
V2-0053,v2_population,GXAI,0001895618,8-K,2024-01-10,"5.03,9.01",0001213900-24-002754,https://www.sec.gov/Archives/edgar/data/1895618/000121390024002754/ea191482-8k_gaxosaiinc.htm,text/0001213900-24-002754.txt,9fb503418d845c5d4ce82ea803dfc431286da0fdd4a327b92cda56135da9e4d1,1335,0
V2-0054,v2_population,REBN,0001707910,8-K,2024-01-16,"1.01,3.02,5.03,7.01,9.01",0001213900-24-003761,https://www.sec.gov/Archives/edgar/data/1707910/000121390024003761/ea191660-8k_reborncoffee.htm,text/0001213900-24-003761.txt,d813a3ada183cda1c2ff72ee0bcef163221fab8451b38d883f27f6b9d1187ba1,2615,0
V2-0055,v2_population,FFAI,0001805521,8-K,2024-02-07,"3.03,5.03,5.07,9.01",0001213900-24-010694,https://www.sec.gov/Archives/edgar/data/1805521/000121390024010694/ea192788-8k_faraday.htm,text/0001213900-24-010694.txt,2e5658fc61c9ec0908f472697d8908197013219447f29d359da93ef806de43f1,3125,0
V2-0056,v2_population,BRLS,0001852973,8-K,2024-02-13,"1.01,2.01,2.02,3.02,3.03,4.01,5.01,5.02,5.03,5.05,5.06,7.01,9.01",0001213900-24-013332,https://www.sec.gov/Archives/edgar/data/1852973/000121390024013332/ea193378-8k_borealis.htm,text/0001213900-24-013332.txt,07dc2125bd039ca5cd7ac086a120c6893bf1560ce10754acce17eaaed8a9540b,24215,0
V2-0057,v2_population,SGLY,0001422892,8-K,2024-02-15,"3.03,5.03,8.01,9.01",0001213900-24-014317,https://www.sec.gov/Archives/edgar/data/1422892/000121390024014317/ea193833-8k_singularity.htm,text/0001213900-24-014317.txt,88339217d7a76f42b00327832d5d287580f036e13608cf5607098b7407197649,1623,0
V2-0058,v2_population,FFAI,0001805521,8-K,2024-02-26,"3.03,5.03,7.01,8.01,9.01",0001213900-24-016665,https://www.sec.gov/Archives/edgar/data/1805521/000121390024016665/ea0200677-8k_faraday.htm,text/0001213900-24-016665.txt,18e0020bca465aeae2bf75d0acd9e8f0d90e4cfb668aed5791b9f60170c902b5,3127,0
V2-0059,v2_population,GXAI,0001895618,8-K,2024-03-11,"5.03,8.01,9.01",0001213900-24-021390,https://www.sec.gov/Archives/edgar/data/1895618/000121390024021390/ea0201554-8k_gaxosaiinc.htm,text/0001213900-24-021390.txt,c5ca00afafb82cd5ffef147127bcaa5df6b2285bd16a46d2cb853af7e85d94ef,1533,0
V2-0060,v2_population,PFSA,0001859807,8-K,2024-03-26,"5.02,5.03,5.07,8.01,9.01",0001213900-24-025755,https://www.sec.gov/Archives/edgar/data/1859807/000121390024025755/ea0202396-8k_northview.htm,text/0001213900-24-025755.txt,78ffed21a30b66caf971588017a3deaca59e1009bb3086eab414511d474ea185,2799,0
V2-0061,v2_population,BRLS,0001852973,8-K/A,2024-04-15,"1.01,2.01,2.02,3.02,3.03,4.01,5.01,5.02,5.03,5.05,5.06,7.01,9.01",0001213900-24-032971,https://www.sec.gov/Archives/edgar/data/1852973/000121390024032971/ea0203428-8ka1_borealis.htm,text/0001213900-24-032971.txt,f8b17cb4de4e430181fab490514c0881a3466b3e3a79212fbc485e5dc53a703e,25654,0
V2-0062,v2_population,OLOX,0001023994,8-K,2024-05-02,"3.03,5.03,9.01",0001213900-24-038744,https://www.sec.gov/Archives/edgar/data/1023994/000121390024038744/ea0205060-8k_safegreen.htm,text/0001213900-24-038744.txt,e3f7d360d57c056099768ff31d896b2bafd6a4623c5a9474f16a6cbc4c28bdcc,1620,0
V2-0063,v2_population,PLAG,0001117057,8-K,2024-05-15,"3.03,9.01",0001213900-24-043554,https://www.sec.gov/Archives/edgar/data/1117057/000121390024043554/ea0206063-8k_planet.htm,text/0001213900-24-043554.txt,1faf33ff690e30aa48fa151929c5e65382eb9f18334c2d193a947b2cbfb7c55d,1942,0
V2-0064,v2_population,BJDX,0001704287,8-K,2024-05-16,"5.03,5.07,9.01",0001213900-24-044034,https://www.sec.gov/Archives/edgar/data/1704287/000121390024044034/ea020636401-8k_bluejay.htm,text/0001213900-24-044034.txt,187fea0674d6af02df7cb617e7fd25e657ed270434cbbae4e80d45f85d28a01e,2036,0
V2-0065,v2_population,RKTO,0001711786,8-K,2024-06-17,"5.03,9.01",0001213900-24-053359,https://www.sec.gov/Archives/edgar/data/1711786/000121390024053359/ea0207966-8k_hoththera.htm,text/0001213900-24-053359.txt,3efacce2a33696c40c3e1d5ee43ef3eb5b79334a97c3868b537d11225e039f4d,1043,0
V2-0066,v2_population,CIRC,0001605888,8-K,2024-06-18,"1.01,5.03,9.01",0001213900-24-053783,https://www.sec.gov/Archives/edgar/data/1605888/000121390024053783/ea0208025-8k_atlantic.htm,text/0001213900-24-053783.txt,23093f7de4f9fd82e61ed636052e8623913cc8174b35bad6ab69699cb3476643,1540,0
V2-0067,v2_population,BJDX,0001704287,8-K,2024-06-20,"3.03,5.03,5.07,8.01,9.01",0001213900-24-054284,https://www.sec.gov/Archives/edgar/data/1704287/000121390024054284/ea0208068-8k_bluejay.htm,text/0001213900-24-054284.txt,dfa36fd046cb0334418cac58bfab99d8a679a0751baae6ca97d1b638f2180452,2341,0
V2-0068,v2_population,VEEA,0001840317,8-K,2024-06-21,"5.03,5.07,9.01",0001213900-24-054801,https://www.sec.gov/Archives/edgar/data/1840317/000121390024054801/ea0208072-8k425_plum1.htm,text/0001213900-24-054801.txt,ec4d580e7056cc429b47492d07a53957addd27608d67c1b3fceec730ba281fec,2121,0
V2-0069,v2_population,FFAI,0001805521,8-K,2024-06-25,"1.01,3.02,3.03,4.01,5.03,7.01,9.01",0001213900-24-055365,https://www.sec.gov/Archives/edgar/data/1805521/000121390024055365/ea0208352-8k_faraday.htm,text/0001213900-24-055365.txt,b0f8379b23e4bcf2430a9511a53b0df0fd904a9d9c14bc356fdd3f37084c48d4,4552,0
V2-0070,v2_population,PRPL,0001643953,8-K,2024-06-28,"1.01,5.03,9.01",0001213900-24-056855,https://www.sec.gov/Archives/edgar/data/1643953/000121390024056855/ea0208641-8k_purple.htm,text/0001213900-24-056855.txt,fea278f0d1d486737d36ececf6accdd77e22b08dbd7dc310f2f5a9347658f748,5300,0
V2-0071,v2_population,FFAI,0001805521,8-K,2024-08-01,"3.03,5.02,5.03,5.07,9.01",0001213900-24-064185,https://www.sec.gov/Archives/edgar/data/1805521/000121390024064185/ea0210395-8k_faraday.htm,text/0001213900-24-064185.txt,092afd02fb74ff05374f76fcf95734a558ec79db8454f5dd3242d05c1fc25fc3,3582,0
V2-0072,v2_population,FFAI,0001805521,8-K,2024-08-15,"3.03,5.03,7.01,8.01,9.01",0001213900-24-069327,https://www.sec.gov/Archives/edgar/data/1805521/000121390024069327/ea0211502-8k_faraday.htm,text/0001213900-24-069327.txt,0374182a187a153e7e91338a1f88e94a6b220b329caf6e6991ee88c4a223dd8a,3051,0
V2-0073,v2_population,CTOR,0001851484,8-K,2024-08-16,"1.01,2.01,3.02,3.03,4.01,5.01,5.02,5.03,5.06,9.01",0001213900-24-070335,https://www.sec.gov/Archives/edgar/data/1851484/000121390024070335/ea0211423-8k_citius.htm,text/0001213900-24-070335.txt,a93c8f2847fa334451f9a176cf0e8648f78a6be78ade8201c8c3e6ea1bfe8872,15059,0
V2-0074,v2_population,BJDX,0001704287,8-K,2024-08-28,"3.01,5.03,8.01,9.01",0001213900-24-073437,https://www.sec.gov/Archives/edgar/data/1704287/000121390024073437/ea0212465-8k_bluejay.htm,text/0001213900-24-073437.txt,7b716cd7481e40393ad46185b6b27de736fe11549d74fd2b1384f067a5e41965,2348,0
V2-0075,v2_population,TNON,0001560293,8-K/A,2024-09-10,"1.01,3.02,5.03,9.01",0001213900-24-077047,https://www.sec.gov/Archives/edgar/data/1560293/000121390024077047/ea0213998-8ka1_tenon.htm,text/0001213900-24-077047.txt,2af8501efaa4609b58dbc303f1ecc5178a6b569f7d7207589040d066d70999d8,3819,0
V2-0076,v2_population,CIRC,0001605888,8-K,2024-09-16,"1.01,3.03,9.01",0001213900-24-079021,https://www.sec.gov/Archives/edgar/data/1605888/000121390024079021/ea0214681-8k_atlantic.htm,text/0001213900-24-079021.txt,dd13f10d44c1e5dda3d6b3111e491ec70efbc32f723b2eacd7181fcf282e8a77,1640,0
V2-0077,v2_population,PFSA,0001859807,8-K,2024-09-23,"5.02,5.03,5.07,9.01",0001213900-24-081044,https://www.sec.gov/Archives/edgar/data/1859807/000121390024081044/ea0215144-8k_northview.htm,text/0001213900-24-081044.txt,8eb402a93a8925742ea8f2de240d326692b5130710cb69b9351b51a4297a6f01,2668,0
V2-0078,v2_population,VEEA,0001840317,8-K,2024-09-24,"1.01,2.01,3.02,3.03,4.01,5.01,5.02,5.06,8.01,9.01",0001213900-24-081217,https://www.sec.gov/Archives/edgar/data/1840317/000121390024081217/ea0214727-8k_veeainc.htm,text/0001213900-24-081217.txt,7ee3da9268c2146a69c4e23627b4aa28d4c4cb390265e6a23a7bce55a7de5e13,30000,1
V2-0079,v2_population,IMMR,0001058811,8-K,2024-09-27,5.03,0001213900-24-082748,https://www.sec.gov/Archives/edgar/data/1058811/000121390024082748/immr-20240927.htm,text/0001213900-24-082748.txt,9688c94482933c3b2c250a5182d42edb0c95edd06c33d3ceb0c87bea1d6675ad,918,0
V2-0080,v2_population,RDAC,0002018145,8-K,2024-10-15,"1.01,3.02,5.03,8.01,9.01",0001213900-24-087860,https://www.sec.gov/Archives/edgar/data/2018145/000121390024087860/ea0217642-8k_rising.htm,text/0001213900-24-087860.txt,5cb82dfb51dd45675671ea83d47965330f91a95f4450dc999210e31c83d5d59e,2561,0
V2-0081,v2_population,PRPL,0001643953,8-K,2024-10-16,"3.03,5.03,5.07,9.01",0001213900-24-088161,https://www.sec.gov/Archives/edgar/data/1643953/000121390024088161/ea0217250-8k_purple.htm,text/0001213900-24-088161.txt,b701ba5dbd3e35eb591ea7fbf50c26d7b84217d91e617583b3f59f1ca8b1ab2c,2391,0
V2-0082,v2_population,BJDX,0001704287,8-K,2024-10-16,"5.03,9.01",0001213900-24-088196,https://www.sec.gov/Archives/edgar/data/1704287/000121390024088196/ea0217797-8k_bluejay.htm,text/0001213900-24-088196.txt,44e15fc1485c6f000b4324c888575bcb454b7a41730c93612c7d1b76f05f76d1,1009,0
V2-0083,v2_population,DFNS,0001787518,8-K,2024-10-18,"3.03,5.03,5.07,9.01",0001213900-24-088707,https://www.sec.gov/Archives/edgar/data/1787518/000121390024088707/ea0217904-8k_nukkleus.htm,text/0001213900-24-088707.txt,b950b3b5f3009e23f950c3c6fbed30bd7fd26d50400892deea53a08326301084,3430,0
V2-0084,v2_population,HCTI,0001839285,8-K,2024-10-25,"1.01,2.03,2.04,3.02,5.03,9.01",0001213900-24-090797,https://www.sec.gov/Archives/edgar/data/1839285/000121390024090797/ea0218708-8k_health.htm,text/0001213900-24-090797.txt,519ab39def85b3c6c391bc3247439929e59bb8bdbeef0ad6f7ea6048ea524fc5,3214,0
V2-0085,v2_population,DFNS,0001787518,8-K,2024-11-12,"1.01,3.02,5.02,5.03,8.01,9.01",0001213900-24-096884,https://www.sec.gov/Archives/edgar/data/1787518/000121390024096884/ea0220596-8k_nukkleus.htm,text/0001213900-24-096884.txt,23b8e412fa3108e9ad5178fe144359aa919a7166e99803c6f6891909e14c2c73,3520,0
V2-0086,v2_population,BJDX,0001704287,8-K,2024-11-18,"3.03,5.03,5.07,8.01,9.01",0001213900-24-099327,https://www.sec.gov/Archives/edgar/data/1704287/000121390024099327/ea0221348-8k_bluejay.htm,text/0001213900-24-099327.txt,ae53b725b375f9572dafae646278d4ca3b5ff7c0906907a872503e412ce08336,2273,0
V2-0087,v2_population,CTXR,0001506251,8-K,2024-11-26,"3.03,5.03,8.01,9.01",0001213900-24-102833,https://www.sec.gov/Archives/edgar/data/1506251/000121390024102833/ea0222380-8k_citius.htm,text/0001213900-24-102833.txt,568350f2af95386a79e96c911d307d542fb0a4c3f529287f668a00ffbd2e68ce,1814,0
V2-0088,v2_population,ESLA,0001844417,8-K,2024-11-26,"5.03,9.01",0001213900-24-102899,https://www.sec.gov/Archives/edgar/data/1844417/000121390024102899/ea0222615-8k_estrella.htm,text/0001213900-24-102899.txt,ec75c5222f57180d1288a78e650f4e75541d3ecba64e3ead79fcf12841ea8824,1055,0
V2-0089,v2_population,IPST,0001788230,8-K,2024-11-26,"1.01,3.02,5.02,5.03,9.01",0001213900-24-102901,https://www.sec.gov/Archives/edgar/data/1788230/000121390024102901/ea0222475-8k_heritage.htm,text/0001213900-24-102901.txt,6431f835fda4d49ab40c398146c4ccc42fb1525cff569765589dad0e0c6715b9,5960,0
V2-0090,v2_population,NEUP,0001191070,8-K,2024-12-23,"1.01,3.01,3.02,3.03,5.01,5.02,5.03,5.05,8.01,9.01",0001213900-24-112016,https://www.sec.gov/Archives/edgar/data/1191070/000121390024112016/ea0225663-8k_neupho.htm,text/0001213900-24-112016.txt,4ffaa4e5ad6379fcffd1e2272b4f71642c6d73beaf5da81eac4be3a39d9e4672,4176,0
V2-0091,v2_population,ATER,0001757715,8-K,2024-03-21,"3.03,5.03,9.01",0001437749-24-008878,https://www.sec.gov/Archives/edgar/data/1757715/000143774924008878/ater20240321_8k.htm,text/0001437749-24-008878.txt,a1901eac1e0da13db16992b023e1e7edd5e56470d723dc519f551e84e2bf87d4,1467,0
V2-0092,v2_population,SLE,0001621672,8-K,2024-06-10,"5.03,9.01",0001437749-24-019826,https://www.sec.gov/Archives/edgar/data/1621672/000143774924019826/slgg20240607_8k.htm,text/0001437749-24-019826.txt,f67566f8b220ac83f1876ce9b99a657fc4194e488fdfc63c44134e5bad28197c,1343,0
V2-0093,v2_population,SLE,0001621672,8-K,2024-07-02,"1.01,3.02,5.03,9.01",0001437749-24-022016,https://www.sec.gov/Archives/edgar/data/1621672/000143774924022016/slgg20240701_8k.htm,text/0001437749-24-022016.txt,c5e0d549481ac9af4fa82f577777611fbbad16eea016a8fabb9fdfd836875b2f,4407,0
V2-0094,v2_population,SLE,0001621672,8-K,2024-07-16,"1.01,3.02,5.03,9.01",0001437749-24-022831,https://www.sec.gov/Archives/edgar/data/1621672/000143774924022831/slgg20240716_8k.htm,text/0001437749-24-022831.txt,4f59c280b17d91cd83cb53e1646ad16e6f7ab03d6c57a59747d84f5b0248b534,4502,0
V2-0095,v2_population,WRAP,0001702924,8-K,2024-08-23,"1.01,3.03,5.03,9.01",0001437749-24-027679,https://www.sec.gov/Archives/edgar/data/1702924/000143774924027679/wrap20240823_8k.htm,text/0001437749-24-027679.txt,94ffb2f7546654dd0689662e7fe6cce68abf87f54f56bc8fe714b9fff88856ec,2070,0
V2-0096,v2_population,SLE,0001621672,8-K,2024-09-23,"1.01,3.02,5.03,9.01",0001437749-24-029807,https://www.sec.gov/Archives/edgar/data/1621672/000143774924029807/slgg20240921_8k.htm,text/0001437749-24-029807.txt,b6430b64108e78f5ecb2a521ef677d0827d39998e360ee9af220cdb0f729f317,5263,0
V2-0097,v2_population,SLE,0001621672,8-K,2024-10-01,"1.01,3.02,5.03,9.01",0001437749-24-030304,https://www.sec.gov/Archives/edgar/data/1621672/000143774924030304/slgg20240930_8k.htm,text/0001437749-24-030304.txt,b788c6c9fd6c87ab1b00cda3d343baf1597c0419241ce6474926e76897fd0090,5017,0
V2-0098,v2_population,AMIX,0001617867,8-K,2024-10-28,"3.03,5.03,8.01,9.01",0001437749-24-032175,https://www.sec.gov/Archives/edgar/data/1617867/000143774924032175/amix20241027_8k.htm,text/0001437749-24-032175.txt,97e32bb39f13d1570b8dfa5d1ad0c719006ebc67d98c3fda8e53163bbf8eb597,2155,0
V2-0099,v2_population,WRAP,0001702924,8-K,2024-12-02,"1.01,3.03,5.03,9.01",0001437749-24-036487,https://www.sec.gov/Archives/edgar/data/1702924/000143774924036487/wrap20241202_8k.htm,text/0001437749-24-036487.txt,034e964280f5ff1066435b3d741ef0f4e7b50737f7f16d0f197426cc03e13bc1,1802,0
V2-0100,v2_population,WRAP,0001702924,8-K,2024-12-09,"3.03,5.03,9.01",0001437749-24-036977,https://www.sec.gov/Archives/edgar/data/1702924/000143774924036977/wrap20241209_8k.htm,text/0001437749-24-036977.txt,be40c26f60f3ffd5af2c7e0228a92831a1d1e574a84dde68142d41eb95222c8a,1881,0
V2-0101,v2_population,EDBL,0001809750,8-K,2024-01-26,"1.01,5.02,5.03,9.01",0001477932-24-000418,https://www.sec.gov/Archives/edgar/data/1809750/000147793224000418/edbl_8k.htm,text/0001477932-24-000418.txt,1e89813590ea7370c473d3c1370f1d7682009bb157c1cb33feb22de07c76a0cd,2603,0
V2-0102,v2_population,EDBL,0001809750,8-K,2024-04-02,"3.03,5.03,8.01,9.01",0001477932-24-001786,https://www.sec.gov/Archives/edgar/data/1809750/000147793224001786/edbl_8k.htm,text/0001477932-24-001786.txt,791469df1164337a14adc4ad1a346e39f69c68bf00e2343d6fce1a9b067e284a,2076,0
V2-0103,v2_population,CELZ,0001187953,8-K,2024-05-17,"1.01,3.02,3.03,5.03,5.08,9.01",0001477932-24-003116,https://www.sec.gov/Archives/edgar/data/1187953/000147793224003116/celz_8k.htm,text/0001477932-24-003116.txt,e64a9394a44f17ca70bdd69ee535bd11776ed85958ee433f1fa7fb58d352ae39,1975,0
V2-0104,v2_population,SOBR,0001425627,8-K,2024-10-01,"5.03,7.01,9.01",0001477932-24-006088,https://www.sec.gov/Archives/edgar/data/1425627/000147793224006088/sobr_8k.htm,text/0001477932-24-006088.txt,01a4c46251d97de0954567c304d15ff73d01ed9688a9083f7ab88d73163f6d6b,1640,0
V2-0105,v2_population,BCHT,0000728385,8-K,2024-10-17,"5.03,7.01,8.01,9.01",0001477932-24-006503,https://www.sec.gov/Archives/edgar/data/728385/000147793224006503/meec_8k.htm,text/0001477932-24-006503.txt,2d26ecb50cd591fbe783152296f5f20e50764f675e3c6414d6d110034b92422d,1343,0
V2-0106,v2_population,BCHT,0000728385,8-K,2024-11-15,"5.03,8.01,9.01",0001477932-24-007251,https://www.sec.gov/Archives/edgar/data/728385/000147793224007251/meec_8k.htm,text/0001477932-24-007251.txt,1c08913f5a432446b98dc89611ab7752e8e636cc5df8d58845922da709115351,1676,0
V2-0107,v2_population,CELZ,0001187953,8-K,2024-12-26,"5.03,5.07,9.01",0001477932-24-008314,https://www.sec.gov/Archives/edgar/data/1187953/000147793224008314/celz_8k.htm,text/0001477932-24-008314.txt,3a55db2c6d263a6128f9cb197b32f1c8f07ab230ddc150f0d479f2909b5cb7b8,1944,0
V2-0108,v2_population,HWH,0001897245,8-K,2024-01-12,"1.01,1.02,2.01,3.01,3.02,3.03,5.01,5.02,5.03,5.05,7.01,9.01",0001493152-24-002250,https://www.sec.gov/Archives/edgar/data/1897245/000149315224002250/form8-k.htm,text/0001493152-24-002250.txt,cde30cc93e8655cbe9933b869a8f6b6965293916912775f029ae1eedbb131a09,13976,0
V2-0109,v2_population,CTOR,0001851484,8-K,2024-01-18,"1.01,2.03,5.03,5.07,8.01,9.01",0001493152-24-002896,https://www.sec.gov/Archives/edgar/data/1851484/000149315224002896/form8-k.htm,text/0001493152-24-002896.txt,743ea5e988583be6bf9dd1f97c37f283e42e5ea4274bfe2580018a7e53e22820,3419,0
V2-0110,v2_population,INDP,0001857044,8-K,2024-01-23,"5.03,9.01",0001493152-24-003441,https://www.sec.gov/Archives/edgar/data/1857044/000149315224003441/form8-k.htm,text/0001493152-24-003441.txt,3895edb3ac2a984a3717e00ec86de455d8df658270379953b14dd047a69e6deb,1550,0
V2-0111,v2_population,TRUG,0001857086,8-K,2024-02-01,"5.03,5.07,8.01,9.01",0001493152-24-004532,https://www.sec.gov/Archives/edgar/data/1857086/000149315224004532/form8-k.htm,text/0001493152-24-004532.txt,33108ae01a1073279ab9f4568206d2a58899518c15ed108cb47baa98e922ce64,2626,0
V2-0112,v2_population,GTBP,0000109657,8-K,2024-02-01,"3.03,5.03,7.01,9.01",0001493152-24-004587,https://www.sec.gov/Archives/edgar/data/109657/000149315224004587/form8-k.htm,text/0001493152-24-004587.txt,e149357929c401a6fc8b3a195065ae8e65ff9503867cf0a50c3d02ddec838bbe,1988,0
V2-0113,v2_population,TRUG,0001857086,8-K,2024-02-06,"1.01,2.01,3.01,3.02,3.03,5.01,5.02,5.03,5.05,5.06,7.01,9.01",0001493152-24-005145,https://www.sec.gov/Archives/edgar/data/1857086/000149315224005145/form8-k.htm,text/0001493152-24-005145.txt,0ae7da0404ac49090dce86146b56b64ac8d2ddfb89d797eaf591407c8765604b,12346,0
V2-0114,v2_population,QCLS,0001321834,8-K,2024-02-13,"3.03,5.03,7.01,9.01",0001493152-24-006163,https://www.sec.gov/Archives/edgar/data/1321834/000149315224006163/form8-k.htm,text/0001493152-24-006163.txt,5fca7e3f03fc4c37c10ab4fc21303cea12b856e3f5798cf9b55270dcf935c83a,4127,0
V2-0115,v2_population,QCLS,0001321834,8-K,2024-03-07,"1.01,3.03,5.03,9.01",0001493152-24-009220,https://www.sec.gov/Archives/edgar/data/1321834/000149315224009220/form8-k.htm,text/0001493152-24-009220.txt,457f987eb992b73857540a7372a4c2810f0421b6637f3f194b4643ef586ad5ac,1830,0
V2-0116,v2_population,GAME,0001714562,8-K,2024-03-13,"1.01,2.01,3.02,3.03,5.02,5.03,7.01,9.01",0001493152-24-009809,https://www.sec.gov/Archives/edgar/data/1714562/000149315224009809/form8-k.htm,text/0001493152-24-009809.txt,902b8ad131f43389b83e9cc035dfeb2b18ddadf28cbef498d6660194e73d3b1c,6705,0
V2-0117,v2_population,SQFTP,0001080657,8-K,2024-03-22,"5.03,9.01",0001493152-24-010982,https://www.sec.gov/Archives/edgar/data/1080657/000149315224010982/form8-k.htm,text/0001493152-24-010982.txt,dd258afc5d6efe0b12416770112e80569ff9501923f046f9bc6d6d5789387d96,1600,0
V2-0118,v2_population,SRXH,0001471727,8-K,2024-03-25,"3.03,5.03,9.01",0001493152-24-011119,https://www.sec.gov/Archives/edgar/data/1471727/000149315224011119/form8-k.htm,text/0001493152-24-011119.txt,0a59ff803e5f9566bd825d0959ad49d59a9327f98b63a261b304c792fa37f6fd,1453,0
V2-0119,v2_population,QCLS,0001321834,8-K/A,2024-03-26,"5.03,9.01",0001493152-24-011310,https://www.sec.gov/Archives/edgar/data/1321834/000149315224011310/form8-ka.htm,text/0001493152-24-011310.txt,c4611662cab52bb35de58c5e5250a3887b66fda7ee89e10312742afe1c1db0db,1521,0
V2-0120,v2_population,OPHC,0001288855,8-K,2024-03-28,"1.01,3.02,5.03,9.01",0001493152-24-011739,https://www.sec.gov/Archives/edgar/data/1288855/000149315224011739/form8-k.htm,text/0001493152-24-011739.txt,296ed857b3ebb3eb1e9af9ea1053fb7d932a932fca93530e1906696825dcac6b,1583,0
V2-0121,v2_population,GWAV,0001589149,8-K,2024-04-01,"1.01,3.02,3.03,5.03,9.01",0001493152-24-012175,https://www.sec.gov/Archives/edgar/data/1589149/000149315224012175/form8-k.htm,text/0001493152-24-012175.txt,6b573dd0c45176ce1459a72c39d02e9e49c032f7db5f0e1cb9d6366947e0a753,2147,0
V2-0122,v2_population,GWAV,0001589149,8-K/A,2024-04-02,"1.01,3.02,3.03,5.03,9.01",0001493152-24-012754,https://www.sec.gov/Archives/edgar/data/1589149/000149315224012754/form8-ka.htm,text/0001493152-24-012754.txt,4f1047b85966b2968aa560b015749e98296e62020a6c692d7f8b7199ac6df3a4,2420,0
V2-0123,v2_population,KUST,0001342958,8-K,2024-04-05,"5.03,9.01",0001493152-24-013367,https://www.sec.gov/Archives/edgar/data/1342958/000149315224013367/form8-k.htm,text/0001493152-24-013367.txt,cebdbc9376521634106e1d30324c316daa6b50aa819b1b6f62c5391ef4698a78,1620,0
V2-0124,v2_population,QCLS,0001321834,8-K,2024-04-08,"1.01,3.03,5.02,5.03,9.01",0001493152-24-013870,https://www.sec.gov/Archives/edgar/data/1321834/000149315224013870/form8-k.htm,text/0001493152-24-013870.txt,7bf03c425c7a26d73800adf23460e197e8579a6afaba0d8891e278c989b67f39,2396,0
V2-0125,v2_population,MYSZ,0001211805,8-K,2024-04-15,"3.03,5.03,5.07,8.01,9.01",0001493152-24-014621,https://www.sec.gov/Archives/edgar/data/1211805/000149315224014621/form8-k.htm,text/0001493152-24-014621.txt,8e731998e082df4c6ddda575ddd98c6ac62c95faac608a8fdb1c81f0500091af,2716,0
V2-0126,v2_population,GCTK,0001506983,8-K,2024-05-20,"5.03,9.01",0001493152-24-020548,https://www.sec.gov/Archives/edgar/data/1506983/000149315224020548/form8-k.htm,text/0001493152-24-020548.txt,443250f7dc48b1066eaa1c52ddb1a0921b6b3d22deb0788b8b5754e64812c4cd,1691,0
V2-0127,v2_population,QCLS,0001321834,8-K,2024-05-21,"1.01,3.02,3.03,5.03,8.01,9.01",0001493152-24-020828,https://www.sec.gov/Archives/edgar/data/1321834/000149315224020828/form8-k.htm,text/0001493152-24-020828.txt,823b124f8df760df4d5ec99991707f2d5a900f69c143e35c763a22e416b5b660,9949,0
V2-0128,v2_population,QCLS,0001321834,8-K,2024-05-23,"3.03,5.03,8.01,9.01",0001493152-24-021143,https://www.sec.gov/Archives/edgar/data/1321834/000149315224021143/form8-k.htm,text/0001493152-24-021143.txt,056b78153124a8f674290f755bd934e1c357c1252ed739f2b22a484775356833,2124,0
V2-0129,v2_population,NCPL,0001414767,8-K,2024-05-29,"1.01,3.02,3.03,9.01",0001493152-24-021785,https://www.sec.gov/Archives/edgar/data/1414767/000149315224021785/form8-k.htm,text/0001493152-24-021785.txt,85033b2e9137c14204096ccdb254dd41fe0085ae9f1a6b6dea418924f6c670e7,4602,0
V2-0130,v2_population,GWAV,0001589149,8-K,2024-06-03,"5.03,8.01,9.01",0001493152-24-022296,https://www.sec.gov/Archives/edgar/data/1589149/000149315224022296/form8-k.htm,text/0001493152-24-022296.txt,c4305b8a5eecbb87190a824bfeaed058af0c5294ed60c2f4913328255f2afe34,1460,0
V2-0131,v2_population,GWAV,0001589149,8-K,2024-06-03,"5.03,9.01",0001493152-24-022297,https://www.sec.gov/Archives/edgar/data/1589149/000149315224022297/form8-k.htm,text/0001493152-24-022297.txt,2cb865ede242f4460177dd21bbcc92f981ee489922067e41768f5642f212c8ad,1047,0
V2-0132,v2_population,BNC,0001482541,8-K,2024-06-05,3.03,0001493152-24-022729,https://www.sec.gov/Archives/edgar/data/1482541/000149315224022729/form8-k.htm,text/0001493152-24-022729.txt,3706d0ad90e9c996602973058457e8dadb05d2c5628920aef4aac1630106e973,1592,0
V2-0133,v2_population,BIAF,0001712762,8-K,2024-06-05,"5.02,5.03,5.07,9.01",0001493152-24-022738,https://www.sec.gov/Archives/edgar/data/1712762/000149315224022738/form8-k.htm,text/0001493152-24-022738.txt,445cdbba626cf1a7585c910927318a1720dc2ee5e9295cffbead84cdd66064dd,2545,0
V2-0134,v2_population,SONM,0001178697,8-K,2024-06-14,"5.03,9.01",0001493152-24-023873,https://www.sec.gov/Archives/edgar/data/1178697/000149315224023873/form8-k.htm,text/0001493152-24-023873.txt,8c7d22fd24d5fbae497e93648aaa2a9319d2bc7c649a5b73b3be6cf84c8d8509,1077,0
V2-0135,v2_population,QCLS,0001321834,8-K,2024-06-17,"1.01,3.03,5.02,5.03,8.01",0001493152-24-024046,https://www.sec.gov/Archives/edgar/data/1321834/000149315224024046/form8-k.htm,text/0001493152-24-024046.txt,24105f60d038f891948d342f705318eebad21bd99ee3c5904dd1f05f76a1679a,3652,0
V2-0136,v2_population,GCTK,0001506983,8-K,2024-06-20,"5.02,5.03,7.01,9.01",0001493152-24-024427,https://www.sec.gov/Archives/edgar/data/1506983/000149315224024427/form8-k.htm,text/0001493152-24-024427.txt,afaf30f3996707f627f09350c0ba4547093dc6845d6c15851e08832717239e82,2157,0
V2-0137,v2_population,QCLS,0001321834,8-K,2024-06-24,"3.03,5.03,9.01",0001493152-24-024960,https://www.sec.gov/Archives/edgar/data/1321834/000149315224024960/form8-k.htm,text/0001493152-24-024960.txt,4396bda0063b5b8e9e5434862eb832d8778f58ce46a8304be5cc3a4866f2d768,1588,0
V2-0138,v2_population,SQFTP,0001080657,8-K,2024-06-24,"1.01,5.03,8.01,9.01",0001493152-24-024990,https://www.sec.gov/Archives/edgar/data/1080657/000149315224024990/form8-k.htm,text/0001493152-24-024990.txt,b3798722e1fa9f6280cbf26b6e9a07db1e99d85948494286f03f8fb74fd9e399,2780,0
V2-0139,v2_population,EZRA,0001812727,8-K,2024-06-26,"5.03,7.01,9.01",0001493152-24-025214,https://www.sec.gov/Archives/edgar/data/1812727/000149315224025214/form8-k.htm,text/0001493152-24-025214.txt,1fbd515dd403fd0c03f74de3ccac617d6e79cc36f01e7b46698fb1ef908affd2,1725,0
V2-0140,v2_population,YYAI,0001674440,8-K,2024-07-02,"5.03,9.01",0001493152-24-026001,https://www.sec.gov/Archives/edgar/data/1674440/000149315224026001/form8-k.htm,text/0001493152-24-026001.txt,5ca0427f6420a34fc863808bf8591c7a27ff24457deb86433fb39713d5d0eb6c,1081,0
V2-0141,v2_population,JTAI,0001861622,8-K,2024-07-17,"1.01,3.03,5.03,9.01",0001493152-24-028106,https://www.sec.gov/Archives/edgar/data/1861622/000149315224028106/form8-k.htm,text/0001493152-24-028106.txt,328de65495fd0d1f8bac0194687d529084306fdd13ed6d88fd1a15339a64d2c8,2945,0
V2-0142,v2_population,SONM,0001178697,8-K,2024-07-18,"3.03,5.03,9.01",0001493152-24-028272,https://www.sec.gov/Archives/edgar/data/1178697/000149315224028272/form8-k.htm,text/0001493152-24-028272.txt,ab4c7795a9df0b1206fd48add3034822561b61e598280285ff9ec1a2974138eb,2558,0
V2-0143,v2_population,QCLS,0001321834,8-K,2024-07-26,"5.03,7.01,9.01",0001493152-24-029227,https://www.sec.gov/Archives/edgar/data/1321834/000149315224029227/form8-k.htm,text/0001493152-24-029227.txt,498f974d4f786eb25a942f2aaa0c013a97cd0e3cbf4ec56d4a0e23dcba795764,1635,0
V2-0144,v2_population,QCLS,0001321834,8-K,2024-07-26,"3.03,5.03,5.07,9.01",0001493152-24-029243,https://www.sec.gov/Archives/edgar/data/1321834/000149315224029243/form8-k.htm,text/0001493152-24-029243.txt,070dbc3a81cccc73da1e0e480cbabb7012b7d00034e2d3b2843543d722d211bd,2533,0
V2-0145,v2_population,GNLN,0001743745,8-K,2024-07-31,"5.03,5.07,7.01,9.01",0001493152-24-029793,https://www.sec.gov/Archives/edgar/data/1743745/000149315224029793/form8-k.htm,text/0001493152-24-029793.txt,fdd1be168d50c1272fd674541737a8fcdce0d67f8e41b525356a36a296c01ef0,2020,0
V2-0146,v2_population,NCPL,0001414767,8-K,2024-08-02,"3.03,5.03,8.01,9.01",0001493152-24-030079,https://www.sec.gov/Archives/edgar/data/1414767/000149315224030079/form8-k.htm,text/0001493152-24-030079.txt,25546a289ddf3c98be355f75c2cdebaf523c677e7bb9375b6639694c915be1ec,1794,0
V2-0147,v2_population,BIAF,0001712762,8-K,2024-08-05,"1.01,3.02,3.03,8.01,9.01",0001493152-24-030193,https://www.sec.gov/Archives/edgar/data/1712762/000149315224030193/form8-k.htm,text/0001493152-24-030193.txt,11857e3334c11969456ac514d2b8b8a54134d29fb0625fd029f6e0d5cf47938c,7342,0
V2-0148,v2_population,SHPH,0001757499,8-K,2024-08-07,"1.01,3.03,5.03,8.01,9.01",0001493152-24-030491,https://www.sec.gov/Archives/edgar/data/1757499/000149315224030491/form8-k.htm,text/0001493152-24-030491.txt,f7aeae2b178e4c2e702d39a64300cf07a4b5428ca5401ba460bcf5f5091b310c,2851,0
V2-0149,v2_population,JTAI,0001861622,8-K,2024-08-08,"5.03,9.01",0001493152-24-030732,https://www.sec.gov/Archives/edgar/data/1861622/000149315224030732/form8-k.htm,text/0001493152-24-030732.txt,f795fab0722214730e5bdaf59fbc9f62f48521179010587d4408c42e01ef5a08,1091,0
V2-0150,v2_population,QCLS,0001321834,8-K,2024-08-14,"1.01,3.03,5.03,9.01",0001493152-24-032169,https://www.sec.gov/Archives/edgar/data/1321834/000149315224032169/form8-k.htm,text/0001493152-24-032169.txt,3c4727dce97f89b5738fe4c579cc98b1738f11ece3c46bd79113efc076e53618,1628,0
V2-0151,v2_population,JTAI,0001861622,8-K,2024-08-23,"1.01,3.03,8.01,9.01",0001493152-24-033641,https://www.sec.gov/Archives/edgar/data/1861622/000149315224033641/form8-k.htm,text/0001493152-24-033641.txt,955cb0d9d1efc226ed02b97ee29cbf00d6bcd2430795f72b84ad27ef5e1707cb,3616,0
V2-0152,v2_population,ATPC,0001713210,8-K,2024-08-28,"3.03,5.03,7.01,9.01",0001493152-24-034125,https://www.sec.gov/Archives/edgar/data/1713210/000149315224034125/form8-k.htm,text/0001493152-24-034125.txt,ab94687043fa57f739e5d2f9348f3438b46cda1a8c702b2ee606039af9a967af,1696,0
V2-0153,v2_population,ATPC,0001713210,8-K,2024-08-30,"3.03,5.03,7.01,9.01",0001493152-24-034490,https://www.sec.gov/Archives/edgar/data/1713210/000149315224034490/form8-k.htm,text/0001493152-24-034490.txt,f75c305b83d8e5bddaec95598c26634badf3d907cb91efe6a806c03a0ebda5c0,1515,0
V2-0154,v2_population,JTAI,0001861622,8-K,2024-09-26,"5.02,5.03,5.07,9.01",0001493152-24-038298,https://www.sec.gov/Archives/edgar/data/1861622/000149315224038298/form8-k.htm,text/0001493152-24-038298.txt,3cfa1cc0ff22d8cc4bf47d311615f4f341d5e7304c53dde8df8b5a020f7bac74,3011,0
V2-0155,v2_population,AVX,0001826397,8-K,2024-10-03,"5.03,9.01",0001493152-24-039395,https://www.sec.gov/Archives/edgar/data/1826397/000149315224039395/form8-k.htm,text/0001493152-24-039395.txt,b107f5c218b9a30051dd145a3f1e75c0a633e4e4bf09593e398650ae336d318c,1349,0
V2-0156,v2_population,BENF,0001775734,8-K,2024-10-04,"1.02,5.03,5.07,9.01",0001493152-24-039514,https://www.sec.gov/Archives/edgar/data/1775734/000149315224039514/form8-k.htm,text/0001493152-24-039514.txt,93c3319673cb8e0fab4708edf1350fa9cde972e84abe457e80b4c6f8f1a2faa8,2044,0
V2-0157,v2_population,IVF,0001417926,8-K,2024-10-15,"1.01,2.01,3.02,5.02,5.03,8.01,9.01",0001493152-24-041062,https://www.sec.gov/Archives/edgar/data/1417926/000149315224041062/form8-k.htm,text/0001493152-24-041062.txt,4e8e3b7b20b3914c5af1382947c540e76b5ca4ccba0244c2db879d805027c4be,12713,0
V2-0158,v2_population,ENSC,0001716947,8-K,2024-10-18,"5.03,9.01",0001493152-24-041589,https://www.sec.gov/Archives/edgar/data/1716947/000149315224041589/form8-k.htm,text/0001493152-24-041589.txt,704ad2fffa8bcd4e3128b74d3e1987e19f8baded01e4d53f596c0c6b999332e9,903,0
V2-0159,v2_population,BIAF,0001712762,8-K,2024-10-21,"1.01,3.02,5.03,8.01,9.01",0001493152-24-041721,https://www.sec.gov/Archives/edgar/data/1712762/000149315224041721/form8-k.htm,text/0001493152-24-041721.txt,9ed8230c23abf4f117d31ea304db7954113589904ca68551647e29fed9a03839,6221,0
V2-0160,v2_population,AIXC,0001460702,8-K,2024-11-01,"5.03,7.01,9.01",0001493152-24-043352,https://www.sec.gov/Archives/edgar/data/1460702/000149315224043352/form8-k.htm,text/0001493152-24-043352.txt,6257223f55c8b8ad8fb51d18f047682f805ac555ceba829d1ce02764a834798b,1829,0
V2-0161,v2_population,KUST,0001342958,8-K,2024-11-01,"5.03,9.01",0001493152-24-043367,https://www.sec.gov/Archives/edgar/data/1342958/000149315224043367/form8-k.htm,text/0001493152-24-043367.txt,abd1e64ceaf8168e6c45f5080a887c5e43521e3a0e74473c978b03a06378aad9,1249,0
V2-0162,v2_population,KUST,0001342958,8-K/A,2024-11-05,"5.03,9.01",0001493152-24-043659,https://www.sec.gov/Archives/edgar/data/1342958/000149315224043659/form8-ka.htm,text/0001493152-24-043659.txt,4eb30d85b403d810655f12b092f2d906e8db0ef8afddc565d712579315e5a242,1675,0
V2-0163,v2_population,KUST,0001342958,8-K,2024-11-08,"1.02,5.03,9.01",0001493152-24-044172,https://www.sec.gov/Archives/edgar/data/1342958/000149315224044172/form8-k.htm,text/0001493152-24-044172.txt,ce6dddb7e27374a46ba05578a759e85dac80c342eb12e19fd1f2b3c1a5ee0347,1586,0
V2-0164,v2_population,JTAI,0001861622,8-K,2024-11-08,"3.03,5.03,7.01,9.01",0001493152-24-044297,https://www.sec.gov/Archives/edgar/data/1861622/000149315224044297/form8-k.htm,text/0001493152-24-044297.txt,41e3ab9a00f5108f97b82c1007e8493938c3d0cee02edf076654067dca05ec3b,3772,0
V2-0165,v2_population,AIXC,0001460702,8-K,2024-11-08,"3.03,5.03,8.01",0001493152-24-044346,https://www.sec.gov/Archives/edgar/data/1460702/000149315224044346/form8-k.htm,text/0001493152-24-044346.txt,12ed3cecf8e56cbc764ce07fe08720309917f2d10f6b0929e0299613cda7d544,2109,0
V2-0166,v2_population,JTAI,0001861622,8-K/A,2024-11-12,"5.03,7.01,9.01",0001493152-24-044535,https://www.sec.gov/Archives/edgar/data/1861622/000149315224044535/form8-ka.htm,text/0001493152-24-044535.txt,0975e65146fd48ce6582533419c598765f8c657dbf8f0de3c857ce885ee97db5,2360,0
V2-0167,v2_population,GWAV,0001589149,8-K,2024-11-18,"5.03,9.01",0001493152-24-046558,https://www.sec.gov/Archives/edgar/data/1589149/000149315224046558/form8-k.htm,text/0001493152-24-046558.txt,6d6e83f6c489a30bb2e41e07913a4665ccb7bbec73a42dc1c3e2a2e4cf69e519,1127,0
V2-0168,v2_population,AIXC,0001460702,8-K,2024-11-21,"1.01,3.02,3.03,8.01,9.01",0001493152-24-047143,https://www.sec.gov/Archives/edgar/data/1460702/000149315224047143/form8-k.htm,text/0001493152-24-047143.txt,aeca203f077e8b48c4a5e3a6c8a826b685f4b553581e69e5dbdd390a5e27b88f,3456,0
V2-0169,v2_population,NRXS,0001933567,8-K,2024-11-21,"3.03,5.03,9.01",0001493152-24-047196,https://www.sec.gov/Archives/edgar/data/1933567/000149315224047196/form8-k.htm,text/0001493152-24-047196.txt,1b8055e7e5cae957219c802c5932e35956262d43ac3617354dee949c06990f27,1235,0
V2-0170,v2_population,XAIR,0001641631,8-K,2024-11-26,"5.02,5.03,5.07,9.01",0001493152-24-047830,https://www.sec.gov/Archives/edgar/data/1641631/000149315224047830/form8-k.htm,text/0001493152-24-047830.txt,aead97040d05c238e1874a7d78d7e85f2579dd6674c49ee46ed9b84b8fa94f0f,3768,0
V2-0171,v2_population,ENSC,0001716947,8-K,2024-12-03,"5.03,9.01",0001493152-24-048497,https://www.sec.gov/Archives/edgar/data/1716947/000149315224048497/form8-k.htm,text/0001493152-24-048497.txt,36bbea51a5a72f4608badcd1a9a0c0d479bad4177b4ef803f2379b54789ac87f,2002,0
V2-0172,v2_population,DBGI,0001668010,8-K,2024-12-13,"5.03,9.01",0001493152-24-050019,https://www.sec.gov/Archives/edgar/data/1668010/000149315224050019/form8-k.htm,text/0001493152-24-050019.txt,2f04c8fff7d0851d935f7c4788b967d98dd33065c4f8b2048cf91e227eb2b3cf,1286,0
V2-0173,v2_population,AIXC,0001460702,8-K,2024-12-26,"3.03,9.01",0001493152-24-052099,https://www.sec.gov/Archives/edgar/data/1460702/000149315224052099/form8-k.htm,text/0001493152-24-052099.txt,ff02cc3f942835a6a3b8cf90e35bb426595864a3497d7e49f05a631479e4816f,1256,0
V2-0174,v2_population,VRA,0001495320,8-K,2024-09-25,"5.03,9.01",0001495320-24-000071,https://www.sec.gov/Archives/edgar/data/1495320/000149532024000071/vra-20240919.htm,text/0001495320-24-000071.txt,334999c4c7bc9f58c2b4e8d4cf10f1e138f3e5dfbc7663915209ed0cec7f5303,1365,0
V2-0175,v2_population,VRA,0001495320,8-K,2024-10-11,"1.01,3.03,5.03,7.01,9.01",0001495320-24-000073,https://www.sec.gov/Archives/edgar/data/1495320/000149532024000073/vra-20241010.htm,text/0001495320-24-000073.txt,2fd20d3daf7d56d4480947aea2a5fbb80bc00f8849718a6923eb4fa63f836e3f,6073,0
V2-0176,v2_population,BIVI,0001580149,8-K,2024-08-01,"3.03,5.03,5.07,9.01",0001520138-24-000254,https://www.sec.gov/Archives/edgar/data/1580149/000152013824000254/bivi-20240729_8k.htm,text/0001520138-24-000254.txt,ced5c71e99b77be550059875955b060802b298882e5a25cc4c711b75efa589aa,2200,0
V2-0177,v2_population,BIVI,0001580149,8-K/A,2024-08-06,"3.03,5.03,9.01",0001520138-24-000263,https://www.sec.gov/Archives/edgar/data/1580149/000152013824000263/bivi-20240802_8ka.htm,text/0001520138-24-000263.txt,95aa4fec7caa59a80cca67be575c6ddc188cab11995c56e43796ab5e56361482,1461,0
V2-0178,v2_population,DFDV,0001805526,8-K,2024-12-20,"3.03,5.03,5.07,9.01",0001575872-24-001267,https://www.sec.gov/Archives/edgar/data/1805526/000157587224001267/jnvr-20241218.htm,text/0001575872-24-001267.txt,a6186faddbfe780003cad9a545344c03e37675fc833c5494fd164fac96d7becc,2570,0
V2-0179,v2_population,DFDV,0001805526,8-K,2024-12-30,"3.03,5.03,8.01,9.01",0001575872-24-001289,https://www.sec.gov/Archives/edgar/data/1805526/000157587224001289/jnvr-20241218.htm,text/0001575872-24-001289.txt,6b0d43fe80dbcf613e36b97c552f280460a18c80f0757dc5f3b14833f4e77f7d,2500,0
V2-0180,v2_population,DCOY,0001615219,8-K,2024-06-14,"3.03,5.03,8.01,9.01",0001615219-24-000045,https://www.sec.gov/Archives/edgar/data/1615219/000161521924000045/flks-20240614.htm,text/0001615219-24-000045.txt,38681bdd971981eee11c07e14e518ae561ed3aea6fe8e20af2440ea61c6d7b3b,2202,0
V2-0181,v2_population,CWD,0001627282,8-K,2024-12-04,5.03,0001627282-24-000136,https://www.sec.gov/Archives/edgar/data/1627282/000162728224000136/cwd-20241126.htm,text/0001627282-24-000136.txt,a3df1b37c9f7dbffd0dae56beb96b8a5f455de6781f0731c210ce1ed0638dc7a,2936,0
V2-0182,v2_population,SST,0001805833,8-K,2024-06-14,"3.03,5.02,5.03,5.07,9.01",0001628280-24-028123,https://www.sec.gov/Archives/edgar/data/1805833/000162828024028123/sst-20240611.htm,text/0001628280-24-028123.txt,170993b8bc4e587d4da9b629f8f80f33cbe3482e4e37c52273427a87f162ff05,2929,0
V2-0183,v2_population,GWH,0001819438,8-K,2024-08-23,"3.03,5.03,5.07,7.01,8.01",0001628280-24-038349,https://www.sec.gov/Archives/edgar/data/1819438/000162828024038349/wk-20240823.htm,text/0001628280-24-038349.txt,966777e28f009d145388dd67284d177e0ea1174579faaf6213c8e086eca62b3b,3258,0
V2-0184,v2_population,AUUD,0001554818,8-K,2024-02-27,"3.03,5.03,9.01",0001683168-24-001185,https://www.sec.gov/Archives/edgar/data/1554818/000168316824001185/auddia_8k.htm,text/0001683168-24-001185.txt,d9b7504239b1e22e25569e8a2714953e780484242e800e693ce7473ae00a2f31,1726,0
V2-0185,v2_population,SNOA,0001367083,8-K,2024-08-28,"5.03,5.07,7.01,9.01",0001683168-24-006053,https://www.sec.gov/Archives/edgar/data/1367083/000168316824006053/sonoma_8k.htm,text/0001683168-24-006053.txt,fd2b922c32541ada6b9b329da493f8c56c43a66ded16a0ea8a4e4d7fadb8c11d,2656,0
V2-0186,v2_population,AUUD,0001554818,8-K,2024-09-12,"5.03,9.01",0001683168-24-006330,https://www.sec.gov/Archives/edgar/data/1554818/000168316824006330/auddia_8k.htm,text/0001683168-24-006330.txt,14b45ff589f639704efacd690c9c8cdb5c900d9f6fc75628e6da73f00b401768,1276,0
V2-0187,v2_population,FIRY,0001801661,8-K,2024-12-11,"5.03,5.07,8.01,9.01",0001801661-24-000153,https://www.sec.gov/Archives/edgar/data/1801661/000180166124000153/sklz-20241205.htm,text/0001801661-24-000153.txt,feaf21e39f3d5763ffb7e9735bb12d7c9ab67216c48d713098955911a13dcbe5,2235,0
V2-0188,v2_population,GRI,0001824293,8-K,2024-01-30,"3.03,5.03,8.01,9.01",0001824293-24-000023,https://www.sec.gov/Archives/edgar/data/1824293/000182429324000023/val-20240129.htm,text/0001824293-24-000023.txt,1b2e7e1a1a7c0558eeb126785d8410ec0130177695bdf4f339ab1d8be4ed0c82,1669,0
V2-0189,v2_population,GRI,0001824293,8-K,2024-06-14,"3.03,5.03,8.01,9.01",0001824293-24-000060,https://www.sec.gov/Archives/edgar/data/1824293/000182429324000060/val-20240613.htm,text/0001824293-24-000060.txt,c1b70f6437690e7b324574bb551ca330004931bf222600eaf01cf44d2691a8cd,1667,0
V2-0190,v2_population,GRI,0001824293,8-K,2024-10-22,"1.01,3.02,3.03,8.01,9.01",0001824293-24-000141,https://www.sec.gov/Archives/edgar/data/1824293/000182429324000141/val-20241021.htm,text/0001824293-24-000141.txt,4bb016e466917a5de54bb74d16f396484183318759d7cb281edc4d2e368845e9,2870,0
V2-0191,v2_population,VIVK,0001450704,8-K,2024-01-11,"5.03,9.01",0001829126-24-000145,https://www.sec.gov/Archives/edgar/data/1450704/000182912624000145/vivakor_8k.htm,text/0001829126-24-000145.txt,7200d2c3c09a7f29feebb1952a625320cf41c657d37c532a21ed80811841b8a3,1140,0
V2-0192,v2_population,LUCY,0001808377,8-K,2024-07-10,"5.03,5.07,9.01",0001829126-24-004695,https://www.sec.gov/Archives/edgar/data/1808377/000182912624004695/innovativeeyewear_8k.htm,text/0001829126-24-004695.txt,4ca15b08d07ca381b3547c58420241a1661978e2a2a22e955843993a50f93c92,2347,0
V2-0193,v2_population,LUCY,0001808377,8-K,2024-09-26,"1.01,3.03,8.01,9.01",0001829126-24-006473,https://www.sec.gov/Archives/edgar/data/1808377/000182912624006473/innovativeeyewear_8k.htm,text/0001829126-24-006473.txt,d4183eb7227ed3656e94df96105039379c7f59215adef619c5c74bd291d73fb9,4212,0
V2-0194,v2_population,XPON,0001894954,8-K,2024-08-27,"3.03,5.03,8.01,9.01",0001903596-24-000561,https://www.sec.gov/Archives/edgar/data/1894954/000190359624000561/xpon_8k.htm,text/0001903596-24-000561.txt,a01b4e666c2ea61b41b1eccfb3ed16b4c74cfda4db1f1f3e22c2924dd1e3a7ee,3034,0
V2-0195,v2_population,XPON,0001894954,8-K,2024-10-07,"3.03,5.03,8.01,9.01",0001903596-24-000610,https://www.sec.gov/Archives/edgar/data/1894954/000190359624000610/xpon_8k.htm,text/0001903596-24-000610.txt,fa4834c2f80837bcc5bf2e132aed88fe824191f7b565b3bd8c36353d1bd3928c,1860,0
V2-0196,v2_population,SLSN,0000883107,8-K,2024-03-05,"1.01,2.02,3.02,3.03,5.03,9.01",0001999371-24-003109,https://www.sec.gov/Archives/edgar/data/883107/000199937124003109/nanophase-8k_030124.htm,text/0001999371-24-003109.txt,aff3fa333c73b46c5cb09f0ba866a64ccd091e3c8fa516a6ca659e729ad44a3e,2854,0
