cal_id,ticker,filing_date,yahoo_nearest_split,yahoo_ratio_n,offset_days,label_reverse_split,label_split_ratio
V2-0001,SUNE,2024-02-05,,,,none,none
V2-0002,SUNE,2024-02-05,,,,none,none
V2-0003,SUNE,2024-05-17,2024-06-12,15,26,none,none
V2-0004,SUNE,2024-05-22,2024-06-12,15,21,none,none
V2-0005,SUNE,2024-06-17,2024-06-12,15,-5,effective,1-for-15
V2-0006,SUNE,2024-07-25,2024-06-12,15,-43,historical,1-for-15
V2-0007,SUNE,2024-09-09,,,,none,none
V2-0008,SUNE,2024-09-26,2024-10-17,50,21,none,none
V2-0009,SUNE,2024-10-17,2024-10-17,50,0,effective,1-for-50
V2-0010,SUNE,2024-11-19,2024-10-17,50,-33,none,none
V2-0011,AIFA,2024-02-09,,,,none,none
V2-0012,AIFA,2024-06-21,,,,none,none
V2-0013,TCRT,2024-06-12,,,,none,none
V2-0014,TCRT,2024-07-16,2024-07-18,10,2,announced,1-for-10
V2-0015,TCRT,2024-07-17,2024-07-18,10,1,announced,1-for-10
V2-0016,LEDS,2024-09-03,,,,none,none
V2-0017,LEDS,2024-09-05,,,,none,none
V2-0018,LEDS,2024-10-16,,,,none,none
V2-0019,NXTT,2024-04-03,,,,none,none
V2-0020,CYCU,2024-01-11,,,,none,none
V2-0021,MOBX,2024-01-23,,,,none,none
V2-0022,JAGX,2024-03-01,,,,none,none
V2-0023,BCG,2024-03-21,,,,none,none
V2-0024,BCG,2024-03-22,,,,none,none
V2-0025,KSCP,2024-04-08,,,,none,none
V2-0026,CYCU,2024-04-12,,,,none,none
V2-0027,DRIO,2024-04-19,,,,none,none
V2-0028,CTSO,2024-05-06,,,,none,none
V2-0029,JAGX,2024-05-23,2024-05-23,60,0,effective,1-for-60
V2-0030,DRIO,2024-06-28,,,,none,none
V2-0031,CYCU,2024-07-02,,,,none,none
V2-0032,ACTU,2024-08-14,,,,none,none
V2-0033,DRIO,2024-09-13,,,,none,none
V2-0034,KSCP,2024-09-16,2024-09-16,50,0,effective,1-for-50
V2-0035,CYCU,2024-10-10,,,,none,none
V2-0036,BCG,2024-12-26,,,,none,none
V2-0037,NUWE,2024-06-26,2024-06-28,35,2,announced,1-for-35
V2-0038,ADGM,2024-08-06,,,,none,none
V2-0039,NUWE,2024-11-07,,,,none,none
V2-0040,CNET,2024-09-30,2024-09-30,4,0,effective,1-for-4
V2-0041,BENF,2024-02-06,,,,none,none
V2-0042,BENF,2024-03-28,2024-04-18,80,21,none,none
V2-0043,AGEN,2024-04-05,2024-04-12,20,7,announced,1-for-20
V2-0044,BENF,2024-04-16,2024-04-18,80,2,announced,1-for-80
V2-0045,INAB,2024-10-01,,,,none,none
V2-0046,TPST,2024-10-10,,,,none,none
V2-0047,TPST,2024-12-06,,,,none,none
V2-0048,STIM,2024-12-10,,,,none,none
V2-0049,TCRT,2024-02-01,2024-02-01,15,0,effective,1-for-15
V2-0050,DFNS,2024-01-02,,,,none,none
V2-0051,JSPR,2024-01-04,2024-01-04,10,0,effective,1-for-10
V2-0052,AIFA,2024-01-09,,,,none,none
V2-0053,GXAI,2024-01-10,,,,none,none
V2-0054,REBN,2024-01-16,2024-01-22,8,6,announced,1-for-8
V2-0055,FFAI,2024-02-07,2024-03-01,3,23,announced,1-for-3
V2-0056,BRLS,2024-02-13,,,,none,none
V2-0057,SGLY,2024-02-15,2024-02-12,10,-3,effective,1-for-10
V2-0058,FFAI,2024-02-26,2024-03-01,3,4,announced,1-for-3
V2-0059,GXAI,2024-03-11,2024-03-08,12,-3,effective,1-for-12
V2-0060,PFSA,2024-03-26,,,,none,none
V2-0061,BRLS,2024-04-15,,,,none,none
V2-0062,OLOX,2024-05-02,2024-05-02,20,0,effective,1-for-20
V2-0063,PLAG,2024-05-15,2024-06-03,10,19,announced,1-for-10
V2-0064,BJDX,2024-05-16,,,,none,none
V2-0065,RKTO,2024-06-17,,,,none,none
V2-0066,CIRC,2024-06-18,,,,none,none
V2-0067,BJDX,2024-06-20,2024-06-20,8,0,effective,1-for-8
V2-0068,VEEA,2024-06-21,,,,none,none
V2-0069,FFAI,2024-06-25,,,,none,none
V2-0070,PRPL,2024-06-28,,,,none,none
V2-0071,FFAI,2024-08-01,2024-08-19,40,18,none,none
V2-0072,FFAI,2024-08-15,2024-08-19,40,4,announced,1-for-40
V2-0073,CTOR,2024-08-16,,,,none,none
V2-0074,BJDX,2024-08-28,,,,none,none
V2-0075,TNON,2024-09-10,2024-09-06,8,-4,none,none
V2-0076,CIRC,2024-09-16,,,,none,none
V2-0077,PFSA,2024-09-23,,,,none,none
V2-0078,VEEA,2024-09-24,,,,none,none
V2-0079,IMMR,2024-09-27,,,,none,none
V2-0080,RDAC,2024-10-15,,,,none,none
V2-0081,PRPL,2024-10-16,,,,none,none
V2-0082,BJDX,2024-10-16,,,,none,none
V2-0083,DFNS,2024-10-18,2024-10-24,8,6,announced,1-for-8
V2-0084,HCTI,2024-10-25,,,,none,none
V2-0085,DFNS,2024-11-12,2024-10-24,8,-19,none,none
V2-0086,BJDX,2024-11-18,2024-11-18,50,0,effective,1-for-50
V2-0087,CTXR,2024-11-26,2024-11-26,25,0,effective,1-for-25
V2-0088,ESLA,2024-11-26,,,,none,none
V2-0089,IPST,2024-11-26,,,,none,none
V2-0090,NEUP,2024-12-23,2024-12-24,12,1,none,none
V2-0091,ATER,2024-03-21,2024-03-22,12,1,effective,1-for-12
V2-0092,SLE,2024-06-10,,,,none,none
V2-0093,SLE,2024-07-02,,,,none,none
V2-0094,SLE,2024-07-16,,,,none,none
V2-0095,WRAP,2024-08-23,,,,none,none
V2-0096,SLE,2024-09-23,,,,none,none
V2-0097,SLE,2024-10-01,,,,none,none
V2-0098,AMIX,2024-10-28,2024-10-25,20,-3,effective,1-for-20
V2-0099,WRAP,2024-12-02,,,,none,none
V2-0100,WRAP,2024-12-09,,,,none,none
V2-0101,EDBL,2024-01-26,,,,none,none
V2-0102,EDBL,2024-04-02,2024-04-05,20,3,announced,1-for-20
V2-0103,CELZ,2024-05-17,,,,none,none
V2-0104,SOBR,2024-10-01,2024-10-02,110,1,announced,1-for-110
V2-0105,BCHT,2024-10-17,,,,none,none
V2-0106,BCHT,2024-11-15,,,,none,none
V2-0107,CELZ,2024-12-26,,,,none,none
V2-0108,HWH,2024-01-12,,,,none,none
V2-0109,CTOR,2024-01-18,,,,none,none
V2-0110,INDP,2024-01-23,,,,none,none
V2-0111,TRUG,2024-02-01,,,,none,none
V2-0112,GTBP,2024-02-01,2024-02-05,30,4,announced,1-for-30
V2-0113,TRUG,2024-02-06,,,,none,none
V2-0114,QCLS,2024-02-13,2024-02-15,30,2,announced,1-for-30
V2-0115,QCLS,2024-03-07,2024-02-15,30,-21,none,none
V2-0116,GAME,2024-03-13,,,,none,none
V2-0117,SQFTP,2024-03-22,,,,none,none
V2-0118,SRXH,2024-03-25,2024-03-21,40,-4,effective,1-for-44
V2-0119,QCLS,2024-03-26,2024-02-15,30,-40,none,none
V2-0120,OPHC,2024-03-28,,,,none,none
V2-0121,GWAV,2024-04-01,,,,none,none
V2-0122,GWAV,2024-04-02,,,,none,none
V2-0123,KUST,2024-04-05,,,,none,none
V2-0124,QCLS,2024-04-08,2024-02-15,30,-53,none,none
V2-0125,MYSZ,2024-04-15,2024-04-23,8,8,announced,1-for-8
V2-0126,GCTK,2024-05-20,2024-05-20,5,0,effective,1-for-5
V2-0127,QCLS,2024-05-21,,,,none,none
V2-0128,QCLS,2024-05-23,,,,none,none
V2-0129,NCPL,2024-05-29,,,,none,none
V2-0130,GWAV,2024-06-03,2024-06-03,150,0,effective,1-for-150
V2-0131,GWAV,2024-06-03,2024-06-03,150,0,none,none
V2-0132,BNC,2024-06-05,2024-06-07,12,2,announced,1-for-12
V2-0133,BIAF,2024-06-05,,,,none,none
V2-0134,SONM,2024-06-14,,,,none,none
V2-0135,QCLS,2024-06-17,,,,none,none
V2-0136,GCTK,2024-06-20,2024-05-20,5,-31,none,none
V2-0137,QCLS,2024-06-24,,,,none,none
V2-0138,SQFTP,2024-06-24,,,,none,none
V2-0139,EZRA,2024-06-26,2024-07-01,17,5,announced,1-for-17
V2-0140,YYAI,2024-07-02,2024-06-27,20,-5,effective,1-for-20
V2-0141,JTAI,2024-07-17,,,,none,none
V2-0142,SONM,2024-07-18,2024-07-18,10,0,effective,1-for-10
V2-0143,QCLS,2024-07-26,,,,none,none
V2-0144,QCLS,2024-07-26,,,,none,none
V2-0145,GNLN,2024-07-31,2024-08-05,11,5,announced,1-for-11
V2-0146,NCPL,2024-08-02,2024-08-02,70,0,effective,1-for-70
V2-0147,BIAF,2024-08-05,,,,none,none
V2-0148,SHPH,2024-08-07,2024-08-13,8,6,announced,1-for-8
V2-0149,JTAI,2024-08-08,,,,none,none
V2-0150,QCLS,2024-08-14,,,,none,none
V2-0151,JTAI,2024-08-23,,,,none,none
V2-0152,ATPC,2024-08-28,2024-08-30,20,2,announced,1-for-20
V2-0153,ATPC,2024-08-30,2024-08-30,20,0,effective,1-for-20
V2-0154,JTAI,2024-09-26,,,,none,none
V2-0155,AVX,2024-10-03,,,,none,none
V2-0156,BENF,2024-10-04,,,,none,none
V2-0157,IVF,2024-10-15,,,,none,none
V2-0158,ENSC,2024-10-18,,,,none,none
V2-0159,BIAF,2024-10-21,,,,none,none
V2-0160,AIXC,2024-11-01,2024-11-05,50,4,announced,1-for-50
V2-0161,KUST,2024-11-01,,,,none,none
V2-0162,KUST,2024-11-05,,,,none,none
V2-0163,KUST,2024-11-08,,,,none,none
V2-0164,JTAI,2024-11-08,2024-11-12,225,4,announced,1-for-225
V2-0165,AIXC,2024-11-08,2024-11-05,50,-3,effective,1-for-50
V2-0166,JTAI,2024-11-12,2024-11-12,225,0,effective,none
V2-0167,GWAV,2024-11-18,,,,none,none
V2-0168,AIXC,2024-11-21,2024-11-05,50,-16,none,none
V2-0169,NRXS,2024-11-21,,,,none,none
V2-0170,XAIR,2024-11-26,,,,none,none
V2-0171,ENSC,2024-12-03,2024-12-06,15,3,announced,1-for-15
V2-0172,DBGI,2024-12-13,2024-12-13,50,0,effective,1-for-50
V2-0173,AIXC,2024-12-26,2024-11-05,50,-51,none,none
V2-0174,VRA,2024-09-25,,,,none,none
V2-0175,VRA,2024-10-11,,,,none,none
V2-0176,BIVI,2024-08-01,2024-08-06,10,5,announced,1-for-10
V2-0177,BIVI,2024-08-06,2024-08-06,10,0,historical,1-for-10
V2-0178,DFDV,2024-12-20,2024-12-30,8,10,none,none
V2-0179,DFDV,2024-12-30,2024-12-30,8,0,effective,1-for-8
V2-0180,DCOY,2024-06-14,2024-06-17,8,3,effective,1-for-8
V2-0181,CWD,2024-12-04,,,,none,none
V2-0182,SST,2024-06-14,,,,none,none
V2-0183,GWH,2024-08-23,2024-08-26,15,3,effective,1-for-15
V2-0184,AUUD,2024-02-27,2024-02-27,25,0,effective,1-for-25
V2-0185,SNOA,2024-08-28,2024-08-30,20,2,announced,1-for-20
V2-0186,AUUD,2024-09-12,,,,none,none
V2-0187,FIRY,2024-12-11,,,,none,none
V2-0188,GRI,2024-01-30,2024-01-30,7,0,effective,1-for-7
V2-0189,GRI,2024-06-14,2024-06-18,13,4,announced,1-for-13
V2-0190,GRI,2024-10-22,,,,none,none
V2-0191,VIVK,2024-01-11,,,,none,none
V2-0192,LUCY,2024-07-10,2024-07-18,20,8,announced,1-for-20
V2-0193,LUCY,2024-09-26,,,,none,none
V2-0194,XPON,2024-08-27,,,,none,none
V2-0195,XPON,2024-10-07,2024-10-09,100,2,announced,1-for-100
V2-0196,SLSN,2024-03-05,,,,none,none
