cal_id,ticker,form,filing_date,items,label_reverse_split,label_reverse_split_src,label_reverse_split_conf,label_split_ratio,label_split_ratio_src,label_split_ratio_conf,label_listing_status,label_listing_status_src,label_listing_status_conf,label_dilution_event,label_dilution_event_src,label_dilution_event_conf,label_going_concern,label_going_concern_src,label_going_concern_conf,label_other_material,label_other_material_src,label_other_material_conf
V2-0001,SUNE,8-K,2024-02-05,"5.03,9.01",none,model,high,none,model,high,none,model,high,none,model,high,no,model,high,none,model,high
V2-0002,SUNE,8-K,2024-02-05,"1.01,3.03,7.01,9.01",none,model,high,none,model,high,none,model,high,priced_offering,model,medium,no,model,high,none,model,high
V2-0003,SUNE,8-K,2024-05-17,"1.01,3.01,3.02,3.03,5.03,9.01",none,model,high,none,model,high,deficiency_notice,model,low,none,model,medium,no,model,high,none,model,high
V2-0004,SUNE,8-K,2024-05-22,"1.01,3.03,9.01",none,model,high,none,model,high,none,model,high,none,model,medium,no,model,high,none,model,high
V2-0005,SUNE,8-K,2024-06-17,"3.03,5.03,8.01,9.01",effective,model,high,1-for-15,model,high,none,model,high,none,model,high,no,model,high,none,model,high
V2-0006,SUNE,8-K,2024-07-25,"3.03,5.01,5.03,5.07,8.01,9.01",historical,model,medium,1-for-15,model,medium,regained_compliance,model,medium,none,model,high,no,model,high,none,model,high
V2-0007,SUNE,8-K,2024-09-09,"1.01,2.03,3.02,3.03,5.03,7.01,9.01",none,model,high,none,model,high,none,model,high,convertible_or_warrants,model,high,no,model,high,none,model,high
V2-0008,SUNE,8-K,2024-09-26,"1.01,2.03,5.03,9.01",none,model,high,none,model,high,none,model,high,convertible_or_warrants,model,high,no,model,high,none,model,high
V2-0009,SUNE,8-K,2024-10-17,"1.01,3.03,5.03,7.01,9.01",effective,model,high,1-for-50,model,high,none,model,medium,none,model,high,no,model,high,none,model,high
V2-0010,SUNE,8-K,2024-11-19,"3.03,5.03,9.01",none,model,high,none,model,high,none,model,high,none,model,high,no,model,high,none,model,high
V2-0011,AIFA,8-K,2024-02-09,"1.01,3.01,5.03,7.01,9.01",none,model,high,none,model,high,none,model,medium,none,model,low,no,model,high,none,model,high
V2-0012,AIFA,8-K,2024-06-21,"1.02,5.03,8.01,9.01",none,model,high,none,model,high,none,model,high,none,model,medium,no,model,high,none,model,medium
V2-0013,TCRT,8-K,2024-06-12,"3.03,5.03,5.07,9.01",none,model,high,none,model,high,none,model,high,none,model,high,no,model,high,none,model,high
V2-0014,TCRT,8-K,2024-07-16,5.03,announced,model,medium,1-for-10,model,high,none,model,high,none,model,high,no,model,high,none,model,high
V2-0015,TCRT,8-K/A,2024-07-17,"3.03,5.03,9.01",announced,model,low,1-for-10,model,high,none,model,high,none,model,high,no,model,high,none,model,high
V2-0016,LEDS,8-K,2024-09-03,"5.03,5.07,9.01",none,model,high,none,model,high,none,model,high,private_placement,model,low,no,model,high,none,model,high
V2-0017,LEDS,8-K,2024-09-05,"5.03,9.01",none,model,high,none,model,high,none,model,high,none,model,high,no,model,high,none,model,high
V2-0018,LEDS,8-K/A,2024-10-16,"5.03,5.07,9.01",none,model,high,none,model,high,none,model,high,private_placement,model,low,no,model,high,none,model,high
V2-0019,NXTT,8-K,2024-04-03,"5.03,9.01",none,model,high,none,model,high,none,model,high,none,model,high,no,model,high,none,model,high
V2-0020,CYCU,8-K,2024-01-11,"5.03,5.07,9.01",none,model,high,none,model,high,none,model,high,none,model,high,no,model,high,none,model,high
V2-0021,MOBX,8-K,2024-01-23,"3.03,5.02,9.01",none,model,high,none,model,high,none,model,high,convertible_or_warrants,model,low,no,model,high,none,model,medium
V2-0022,JAGX,8-K,2024-03-01,"1.01,2.03,3.02,5.03,9.01",none,model,high,none,model,high,none,model,high,convertible_or_warrants,model,medium,no,model,high,none,model,high
V2-0023,BCG,8-K,2024-03-21,"1.01,2.01,3.01,3.02,3.03,4.01,5.01,5.02,5.03,5.06,9.01",none,model,high,none,model,high,none,model,high,private_placement,model,medium,no,model,high,merger_or_acquisition,model,medium
V2-0024,BCG,8-K/A,2024-03-22,"1.01,2.01,3.01,3.02,3.03,4.01,5.01,5.02,5.03,5.06,9.01",none,model,high,none,model,high,none,model,high,private_placement,model,medium,no,model,high,merger_or_acquisition,model,medium
V2-0025,KSCP,8-K,2024-04-08,"5.03,5.07,9.01",none,model,high,none,model,high,none,model,high,none,model,high,no,model,high,none,model,high
V2-0026,CYCU,8-K,2024-04-12,"5.03,5.07,9.01",none,model,high,none,model,high,none,model,high,none,model,high,no,model,high,none,model,high
V2-0027,DRIO,8-K,2024-04-19,"5.03,9.01",none,model,high,none,model,high,none,model,high,none,model,high,no,model,high,none,model,high
V2-0028,CTSO,8-K,2024-05-06,"5.03,9.01",none,model,high,none,model,high,none,model,high,none,model,high,no,model,high,none,model,high
V2-0029,JAGX,8-K,2024-05-23,"1.01,3.03,5.03,7.01,9.01",effective,model,high,1-for-60,model,high,none,model,high,atm_or_equity_line,model,high,no,model,high,none,model,high
V2-0030,DRIO,8-K,2024-06-28,"3.03,5.03,9.01",none,model,high,none,model,high,none,model,high,none,model,high,no,model,high,none,model,high
V2-0031,CYCU,8-K,2024-07-02,"5.03,5.07,9.01",none,model,high,none,model,high,none,model,high,none,model,high,no,model,high,none,model,high
V2-0032,ACTU,8-K,2024-08-14,"5.02,5.03,8.01,9.01",none,model,high,none,model,high,none,model,high,priced_offering,model,high,no,model,high,none,model,medium
V2-0033,DRIO,8-K,2024-09-13,"3.03,5.03,9.01",none,model,high,none,model,high,none,model,high,none,model,high,no,model,high,none,model,high
V2-0034,KSCP,8-K,2024-09-16,"5.03,9.01",effective,model,high,1-for-50,model,high,none,model,high,none,model,high,no,model,high,none,model,high
V2-0035,CYCU,8-K,2024-10-10,"5.03,5.07,9.01",none,model,high,none,model,high,none,model,high,none,model,high,no,model,high,none,model,high
V2-0036,BCG,8-K,2024-12-26,"1.01,1.02,2.03,3.03,9.01",none,model,high,none,model,high,none,model,high,none,model,medium,no,model,high,none,model,high
V2-0037,NUWE,8-K,2024-06-26,"3.03,5.03,7.01,9.01",announced,model,high,1-for-35,model,high,none,model,high,none,model,high,no,model,high,none,model,high
V2-0038,ADGM,8-K,2024-08-06,"1.01,2.01,3.02,3.03,5.01,5.02,5.03,5.05,5.06,7.01,9.01",none,model,high,none,model,high,none,model,medium,private_placement,model,medium,yes,model,medium,merger_or_acquisition,model,high
V2-0039,NUWE,8-K,2024-11-07,"1.01,3.02,3.03,8.01,9.01",none,model,high,none,model,high,none,model,high,convertible_or_warrants,model,high,no,model,high,none,model,high
V2-0040,CNET,8-K,2024-09-30,"3.03,5.03,9.01",effective,model,high,1-for-4,model,high,deficiency_notice,model,low,none,model,high,no,model,high,none,model,high
V2-0041,BENF,8-K,2024-02-06,"3.02,3.03,5.03,9.01",none,model,high,none,model,high,none,model,high,convertible_or_warrants,model,medium,no,model,high,none,model,high
V2-0042,BENF,8-K,2024-03-28,"3.01,3.02,3.03,5.03,9.01",none,model,high,none,model,high,delisting_determination,model,high,convertible_or_warrants,model,medium,no,model,high,none,model,high
V2-0043,AGEN,8-K,2024-04-05,"5.03,5.07,9.01",announced,model,high,1-for-20,model,high,none,model,high,none,model,high,no,model,high,none,model,high
V2-0044,BENF,8-K,2024-04-16,"1.01,3.03,5.03,7.01,9.01",announced,model,high,1-for-80,model,high,none,model,high,none,model,high,no,model,high,none,model,high
V2-0045,INAB,8-K,2024-10-01,"1.01,3.02,3.03,9.01",none,model,high,none,model,high,none,model,high,private_placement,model,high,no,model,high,none,model,high
V2-0046,TPST,8-K,2024-10-10,"1.01,3.03,8.01,9.01",none,model,high,none,model,high,none,model,high,none,model,high,no,model,high,none,model,high
V2-0047,TPST,8-K,2024-12-06,"1.01,3.03,5.07,9.01",none,model,high,none,model,high,none,model,high,none,model,high,no,model,high,none,model,high
V2-0048,STIM,8-K,2024-12-10,"1.01,2.01,3.02,5.02,5.03,8.01,9.01",none,model,high,none,model,high,none,model,high,convertible_or_warrants,model,low,no,model,high,merger_or_acquisition,model,high
V2-0049,TCRT,8-K,2024-02-01,"5.03,9.01",effective,model,high,1-for-15,model,high,none,model,high,none,model,high,no,model,high,none,model,high
V2-0050,DFNS,8-K,2024-01-02,"1.01,2.01,3.03,5.01,5.02,5.03,5.06,7.01,9.01",none,model,high,none,model,high,none,model,medium,none,model,low,no,model,high,merger_or_acquisition,model,high
V2-0051,JSPR,8-K,2024-01-04,"3.03,5.03,9.01",effective,model,high,1-for-10,model,high,none,model,medium,none,model,high,no,model,high,none,model,high
V2-0052,AIFA,8-K,2024-01-09,"5.03,9.01",none,model,high,none,model,high,none,model,high,none,model,high,no,model,high,none,model,high
V2-0053,GXAI,8-K,2024-01-10,"5.03,9.01",none,model,high,none,model,high,none,model,high,none,model,high,no,model,high,none,model,high
V2-0054,REBN,8-K,2024-01-16,"1.01,3.02,5.03,7.01,9.01",announced,model,low,1-for-8,model,high,none,model,high,private_placement,model,high,no,model,high,none,model,high
V2-0055,FFAI,8-K,2024-02-07,"3.03,5.03,5.07,9.01",announced,model,medium,1-for-3,model,high,none,model,high,convertible_or_warrants,model,low,no,model,high,none,model,high
V2-0056,BRLS,8-K,2024-02-13,"1.01,2.01,2.02,3.02,3.03,4.01,5.01,5.02,5.03,5.05,5.06,7.01,9.01",none,model,high,none,model,high,none,model,high,convertible_or_warrants,model,medium,no,model,low,merger_or_acquisition,model,medium
V2-0057,SGLY,8-K,2024-02-15,"3.03,5.03,8.01,9.01",effective,model,medium,1-for-10,model,high,none,model,medium,none,model,high,no,model,high,none,model,high
V2-0058,FFAI,8-K,2024-02-26,"3.03,5.03,7.01,8.01,9.01",announced,model,high,1-for-3,model,high,none,model,high,none,model,high,no,model,high,none,model,high
V2-0059,GXAI,8-K,2024-03-11,"5.03,8.01,9.01",effective,model,high,1-for-12,model,high,none,model,high,none,model,high,no,model,high,none,model,high
V2-0060,PFSA,8-K,2024-03-26,"5.02,5.03,5.07,8.01,9.01",none,model,high,none,model,high,none,model,high,none,model,high,no,model,high,none,model,high
V2-0061,BRLS,8-K/A,2024-04-15,"1.01,2.01,2.02,3.02,3.03,4.01,5.01,5.02,5.03,5.05,5.06,7.01,9.01",none,model,high,none,model,high,none,model,high,convertible_or_warrants,model,medium,no,model,low,merger_or_acquisition,model,medium
V2-0062,OLOX,8-K,2024-05-02,"3.03,5.03,9.01",effective,model,high,1-for-20,model,high,none,model,high,none,model,high,no,model,high,none,model,high
V2-0063,PLAG,8-K,2024-05-15,"3.03,9.01",announced,model,high,1-for-10,model,high,none,model,high,none,model,high,no,model,high,none,model,high
V2-0064,BJDX,8-K,2024-05-16,"5.03,5.07,9.01",none,model,high,none,model,high,none,model,high,none,model,high,no,model,high,none,model,high
V2-0065,RKTO,8-K,2024-06-17,"5.03,9.01",none,model,high,none,model,high,none,model,high,none,model,high,no,model,high,none,model,high
V2-0066,CIRC,8-K,2024-06-18,"1.01,5.03,9.01",none,model,high,none,model,high,none,model,high,none,model,medium,no,model,high,merger_or_acquisition,model,high
V2-0067,BJDX,8-K,2024-06-20,"3.03,5.03,5.07,8.01,9.01",effective,model,high,1-for-8,model,high,none,model,high,none,model,high,no,model,high,none,model,high
V2-0068,VEEA,8-K,2024-06-21,"5.03,5.07,9.01",none,model,high,none,model,high,none,model,high,none,model,high,no,model,high,none,model,high
V2-0069,FFAI,8-K,2024-06-25,"1.01,3.02,3.03,4.01,5.03,7.01,9.01",none,model,medium,none,model,high,none,model,high,private_placement,model,low,no,model,high,auditor_change,model,medium
V2-0070,PRPL,8-K,2024-06-28,"1.01,5.03,9.01",none,model,high,none,model,high,none,model,high,none,model,low,no,model,high,none,model,medium
V2-0071,FFAI,8-K,2024-08-01,"3.03,5.02,5.03,5.07,9.01",none,model,high,none,model,high,none,model,high,none,model,medium,no,model,high,none,model,high
V2-0072,FFAI,8-K,2024-08-15,"3.03,5.03,7.01,8.01,9.01",announced,model,high,1-for-40,model,high,none,model,high,none,model,high,no,model,high,none,model,high
V2-0073,CTOR,8-K,2024-08-16,"1.01,2.01,3.02,3.03,4.01,5.01,5.02,5.03,5.06,9.01",none,model,high,none,model,high,none,model,high,convertible_or_warrants,model,low,no,model,low,merger_or_acquisition,model,medium
V2-0074,BJDX,8-K,2024-08-28,"3.01,5.03,8.01,9.01",none,model,high,none,model,high,deficiency_notice,model,high,convertible_or_warrants,model,high,no,model,high,none,model,high
V2-0075,TNON,8-K/A,2024-09-10,"1.01,3.02,5.03,9.01",none,model,high,none,model,high,none,model,high,private_placement,model,medium,no,model,high,none,model,high
V2-0076,CIRC,8-K,2024-09-16,"1.01,3.03,9.01",none,model,high,none,model,high,none,model,low,priced_offering,model,low,no,model,high,none,model,medium
V2-0077,PFSA,8-K,2024-09-23,"5.02,5.03,5.07,9.01",none,model,high,none,model,high,none,model,high,none,model,high,no,model,high,none,model,high
V2-0078,VEEA,8-K,2024-09-24,"1.01,2.01,3.02,3.03,4.01,5.01,5.02,5.06,8.01,9.01",none,model,high,none,model,high,none,model,medium,convertible_or_warrants,model,medium,no,model,medium,merger_or_acquisition,model,medium
V2-0079,IMMR,8-K,2024-09-27,5.03,none,model,high,none,model,high,none,model,high,none,model,high,no,model,high,none,model,high
V2-0080,RDAC,8-K,2024-10-15,"1.01,3.02,5.03,8.01,9.01",none,model,high,none,model,high,none,model,high,priced_offering,model,high,no,model,high,none,model,high
V2-0081,PRPL,8-K,2024-10-16,"3.03,5.03,5.07,9.01",none,model,high,none,model,high,none,model,high,none,model,high,no,model,high,none,model,high
V2-0082,BJDX,8-K,2024-10-16,"5.03,9.01",none,model,high,none,model,high,none,model,high,none,model,high,no,model,high,none,model,high
V2-0083,DFNS,8-K,2024-10-18,"3.03,5.03,5.07,9.01",announced,model,high,1-for-8,model,high,deficiency_notice,model,medium,none,model,high,no,model,high,none,model,high
V2-0084,HCTI,8-K,2024-10-25,"1.01,2.03,2.04,3.02,5.03,9.01",none,model,high,none,model,high,none,model,high,convertible_or_warrants,model,high,no,model,high,merger_or_acquisition,model,high
V2-0085,DFNS,8-K,2024-11-12,"1.01,3.02,5.02,5.03,8.01,9.01",none,model,high,none,model,high,regained_compliance,model,medium,private_placement,model,high,no,model,high,none,model,medium
V2-0086,BJDX,8-K,2024-11-18,"3.03,5.03,5.07,8.01,9.01",effective,model,high,1-for-50,model,high,none,model,high,none,model,high,no,model,high,none,model,high
V2-0087,CTXR,8-K,2024-11-26,"3.03,5.03,8.01,9.01",effective,model,high,1-for-25,model,high,deficiency_notice,model,medium,none,model,high,no,model,high,none,model,high
V2-0088,ESLA,8-K,2024-11-26,"5.03,9.01",none,model,high,none,model,high,none,model,high,none,model,high,no,model,high,none,model,high
V2-0089,IPST,8-K,2024-11-26,"1.01,3.02,5.02,5.03,9.01",none,model,high,none,model,high,none,model,high,priced_offering,model,high,no,model,high,none,model,high
V2-0090,NEUP,8-K,2024-12-23,"1.01,3.01,3.02,3.03,5.01,5.02,5.03,5.05,8.01,9.01",none,model,medium,none,model,medium,none,model,low,convertible_or_warrants,model,low,no,model,high,none,model,low
V2-0091,ATER,8-K,2024-03-21,"3.03,5.03,9.01",effective,model,medium,1-for-12,model,medium,none,model,high,none,model,high,no,model,high,none,model,high
V2-0092,SLE,8-K,2024-06-10,"5.03,9.01",none,model,high,none,model,high,none,model,high,none,model,high,no,model,high,none,model,high
V2-0093,SLE,8-K,2024-07-02,"1.01,3.02,5.03,9.01",none,model,high,none,model,high,none,model,high,convertible_or_warrants,model,medium,no,model,high,none,model,high
V2-0094,SLE,8-K,2024-07-16,"1.01,3.02,5.03,9.01",none,model,high,none,model,high,none,model,high,convertible_or_warrants,model,medium,no,model,high,none,model,high
V2-0095,WRAP,8-K,2024-08-23,"1.01,3.03,5.03,9.01",none,model,high,none,model,high,none,model,high,convertible_or_warrants,model,low,no,model,high,none,model,high
V2-0096,SLE,8-K,2024-09-23,"1.01,3.02,5.03,9.01",none,model,high,none,model,high,none,model,high,convertible_or_warrants,model,medium,no,model,high,none,model,high
V2-0097,SLE,8-K,2024-10-01,"1.01,3.02,5.03,9.01",none,model,high,none,model,high,none,model,high,convertible_or_warrants,model,medium,no,model,high,none,model,high
V2-0098,AMIX,8-K,2024-10-28,"3.03,5.03,8.01,9.01",effective,model,medium,1-for-20,model,high,none,model,high,none,model,high,no,model,high,none,model,high
V2-0099,WRAP,8-K,2024-12-02,"1.01,3.03,5.03,9.01",none,model,high,none,model,high,none,model,high,convertible_or_warrants,model,low,no,model,high,none,model,high
V2-0100,WRAP,8-K,2024-12-09,"3.03,5.03,9.01",none,model,high,none,model,high,none,model,high,convertible_or_warrants,model,low,no,model,high,none,model,high
V2-0101,EDBL,8-K,2024-01-26,"1.01,5.02,5.03,9.01",none,model,high,none,model,high,none,model,high,none,model,high,no,model,high,officer_departure,model,high
V2-0102,EDBL,8-K,2024-04-02,"3.03,5.03,8.01,9.01",announced,model,high,1-for-20,model,high,none,model,medium,none,model,high,no,model,high,none,model,high
V2-0103,CELZ,8-K,2024-05-17,"1.01,3.02,3.03,5.03,5.08,9.01",none,model,high,none,model,high,none,model,high,none,model,low,no,model,high,none,model,high
V2-0104,SOBR,8-K,2024-10-01,"5.03,7.01,9.01",announced,model,high,1-for-110,model,high,none,model,high,none,model,high,no,model,high,none,model,high
V2-0105,BCHT,8-K,2024-10-17,"5.03,7.01,8.01,9.01",none,model,high,none,model,high,none,model,high,none,model,high,no,model,high,none,model,high
V2-0106,BCHT,8-K,2024-11-15,"5.03,8.01,9.01",none,model,high,none,model,high,none,model,medium,none,model,high,no,model,high,none,model,high
V2-0107,CELZ,8-K,2024-12-26,"5.03,5.07,9.01",none,model,high,none,model,high,none,model,high,convertible_or_warrants,model,medium,no,model,high,none,model,high
V2-0108,HWH,8-K,2024-01-12,"1.01,1.02,2.01,3.01,3.02,3.03,5.01,5.02,5.03,5.05,7.01,9.01",none,model,high,none,model,high,none,model,medium,private_placement,model,low,no,model,high,merger_or_acquisition,model,high
V2-0109,CTOR,8-K,2024-01-18,"1.01,2.03,5.03,5.07,8.01,9.01",none,model,high,none,model,high,none,model,high,none,model,high,no,model,high,none,model,low
V2-0110,INDP,8-K,2024-01-23,"5.03,9.01",none,model,high,none,model,high,none,model,high,none,model,high,no,model,high,none,model,high
V2-0111,TRUG,8-K,2024-02-01,"5.03,5.07,8.01,9.01",none,model,high,none,model,high,none,model,high,none,model,medium,no,model,high,merger_or_acquisition,model,high
V2-0112,GTBP,8-K,2024-02-01,"3.03,5.03,7.01,9.01",announced,model,high,1-for-30,model,high,none,model,high,none,model,high,no,model,high,none,model,high
V2-0113,TRUG,8-K,2024-02-06,"1.01,2.01,3.01,3.02,3.03,5.01,5.02,5.03,5.05,5.06,7.01,9.01",none,model,high,none,model,high,halt,model,low,convertible_or_warrants,model,low,no,model,high,merger_or_acquisition,model,high
V2-0114,QCLS,8-K,2024-02-13,"3.03,5.03,7.01,9.01",announced,model,high,1-for-30,model,high,none,model,high,none,model,high,no,model,high,none,model,high
V2-0115,QCLS,8-K,2024-03-07,"1.01,3.03,5.03,9.01",none,model,high,none,model,high,none,model,high,none,model,high,no,model,high,none,model,low
V2-0116,GAME,8-K,2024-03-13,"1.01,2.01,3.02,3.03,5.02,5.03,7.01,9.01",none,model,high,none,model,high,none,model,high,private_placement,model,high,no,model,high,merger_or_acquisition,model,high
V2-0117,SQFTP,8-K,2024-03-22,"5.03,9.01",none,model,high,none,model,high,none,model,high,none,model,high,no,model,high,none,model,high
V2-0118,SRXH,8-K,2024-03-25,"3.03,5.03,9.01",effective,model,high,1-for-44,model,high,none,model,high,none,model,high,no,model,high,none,model,high
V2-0119,QCLS,8-K/A,2024-03-26,"5.03,9.01",none,model,high,none,model,high,none,model,high,none,model,high,no,model,high,none,model,high
V2-0120,OPHC,8-K,2024-03-28,"1.01,3.02,5.03,9.01",none,model,high,none,model,high,none,model,high,private_placement,model,high,no,model,high,none,model,high
V2-0121,GWAV,8-K,2024-04-01,"1.01,3.02,3.03,5.03,9.01",none,model,high,none,model,high,regained_compliance,model,medium,convertible_or_warrants,model,high,no,model,high,none,model,high
V2-0122,GWAV,8-K/A,2024-04-02,"1.01,3.02,3.03,5.03,9.01",none,model,high,none,model,high,regained_compliance,model,medium,convertible_or_warrants,model,high,no,model,high,none,model,high
V2-0123,KUST,8-K,2024-04-05,"5.03,9.01",none,model,high,none,model,high,none,model,high,none,model,high,no,model,high,none,model,high
V2-0124,QCLS,8-K,2024-04-08,"1.01,3.03,5.02,5.03,9.01",none,model,high,none,model,high,none,model,high,none,model,medium,no,model,high,none,model,high
V2-0125,MYSZ,8-K,2024-04-15,"3.03,5.03,5.07,8.01,9.01",announced,model,high,1-for-8,model,high,none,model,high,none,model,high,no,model,high,none,model,high
V2-0126,GCTK,8-K,2024-05-20,"5.03,9.01",effective,model,high,1-for-5,model,high,none,model,high,none,model,high,no,model,high,none,model,high
V2-0127,QCLS,8-K,2024-05-21,"1.01,3.02,3.03,5.03,8.01,9.01",none,model,high,none,model,high,none,model,high,private_placement,model,medium,no,model,high,none,model,high
V2-0128,QCLS,8-K,2024-05-23,"3.03,5.03,8.01,9.01",none,model,high,none,model,high,none,model,high,private_placement,model,medium,no,model,high,none,model,high
V2-0129,NCPL,8-K,2024-05-29,"1.01,3.02,3.03,9.01",none,model,high,none,model,high,none,model,high,convertible_or_warrants,model,high,no,model,high,none,model,high
V2-0130,GWAV,8-K,2024-06-03,"5.03,8.01,9.01",effective,model,high,1-for-150,model,high,none,model,high,none,model,high,no,model,high,none,model,high
V2-0131,GWAV,8-K,2024-06-03,"5.03,9.01",none,model,high,none,model,high,none,model,high,none,model,high,no,model,high,none,model,high
V2-0132,BNC,8-K,2024-06-05,3.03,announced,model,low,1-for-12,model,high,none,model,medium,none,model,high,no,model,high,none,model,high
V2-0133,BIAF,8-K,2024-06-05,"5.02,5.03,5.07,9.01",none,model,high,none,model,high,none,model,high,convertible_or_warrants,model,low,no,model,high,none,model,high
V2-0134,SONM,8-K,2024-06-14,"5.03,9.01",none,model,high,none,model,high,none,model,high,none,model,high,no,model,high,none,model,high
V2-0135,QCLS,8-K,2024-06-17,"1.01,3.03,5.02,5.03,8.01",none,model,high,none,model,high,none,model,high,convertible_or_warrants,model,low,no,model,high,none,model,low
V2-0136,GCTK,8-K,2024-06-20,"5.02,5.03,7.01,9.01",none,model,high,none,model,high,none,model,low,none,model,high,no,model,high,none,model,high
V2-0137,QCLS,8-K,2024-06-24,"3.03,5.03,9.01",none,model,high,none,model,high,none,model,high,convertible_or_warrants,model,low,no,model,high,none,model,high
V2-0138,SQFTP,8-K,2024-06-24,"1.01,5.03,8.01,9.01",none,model,high,none,model,high,none,model,high,priced_offering,model,medium,no,model,high,none,model,high
V2-0139,EZRA,8-K,2024-06-26,"5.03,7.01,9.01",announced,model,high,1-for-17,model,high,none,model,high,none,model,high,no,model,high,none,model,high
V2-0140,YYAI,8-K,2024-07-02,"5.03,9.01",effective,model,high,1-for-20,model,high,none,model,high,none,model,high,no,model,high,none,model,high
V2-0141,JTAI,8-K,2024-07-17,"1.01,3.03,5.03,9.01",none,model,high,none,model,high,none,model,high,convertible_or_warrants,model,medium,no,model,high,none,model,high
V2-0142,SONM,8-K,2024-07-18,"3.03,5.03,9.01",effective,model,high,1-for-10,model,high,none,model,high,none,model,high,no,model,high,none,model,high
V2-0143,QCLS,8-K,2024-07-26,"5.03,7.01,9.01",none,model,high,none,model,high,none,model,high,none,model,high,no,model,high,none,model,high
V2-0144,QCLS,8-K,2024-07-26,"3.03,5.03,5.07,9.01",none,model,high,none,model,high,none,model,high,convertible_or_warrants,model,low,no,model,high,none,model,high
V2-0145,GNLN,8-K,2024-07-31,"5.03,5.07,7.01,9.01",announced,model,high,1-for-11,model,high,none,model,high,none,model,high,no,model,high,none,model,high
V2-0146,NCPL,8-K,2024-08-02,"3.03,5.03,8.01,9.01",effective,model,high,1-for-70,model,high,none,model,high,none,model,high,no,model,high,none,model,high
V2-0147,BIAF,8-K,2024-08-05,"1.01,3.02,3.03,8.01,9.01",none,model,high,none,model,high,none,model,high,convertible_or_warrants,model,low,no,model,high,none,model,high
V2-0148,SHPH,8-K,2024-08-07,"1.01,3.03,5.03,8.01,9.01",announced,model,high,1-for-8,model,high,none,model,high,none,model,medium,no,model,high,restatement,model,medium
V2-0149,JTAI,8-K,2024-08-08,"5.03,9.01",none,model,high,none,model,high,none,model,high,none,model,high,no,model,high,none,model,high
V2-0150,QCLS,8-K,2024-08-14,"1.01,3.03,5.03,9.01",none,model,high,none,model,high,none,model,high,convertible_or_warrants,model,low,no,model,high,none,model,high
V2-0151,JTAI,8-K,2024-08-23,"1.01,3.03,8.01,9.01",none,model,high,none,model,high,none,model,high,convertible_or_warrants,model,medium,no,model,high,none,model,medium
V2-0152,ATPC,8-K,2024-08-28,"3.03,5.03,7.01,9.01",announced,model,high,1-for-20,model,high,none,model,high,none,model,high,no,model,high,none,model,high
V2-0153,ATPC,8-K,2024-08-30,"3.03,5.03,7.01,9.01",effective,model,medium,1-for-20,model,high,none,model,high,none,model,high,no,model,high,none,model,high
V2-0154,JTAI,8-K,2024-09-26,"5.02,5.03,5.07,9.01",none,model,high,none,model,high,none,model,high,convertible_or_warrants,model,low,no,model,high,none,model,medium
V2-0155,AVX,8-K,2024-10-03,"5.03,9.01",none,model,high,none,model,high,none,model,high,none,model,high,no,model,high,none,model,high
V2-0156,BENF,8-K,2024-10-04,"1.02,5.03,5.07,9.01",none,model,high,none,model,high,none,model,high,none,model,medium,no,model,high,none,model,medium
V2-0157,IVF,8-K,2024-10-15,"1.01,2.01,3.02,5.02,5.03,8.01,9.01",none,model,high,none,model,high,deficiency_notice,model,high,convertible_or_warrants,model,medium,no,model,high,merger_or_acquisition,model,high
V2-0158,ENSC,8-K,2024-10-18,"5.03,9.01",none,model,high,none,model,high,none,model,high,none,model,high,no,model,high,none,model,high
V2-0159,BIAF,8-K,2024-10-21,"1.01,3.02,5.03,8.01,9.01",none,model,high,none,model,high,none,model,high,priced_offering,model,medium,no,model,high,none,model,high
V2-0160,AIXC,8-K,2024-11-01,"5.03,7.01,9.01",announced,model,high,1-for-50,model,high,none,model,high,none,model,high,no,model,high,none,model,high
V2-0161,KUST,8-K,2024-11-01,"5.03,9.01",none,model,high,none,model,high,none,model,high,none,model,high,no,model,high,none,model,high
V2-0162,KUST,8-K/A,2024-11-05,"5.03,9.01",none,model,high,none,model,high,none,model,high,none,model,high,no,model,high,none,model,high
V2-0163,KUST,8-K,2024-11-08,"1.02,5.03,9.01",none,model,high,none,model,high,none,model,high,none,model,high,no,model,high,none,model,medium
V2-0164,JTAI,8-K,2024-11-08,"3.03,5.03,7.01,9.01",announced,model,high,1-for-225,model,high,none,model,low,none,model,high,no,model,high,none,model,high
V2-0165,AIXC,8-K,2024-11-08,"3.03,5.03,8.01",effective,model,medium,1-for-50,model,high,none,model,medium,none,model,high,no,model,high,none,model,high
V2-0166,JTAI,8-K/A,2024-11-12,"5.03,7.01,9.01",effective,model,low,none,model,medium,none,model,medium,none,model,high,no,model,high,none,model,high
V2-0167,GWAV,8-K,2024-11-18,"5.03,9.01",none,model,high,none,model,high,none,model,high,none,model,medium,no,model,high,none,model,high
V2-0168,AIXC,8-K,2024-11-21,"1.01,3.02,3.03,8.01,9.01",none,model,high,none,model,high,none,model,medium,private_placement,model,medium,no,model,high,none,model,high
V2-0169,NRXS,8-K,2024-11-21,"3.03,5.03,9.01",none,model,high,none,model,high,none,model,high,none,model,medium,no,model,high,none,model,high
V2-0170,XAIR,8-K,2024-11-26,"5.02,5.03,5.07,9.01",none,model,high,none,model,high,none,model,high,convertible_or_warrants,model,low,no,model,high,none,model,medium
V2-0171,ENSC,8-K,2024-12-03,"5.03,9.01",announced,model,high,1-for-15,model,high,none,model,high,none,model,high,no,model,high,none,model,high
V2-0172,DBGI,8-K,2024-12-13,"5.03,9.01",effective,model,high,1-for-50,model,high,none,model,high,none,model,high,no,model,high,none,model,high
V2-0173,AIXC,8-K,2024-12-26,"3.03,9.01",none,model,high,none,model,high,none,model,high,none,model,medium,no,model,high,none,model,high
V2-0174,VRA,8-K,2024-09-25,"5.03,9.01",none,model,high,none,model,high,none,model,high,none,model,high,no,model,high,none,model,high
V2-0175,VRA,8-K,2024-10-11,"1.01,3.03,5.03,7.01,9.01",none,model,high,none,model,high,none,model,high,none,model,low,no,model,high,none,model,medium
V2-0176,BIVI,8-K,2024-08-01,"3.03,5.03,5.07,9.01",announced,model,high,1-for-10,model,high,none,model,high,none,model,high,no,model,high,none,model,high
V2-0177,BIVI,8-K/A,2024-08-06,"3.03,5.03,9.01",historical,model,low,1-for-10,model,high,none,model,high,none,model,high,no,model,high,none,model,high
V2-0178,DFDV,8-K,2024-12-20,"3.03,5.03,5.07,9.01",none,model,high,none,model,high,none,model,high,none,model,high,no,model,high,none,model,high
V2-0179,DFDV,8-K,2024-12-30,"3.03,5.03,8.01,9.01",effective,model,high,1-for-8,model,high,none,model,medium,none,model,high,no,model,high,none,model,high
V2-0180,DCOY,8-K,2024-06-14,"3.03,5.03,8.01,9.01",effective,model,high,1-for-8,model,high,none,model,high,none,model,high,no,model,high,none,model,high
V2-0181,CWD,8-K,2024-12-04,5.03,none,model,high,none,model,high,none,model,high,convertible_or_warrants,model,medium,no,model,high,none,model,high
V2-0182,SST,8-K,2024-06-14,"3.03,5.02,5.03,5.07,9.01",none,model,high,none,model,high,none,model,high,none,model,high,no,model,high,auditor_change,model,low
V2-0183,GWH,8-K,2024-08-23,"3.03,5.03,5.07,7.01,8.01",effective,model,high,1-for-15,model,high,none,model,high,none,model,high,no,model,high,none,model,high
V2-0184,AUUD,8-K,2024-02-27,"3.03,5.03,9.01",effective,model,high,1-for-25,model,high,none,model,high,none,model,high,no,model,high,none,model,high
V2-0185,SNOA,8-K,2024-08-28,"5.03,5.07,7.01,9.01",announced,model,high,1-for-20,model,high,none,model,high,none,model,high,no,model,high,none,model,high
V2-0186,AUUD,8-K,2024-09-12,"5.03,9.01",none,model,high,none,model,high,none,model,high,none,model,high,no,model,high,none,model,high
V2-0187,FIRY,8-K,2024-12-11,"5.03,5.07,8.01,9.01",none,model,high,none,model,high,none,model,high,none,model,high,no,model,high,none,model,high
V2-0188,GRI,8-K,2024-01-30,"3.03,5.03,8.01,9.01",effective,model,high,1-for-7,model,high,none,model,high,none,model,high,no,model,high,none,model,high
V2-0189,GRI,8-K,2024-06-14,"3.03,5.03,8.01,9.01",announced,model,high,1-for-13,model,high,none,model,high,none,model,high,no,model,high,none,model,high
V2-0190,GRI,8-K,2024-10-22,"1.01,3.02,3.03,8.01,9.01",none,model,high,none,model,high,none,model,high,convertible_or_warrants,model,high,no,model,high,none,model,high
V2-0191,VIVK,8-K,2024-01-11,"5.03,9.01",none,model,high,none,model,high,none,model,high,none,model,high,no,model,high,none,model,high
V2-0192,LUCY,8-K,2024-07-10,"5.03,5.07,9.01",announced,model,high,1-for-20,model,high,none,model,high,convertible_or_warrants,model,low,no,model,high,none,model,high
V2-0193,LUCY,8-K,2024-09-26,"1.01,3.03,8.01,9.01",none,model,high,none,model,high,none,model,high,none,model,low,no,model,high,none,model,high
V2-0194,XPON,8-K,2024-08-27,"3.03,5.03,8.01,9.01",none,model,high,none,model,high,none,model,medium,convertible_or_warrants,model,low,no,model,high,none,model,high
V2-0195,XPON,8-K,2024-10-07,"3.03,5.03,8.01,9.01",announced,model,high,1-for-100,model,high,none,model,high,none,model,high,no,model,high,none,model,high
V2-0196,SLSN,8-K,2024-03-05,"1.01,2.02,3.02,3.03,5.03,9.01",none,model,high,none,model,high,none,model,high,private_placement,model,medium,no,model,high,none,model,high
