question,bin,lo,hi,n,accuracy
reverse_split,0,0.0,0.1,0,
reverse_split,1,0.1,0.2,0,
reverse_split,2,0.2,0.3,0,
reverse_split,3,0.3,0.4,0,
reverse_split,4,0.4,0.5,1,0.0
reverse_split,5,0.5,0.6,2,0.0
reverse_split,6,0.6,0.7,2,1.0
reverse_split,7,0.7,0.8,1,1.0
reverse_split,8,0.8,0.9,4,1.0
reverse_split,9,0.9,1.0,186,1.0
split_ratio,0,0.0,0.1,0,
split_ratio,1,0.1,0.2,0,
split_ratio,2,0.2,0.3,0,
split_ratio,3,0.3,0.4,0,
split_ratio,4,0.4,0.5,1,0.0
split_ratio,5,0.5,0.6,1,1.0
split_ratio,6,0.6,0.7,0,
split_ratio,7,0.7,0.8,0,
split_ratio,8,0.8,0.9,1,1.0
split_ratio,9,0.9,1.0,193,1.0
listing_status,0,0.0,0.1,0,
listing_status,1,0.1,0.2,0,
listing_status,2,0.2,0.3,0,
listing_status,3,0.3,0.4,0,
listing_status,4,0.4,0.5,0,
listing_status,5,0.5,0.6,6,0.6667
listing_status,6,0.6,0.7,3,0.6667
listing_status,7,0.7,0.8,2,0.5
listing_status,8,0.8,0.9,5,0.6
listing_status,9,0.9,1.0,180,0.9833
dilution_event,0,0.0,0.1,0,
dilution_event,1,0.1,0.2,0,
dilution_event,2,0.2,0.3,0,
dilution_event,3,0.3,0.4,0,
dilution_event,4,0.4,0.5,2,1.0
dilution_event,5,0.5,0.6,4,0.75
dilution_event,6,0.6,0.7,9,0.4444
dilution_event,7,0.7,0.8,10,0.6
dilution_event,8,0.8,0.9,17,0.7647
dilution_event,9,0.9,1.0,154,0.9481
going_concern,0,0.0,0.1,0,
going_concern,1,0.1,0.2,0,
going_concern,2,0.2,0.3,0,
going_concern,3,0.3,0.4,0,
going_concern,4,0.4,0.5,0,
going_concern,5,0.5,0.6,2,0.5
going_concern,6,0.6,0.7,0,
going_concern,7,0.7,0.8,0,
going_concern,8,0.8,0.9,2,0.0
going_concern,9,0.9,1.0,192,1.0
other_material,0,0.0,0.1,0,
other_material,1,0.1,0.2,0,
other_material,2,0.2,0.3,0,
other_material,3,0.3,0.4,0,
other_material,4,0.4,0.5,1,1.0
other_material,5,0.5,0.6,3,0.3333
other_material,6,0.6,0.7,5,0.4
other_material,7,0.7,0.8,4,1.0
other_material,8,0.8,0.9,5,0.6
other_material,9,0.9,1.0,178,1.0
