cal_id,priority,ticker,form,items,filing_date,text_file,doc_url,why_in_audit,yahoo_split,label_reverse_split,model_quote_reverse_split,audit_label_reverse_split,label_split_ratio,model_quote_split_ratio,audit_label_split_ratio,label_listing_status,model_quote_listing_status,audit_label_listing_status,label_dilution_event,model_quote_dilution_event,audit_label_dilution_event,label_going_concern,model_quote_going_concern,audit_label_going_concern,label_other_material,model_quote_other_material,audit_label_other_material,audit_note
CAL-0049,A,SKYE,8-K,3.01,2026-08-19,text/0001628280-26-057804.txt,https://www.sec.gov/Archives/edgar/data/1516551/000162828026057804/skye-20260818.htm,other_material:moderate_truth(none)!=model,2026-08-24 1:8 off=5,none,not mentioned,,none,not mentioned,,deficiency_notice,"the Company was not in compliance with Nasdaq Capital Market's Listing Rule 5550(b)(1), which requires a $2,500,000 minimum stockholders' equity standard",,none,not mentioned,,no,not mentioned,,merger_or_acquisition,"the Transaction Agreement, dated as of August 14, 2026, by and between the Company and Redx (the ""Transaction Agreement"")",,
CAL-0068,A,SONM,8-K,"1.01,9.01",2025-07-22,text/0001641172-25-020576.txt,https://www.sec.gov/Archives/edgar/data/1178697/000164117225020576/form8-k.htm,other_material:moderate_truth(none)!=model,2024-07-18 1:10 off=-369,none,not mentioned,,none,not mentioned,,none,not mentioned,,none,not mentioned,,no,not mentioned,,merger_or_acquisition,the Buyer agreed to acquire substantially all assets of the Company and its subsidiaries related to the Company's enterprise 5G solutions business,,
CAL-0103,A,YHC,8-K,3.01,2025-04-02,text/0001213900-25-027750.txt,https://www.sec.gov/Archives/edgar/data/1843165/000121390025027750/ea0236921-8k_lqrhouse.htm,dilution_event:moderate_truth(none)!=model,2025-04-21 1:35 off=19,none,not mentioned,,none,not mentioned,,regained_compliance,"As of April 2, 2025, the Company believes it is in compliance with the Minimum Equity Requirement",,atm_or_equity_line,"received net proceeds of $5,014,022 from the sale of its common stock through the Company's ""ATM"" program",,no,not mentioned,,none,not mentioned,,
CAL-0106,A,KIDZ,8-K,"3.03,5.03,5.07,9.01",2026-09-10,text/0001477932-26-005517.txt,https://www.sec.gov/Archives/edgar/data/2022308/000147793226005517/kidz_8k.htm,reverse_split:truth!=model(none);split_ratio:truth!=model(none);dilution_event:moderate_truth(none)!=model,2026-08-13 1:15 off=-28,effective,not mentioned,,1-for-15,not mentioned,,none,not mentioned,,atm_or_equity_line,"approve the issuance of certain shares of Class B common stock pursuant to that certain ChEF Purchase Agreement, dated May 21, 2026",,no,not mentioned,,none,not mentioned,,
CAL-0114,A,ZSTK,8-K,"1.01,2.01,2.03,3.02,5.02,9.01",2025-09-23,text/0001062993-25-015748.txt,https://www.sec.gov/Archives/edgar/data/1790169/000106299325015748/form8k.htm,other_material:truth!=model(officer_departure),2025-08-04 1:39 off=-50,none,not mentioned,,none,not mentioned,,none,not mentioned,,private_placement,"via a private placement (the ""Cash Private Placement"") of an aggregate of 116,340 common shares ... at a purchase price of US$25.19 per share",,no,not mentioned,,merger_or_acquisition,"On September 20, 2025, Mr. Clifford Starke resigned as a director and the Chief Executive Officer of the Company.",,
CAL-0121,A,KIDZ,8-K,"1.01,2.01,3.02,7.01,9.01",2025-07-07,text/0001477932-25-004929.txt,https://www.sec.gov/Archives/edgar/data/2022308/000147793225004929/class_8k.htm,other_material:truth!=model(none),,none,not mentioned,,none,not mentioned,,none,not mentioned,,private_placement,"issued to the Seller (i) 800,000 shares (the ""Shares"") of its Class B common stock ... and (ii) pre-funded warrants ... to purchase 739,278 shares",,no,not mentioned,,merger_or_acquisition,The Company has determined that the acquisition does not constitute the acquisition of a business under Rule 11-01(d) of Regulation S-X,,
CAL-0127,A,SLE,8-K,3.01,2025-10-14,text/0001437749-25-030939.txt,https://www.sec.gov/Archives/edgar/data/1621672/000143774925030939/slgg20251014_8k.htm,dilution_event:moderate_truth(none)!=model;model_low_conf,2025-06-23 1:40 off=-113,none,not mentioned,,none,not mentioned,,delisting_determination,"The Company received a delisting determination letter on October 8, 2025",,private_placement,"the Company anticipates the sale of the initial tranche of not less than $10.0 million in securities to be consummated on October 20, 2025",,no,not mentioned,,none,not mentioned,,
CAL-0159,A,IQST,8-K,"3.03,5.03,9.01",2026-06-17,text/0001663577-26-000194.txt,https://www.sec.gov/Archives/edgar/data/1527702/000166357726000194/iqst8k061726.htm,dilution_event:moderate_truth(none)!=model,,none,not mentioned,,none,not mentioned,,none,not mentioned,,convertible_or_warrants,Permit holders of Series B Preferred Stock to convert their shares into shares of the Company's common stock at any time,,no,not mentioned,,none,not mentioned,,
CAL-0162,A,SPRC,F-3/A,,2026-08-19,text/0001213900-26-091651.txt,https://www.sec.gov/Archives/edgar/data/1611746/000121390026091651/ea0302331-f3a1_scisparc.htm,reverse_split:relabeled_historical,2026-03-04 1:9 off=-168,historical,"our 1-for-9 reverse share split of our issued and outstanding Ordinary Shares effected prior to the start of trading on Nasdaq on March 4, 2026",,1-for-9,our 1-for-9 reverse share split,,none,not mentioned,,convertible_or_warrants,"we may issue and sell, from time to time to a Selling Shareholder, convertible promissory notes, or the Promissory Notes",,no,not mentioned,,none,not mentioned,,
CAL-0167,A,TRUG,8-K,"3.03,5.03,9.01",2026-03-13,text/0001493152-26-010064.txt,https://www.sec.gov/Archives/edgar/data/1857086/000149315226010064/form8-k.htm,reverse_split:truth!=model(none);split_ratio:truth!=model(none),2026-03-27 1:10 off=14,announced,not mentioned,,1-for-10,not mentioned,,none,not mentioned,,none,not mentioned,,no,not mentioned,,none,not mentioned,,
CAL-0178,A,MEDS,S-1,,2026-08-07,text/0001493152-26-036665.txt,https://www.sec.gov/Archives/edgar/data/2030763/000149315226036665/forms-1.htm,reverse_split:relabeled_historical,2026-05-26 1:50 off=-73,historical,"On May 26, 2026, we effected a 1-for-50 reverse stock split of our common stock.",,1-for-50,we effected a 1-for-50 reverse stock split of our common stock,,deficiency_notice,"We timely submitted such a plan and were granted until October 12, 2026 to demonstrate compliance.",,convertible_or_warrants,"we issued and sold convertible promissory notes in the aggregate principal amount of $21,132,812.50 ... and warrants to purchase up to 8,298,225 shares",,no,not mentioned,,none,appointed Gerald Commissiong as our Interim Co-Chief Executive Officer,,
CAL-0190,A,GTBP,8-K,"1.01,3.02,3.03,5.03,9.01",2026-09-15,text/0001493152-26-042672.txt,https://www.sec.gov/Archives/edgar/data/109657/000149315226042672/form8-k.htm,reverse_split:truth!=model(none);split_ratio:truth!=model(none),2026-09-08 1:25 off=-7,effective,not mentioned,,1-for-25,not mentioned,,none,not mentioned,,convertible_or_warrants,"issuance and sale to the Purchasers of (i) up to 8,277.778 shares of the Company's Series M 10% Convertible Preferred Stock ... (ii) warrants",,no,not mentioned,,none,not mentioned,,
CAL-0208,A,ZSTK,8-K,"1.01,2.01,3.02,5.02,9.01",2026-08-19,text/0001062993-26-004501.txt,https://www.sec.gov/Archives/edgar/data/1790169/000106299326004501/form8k.htm,other_material:truth!=model(none),2025-08-04 1:39 off=-380,none,not mentioned,,none,not mentioned,,none,not mentioned,,private_placement,"the Company agreed to issue and sell to the Investors an aggregate of 3,500,000 shares of the Company's common shares (the ""Shares"") and pre-funded warrants",,no,not mentioned,,merger_or_acquisition,the Board of Directors of the Company appointed Rudy Rong as President of the Company,,
CAL-0209,A,AEMD,8-K,"3.03,5.03,9.01",2025-10-16,text/0001683168-25-007586.txt,https://www.sec.gov/Archives/edgar/data/882291/000168316825007586/aemd_8k.htm,reverse_split:truth!=model(effective),2025-10-20 1:10 off=4,announced,"The Reverse Stock Split will become effective as of 10:00 am. Eastern Time on October 16, 2025 (the ""Effective Date"").",,1-for-10,"authorizing a 1-for-10 reverse stock split (the ""Reverse Stock Split"")",,none,including but not limited dilution management and continued compliance with Nasdaq Listing Rule 5550(a)(2),,none,not mentioned,,no,not mentioned,,none,not mentioned,,
CAL-0217,A,NTHI,8-K,"1.01,9.01",2025-07-30,text/0001829126-25-005605.txt,https://www.sec.gov/Archives/edgar/data/1979414/000182912625005605/neonctechnologies_8k.htm,dilution_event:model_low_conf;other_material:moderate_truth(none)!=model,,none,not mentioned,,none,not mentioned,,none,not mentioned,,private_placement,"The purchase price for the Proposed Transaction will be: an amount of shares of Company common stock equal to (a) 120,000 shares",,no,not mentioned,,merger_or_acquisition,entered into a binding letter of intent ... whereby the Company will acquire all of the equity interest of the to-be-formed Delaware limited liability Company,,
CAL-0222,A,VIVK,8-K,3.01,2026-04-28,text/0001829126-26-004048.txt,https://www.sec.gov/Archives/edgar/data/1450704/000182912626004048/vivakorinc_8k.htm,reverse_split:relabeled_historical,2026-03-24 1:200 off=-35,historical,"On March 24, 2026, the Company effected a 1-for-200 reverse stock split of the Common Stock in order to satisfy the Minimum Bid Price Requirement.",,1-for-200,the Company effected a 1-for-200 reverse stock split of the Common Stock,,regained_compliance,"the Nasdaq Hearing Panel (the ""Panel"") has determined that the Company is in compliance with the Minimum Bid Price Requirement",,none,not mentioned,,no,not mentioned,,none,not mentioned,,
CAL-0233,A,FFAI,8-K,"3.03,5.03,9.01",2025-04-09,text/0001213900-25-030369.txt,https://www.sec.gov/Archives/edgar/data/1805521/000121390025030369/ea0237636-8k_faraday.htm,dilution_event:moderate_truth(none)!=model,2024-08-19 1:40 off=-233,none,not mentioned,,none,not mentioned,,none,not mentioned,,convertible_or_warrants,a number of shares of Series B Preferred Stock equal to the number of shares of Common Stock received by such noteholder upon conversion,,no,not mentioned,,none,not mentioned,,
CAL-0235,A,TPST,8-K,"1.01,2.01,3.02,5.01,5.02,9.01",2026-02-06,text/0001193125-26-041190.txt,https://www.sec.gov/Archives/edgar/data/1544227/000119312526041190/d159400d8k.htm,other_material:truth!=model(officer_departure),2025-04-09 1:13 off=-303,none,not mentioned,,none,not mentioned,,none,not mentioned,,private_placement,"completed the acquisition of the Assets under the Asset Purchase Agreement (the ""Asset Acquisition"") and issued to Erigen 8,268,495 shares of Common Stock",,no,not mentioned,,merger_or_acquisition,Mr. Brady resigned from his positions of President and Chief Executive Officer of the Company,,
CAL-0238,A,SHPH,8-K,3.01,2025-11-17,text/0001493152-25-023845.txt,https://www.sec.gov/Archives/edgar/data/1757499/000149315225023845/form8-k.htm,dilution_event:moderate_truth(none)!=model,2025-06-16 1:25 off=-154,none,not mentioned,,none,not mentioned,,regained_compliance,"it has regained compliance with the Stockholders' Equity Requirement based upon the Company's private placement consummated on November 4, 2025",,private_placement,"the Company's private placement consummated on November 4, 2025, pursuant to which the Company raised aggregate gross proceeds of approximately $2.5 million",,no,not mentioned,,none,not mentioned,,
CAL-0275,A,ACXP,S-3/A,,2025-12-30,text/0001104659-25-125201.txt,https://www.sec.gov/Archives/edgar/data/1736243/000110465925125201/tm2534261d1_s3a.htm,reverse_split:relabeled_historical,2025-08-05 1:20 off=-147,historical,"the Reverse Stock Split became effective as of 4:01 p.m. Eastern Time on August 4, 2025",,1-for-20,to effect a reverse stock split of our common stock at a ratio of 1-for-20,,none,our ability to comply with the listing requirements of The Nasdaq Capital Market,,atm_or_equity_line,Lincoln Park agreed to purchase from us up to an aggregate of $12.0 million of our common stock (subject to certain limitations),,no,not mentioned,,none,not mentioned,,
CAL-0287,A,BOXL,8-K,"1.01,3.02,5.03,7.01,9.01",2025-02-21,text/0001104659-25-016143.txt,https://www.sec.gov/Archives/edgar/data/1624512/000110465925016143/tm257212d1_8k.htm,reverse_split:truth!=model(none);split_ratio:truth!=model(none),2025-02-18 1:5 off=-3,effective,not mentioned,,1-for-5,not mentioned,,none,not mentioned,,private_placement,"agreed to issue and sell, in a private placement priced at-the-market under the rules of The Nasdaq Stock Market (the ""Private Placement"")",,no,not mentioned,,none,not mentioned,,
CAL-0318,A,JAGX,8-K,"1.01,4.01",2025-02-20,text/0000950170-25-024228.txt,https://www.sec.gov/Archives/edgar/data/1585608/000095017025024228/jagx-20250219.htm,other_material:truth!=model(none),2025-03-24 1:25 off=32,none,not mentioned,,none,not mentioned,,none,not mentioned,,none,"Pursuant to Note Amendment, the maturity date of the Note is extended to January 20, 2026.",,no,not mentioned,,auditor_change,not mentioned,,
CAL-0343,A,ATER,8-K,"1.01,1.02,2.01,3.02,3.03,5.01,5.02,5.03,5.07,8.01,9.01",2026-07-20,text/0001437749-26-023879.txt,https://www.sec.gov/Archives/edgar/data/1757715/000143774926023879/ater20260718_8k.htm,other_material:truth!=model(officer_departure),,none,"having an aggregate ratio of 1-for-2 to 1-for-99 (the ""Range""), with the ratio at which the Reverse Stock Split would be effected",,none,not mentioned,,none,not mentioned,,convertible_or_warrants,"Lazar purchased from the Company (a) 1,750,000 shares of Series AA Convertible Non-Redeemable Preferred Stock",,no,not mentioned,,merger_or_acquisition,"In connection with Lazar's appointment, Arturo Rodriguez's position as the Company's Chief Executive Officer terminated.",,
CAL-0370,A,JAGX,8-K,"5.03,9.01",2026-03-03,text/0001193125-26-086882.txt,https://www.sec.gov/Archives/edgar/data/1585608/000119312526086882/d236488d8k.htm,dilution_event:moderate_truth(none)!=model;model_low_conf,2026-04-30 1:35 off=58,none,not mentioned,,none,not mentioned,,none,not mentioned,,convertible_or_warrants,declared a special one-time dividend of one-tenth of one share of Series O Preferred Stock (as defined below) for each share of voting common stock,,no,not mentioned,,none,not mentioned,,
CAL-0398,A,AEMD,8-K,"3.03,5.03,9.01",2026-07-31,text/0001683168-26-005850.txt,https://www.sec.gov/Archives/edgar/data/882291/000168316826005850/aethlon_8k.htm,reverse_split:truth!=model(effective),2026-08-04 1:5 off=4,announced,"The Reverse Stock Split will become effective as of 10:00 a.m. Eastern Time on July 31, 2026 (the ""Effective Date"")",,1-for-5,"authorizing a 1-for-5 reverse stock split (the ""Reverse Stock Split"")",,none,including but not limited dilution management and continued compliance with Nasdaq Listing Rule 5550(a)(2),,none,not mentioned,,no,not mentioned,,none,not mentioned,,
CAL-0411,A,NXU,8-K,3.01,2025-04-07,text/0001214659-25-005535.txt,https://www.sec.gov/Archives/edgar/data/1722969/000121465925005535/i442518k.htm,reverse_split:effective_but_no_yahoo_split,,effective,"The Reverse Stock Split became effective at 12:01 a.m. Eastern Time on March 31, 2025.",,1-for-20,at a ratio of 1-for-20,,delisting_determination,"the Company's securities will be suspended from trading on Nasdaq CM at the opening of business on April 10, 2025",,none,not mentioned,,no,not mentioned,,none,not mentioned,,
CAL-0435,A,BCAB,8-K,"3.01,7.01",2026-02-06,text/0001193125-26-041367.txt,https://www.sec.gov/Archives/edgar/data/1826892/000119312526041367/bcab-20260206.htm,dilution_event:moderate_truth(none)!=model,2026-04-06 1:50 off=59,none,Nasdaq's recent decision to secretly overturn longstanding Nasdaq policy regarding the use of super-voting stock to obtain shareholder approval for a reverse stock split,,none,not mentioned,,delisting_determination,"the Nasdaq Hearings Panel (the ""Panel"") has determined to suspend the Company's securities from Nasdaq (the ""Delist Determination"")",,atm_or_equity_line,"the Company has the right to sell to Yorkville up to $15.0 million of shares of Common Stock, subject to certain limitations",,no,the Company's ability to continue as a going concern and that it will need additional funding,,none,not mentioned,,
CAL-0448,A,NCL,8-K,"3.01,4.01,4.02,5.02,9.01",2026-08-10,text/0001575872-26-000562.txt,https://www.sec.gov/Archives/edgar/data/1923780/000157587226000562/ncl121_8k.htm,other_material:truth!=model(auditor_change),,none,not mentioned,,none,not mentioned,,halt,"As of the date of this Current Report on Form 8-K (this ""Report""), the Trading Halt remains in place.",,none,not mentioned,,no,not mentioned,,restatement,the Auditor stated it was terminating its engagement with us and resigning as our independent registered public accounting firm,,
CAL-0477,A,ILAL,8-K,"3.03,5.03,5.07,8.01,9.01",2026-02-04,text/0001493152-26-005035.txt,https://www.sec.gov/Archives/edgar/data/1657214/000149315226005035/form8-k.htm,reverse_split:truth!=model(effective);split_ratio:truth!=model(1-for-50),,none,"The Reverse Stock Split became effective as of February 4, 2026",,none,to implement a 1-for-50 reverse split of the Company's common stock,,none,began trading on the OTCQB marketplace on a post-split basis,,none,not mentioned,,no,not mentioned,,none,not mentioned,,
CAL-0484,A,ALVR,8-K,"3.03,5.03,9.01",2025-01-15,text/0001193125-25-007077.txt,https://www.sec.gov/Archives/edgar/data/1754068/000119312525007077/d900097d8k.htm,reverse_split:effective_but_no_yahoo_split,,effective,"Effective as of 4:05 p.m. Eastern Time on January 15, 2025, AlloVir filed the Reverse Stock Split Amendment and effected a 1-for-23 reverse stock split",,1-for-23,the Board approved a reverse stock split of the Common Stock at a ratio of 1-for-23,,none,not mentioned,,none,not mentioned,,no,not mentioned,,none,"This communication relates to the Reverse Stock Split in connection with the proposed merger involving AlloVir and Kalaris Therapeutics, Inc.",,
CAL-0487,A,QTIH,8-K,"3.03,5.03,9.01",2025-10-23,text/0001628280-25-046110.txt,https://www.sec.gov/Archives/edgar/data/1844505/000162828025046110/qti-20251023.htm,reverse_split:effective_but_no_yahoo_split,,effective,"the Reverse Stock Split shall be effective as of 4:01 p.m., Eastern Time, on October 23, 2025",,1-for-3,the Board determined to fix the Reverse Stock Split ratio at 3:1,,none,will begin trading on the OTCQB Venture Market on a reverse split-adjusted basis,,none,not mentioned,,no,not mentioned,,none,not mentioned,,
CAL-0490,A,GMRE,8-K,"3.03,5.03,7.01,8.01,9.01",2025-09-19,text/0001104659-25-091732.txt,https://www.sec.gov/Archives/edgar/data/1533615/000110465925091732/tm2526504d1_8k.htm,reverse_split:effective_but_no_yahoo_split,,effective,"The Amendment, effective as of 5:00 p.m. Eastern Time on September 19, 2025 (the ""Effective Time""), converted every five shares",,1-for-5,the previously announced one-for-five reverse stock split,,none,not mentioned,,none,not mentioned,,no,not mentioned,,none,not mentioned,,
CAL-0491,A,APM,8-K,"2.01,3.03,5.02,5.03,8.01,9.01",2026-07-20,text/0001213900-26-079416.txt,https://www.sec.gov/Archives/edgar/data/1734005/000121390026079416/ea0298262-8k_nikibio.htm,reverse_split:effective_but_no_yahoo_split;dilution_event:model_low_conf,,effective,"the Reverse Split was effective and the Class A Ordinary Shares began trading on a split-adjusted basis when the market opened on July 20, 2026",,1-for-10,Aptorum effectuated a 10 for 1 share consolidation of its authorized share capital,,none,not mentioned,,none,"a total of 1,979,216 shares of Niki Common Stock were issued to current stockholders of DiamiR",,no,not mentioned,,merger_or_acquisition,"Aptorum consummated its previously announced merger (the ""Closing"") pursuant to that certain Agreement and Plan of Merger",,
CAL-0496,A,KATX,8-K,"1.01,5.02,5.03,5.06,9.01",2025-05-23,text/0001683168-25-003968.txt,https://www.sec.gov/Archives/edgar/data/1474558/000168316825003968/golkor_8k.htm,reverse_split:effective_but_no_yahoo_split;dilution_event:model_low_conf,,effective,"The name change and reverse split were processed by the Financial Industry Regulatory Authority (FINRA) on May 15, 2025 and effective as of May 16",,other,"effect a reverse split of its common stock on the basis of 6,500 to 1",,none,not mentioned,,private_placement,"Ambex is issuing 38,000,000 shares of company common stock to Ambex",,no,not mentioned,,none,not mentioned,,
CAL-0503,A,GRYP,8-K,"1.01,1.02,2.01,3.02,3.03,5.01,5.02,5.03,5.05,7.01,8.01,9.01",2025-09-03,text/0001213900-25-083726.txt,https://www.sec.gov/Archives/edgar/data/1755953/000121390025083726/ea0255440-8k_american.htm,reverse_split:effective_but_no_yahoo_split;dilution_event:model_low_conf,,effective,"The Reverse Stock Split became effective as of 5:00 p.m. Eastern Time on September 2, 2025",,1-for-5,every five issued and outstanding shares of Gryphon Common Stock were combined automatically into one share,,none,not mentioned,,private_placement,Merger Agreement was issued in reliance upon the exemption from registration under Section 4(a)(2) of the Securities Act,,no,not mentioned,,merger_or_acquisition,"On September 3, 2025, in accordance with the terms of the Merger Agreement",,
CAL-0516,A,WKHS,8-K,"3.03,5.03,7.01,9.01",2025-03-12,text/0001213900-25-022950.txt,https://www.sec.gov/Archives/edgar/data/1425287/000121390025022950/ea0234041-8k_work.htm,split_ratio:truth!=model(other);listing_status:model_low_conf,2025-03-17 1:12 off=5,announced,"The Company expects that the Reverse Split will be effective as of March 17, 2025",,1-for-12,at a ratio of 1-for-12.5,,none,"While we are taking actions to address our non-compliance with the Bid Price Requirement, there can be no assurance that we will regain compliance.",,none,not mentioned,,no,not mentioned,,none,not mentioned,,
CAL-0517,A,ORGN,8-K,5.03,2026-03-19,text/0001802457-26-000012.txt,https://www.sec.gov/Archives/edgar/data/1802457/000180245726000012/orgn-20260319.htm,reverse_split:effective_but_no_yahoo_split,,effective,"to effect a one-for-thirty reverse stock split of its outstanding common stock, effective as of March 19, 2026",,1-for-30,to effect a one-for-thirty reverse stock split,,none,not mentioned,,none,not mentioned,,no,not mentioned,,none,not mentioned,,
CAL-0523,A,PSTV,8-K,"3.03,5.03,8.01,9.01",2026-04-02,text/0001193125-26-140267.txt,https://www.sec.gov/Archives/edgar/data/1095981/000119312526140267/pstv-20260401.htm,reverse_split:effective_but_no_yahoo_split,,effective,"The Reverse Stock Split became effective as of 12:01 a.m. (Eastern time) on April 2, 2026",,1-for-25,the Board determined to fix the ratio for the reverse stock split at 1-for-25.,,none,not mentioned,,none,not mentioned,,no,not mentioned,,none,not mentioned,,
CAL-0524,A,POAI,8-K,"3.03,5.03,5.07,7.01,9.01",2025-09-25,text/0001171843-25-006069.txt,https://www.sec.gov/Archives/edgar/data/1446159/000117184325006069/f8k_092525.htm,dilution_event:moderate_truth(none)!=model,,announced,"to effect the reverse stock split, effective as of 5:00 PM ET on September 29, 2025",,1-for-15,to effect a one-for-fifteen reverse stock split of the outstanding shares of the Company's common stock,,none,not mentioned,,atm_or_equity_line,"approve the issuance of up to $10,000,000 of the Company's common stock pursuant to a Standby Equity Purchase Agreement dated July 1, 2025",,no,not mentioned,,none,not mentioned,,
CAL-0536,A,NFE,8-K,"1.01,1.02,2.01,2.03,3.02,3.03,5.02,5.03,8.01,9.01",2026-09-11,text/0001749723-26-000118.txt,https://www.sec.gov/Archives/edgar/data/1749723/000174972326000118/nfe-20260911.htm,dilution_event:model_low_conf;other_material:truth!=model(bankruptcy),2026-09-14 1:50 off=3,effective,the A&R Certificate of Incorporation effected a reverse stock split of the NFE common stock at a ratio of 1-for-50,,1-for-50,"at a ratio of 1-for-50 (the ""Reverse Split"")",,none,not mentioned,,convertible_or_warrants,"the Company issued 10,608,922 shares of CoreCo common stock and 2,454,936 shares of CoreCo Mandatorily Convertible Preferred Stock",,no,not mentioned,,merger_or_acquisition,order granting recognition of the Restructuring Plans in the United States pursuant to chapter 15 of the U.S. Bankruptcy Code.,,
CAL-0537,A,BOXL,8-K,"3.03,9.01",2025-03-03,text/0001628280-25-009469.txt,https://www.sec.gov/Archives/edgar/data/1624512/000162828025009469/boxl-20250225.htm,reverse_split:truth!=model(historical);listing_status:moderate_truth(none)!=model,2025-02-18 1:5 off=-13,effective,"As previously reported, the Company effected a reverse stock split of the Company's authorized, issued and outstanding shares of Class A Common Stock",,1-for-5,"at a ratio of 1-for-5 (the ""Reverse Stock Split"")",,regained_compliance,the Staff had determined that the Company had regained compliance with the Bid Price Rule,,none,not mentioned,,no,not mentioned,,none,not mentioned,,
CAL-0539,A,BMNR,8-K,"5.03,8.01,9.01",2025-05-16,text/0001683168-25-003761.txt,https://www.sec.gov/Archives/edgar/data/1829311/000168316825003761/bitmine_8k.htm,reverse_split:truth!=model(effective);split_ratio:truth!=model(1-for-20),,none,"FINRA has announced that the reverse stock split will be effective as of the opening of trading on May 16, 2025.",,none,to effect a 1-for-20 reverse stock split of its common stock.,,none,The Company has filed an application with the NYSE American and NASDAQ Capital Market.,,none,not mentioned,,no,not mentioned,,none,not mentioned,,
CAL-0542,A,UBYH,8-K,"3.03,5.03,5.07,9.01",2026-07-06,text/0001829126-26-007292.txt,https://www.sec.gov/Archives/edgar/data/787496/000182912626007292/ubuyholdings_8k.htm,reverse_split:effective_but_no_yahoo_split,,effective,"The Reverse Stock Split became effective as of July 2, 2026",,1-for-10,to implement a 1-for-10 reverse split of the Company's common stock,,none,not mentioned,,none,not mentioned,,no,not mentioned,,none,not mentioned,,
CAL-0003,B,GDC,8-K,"8.01,9.01",2026-07-31,text/0001213900-26-083981.txt,https://www.sec.gov/Archives/edgar/data/1641398/000121390026083981/ea0300047-8k_gdculture.htm,random,2026-06-29 1:250 off=-32,none,not mentioned,,none,not mentioned,,regained_compliance,the Company has regained compliance with the $1.00 minimum bid price requirement for continued listing on The Nasdaq Capital Market,,none,not mentioned,,no,not mentioned,,none,not mentioned,,
CAL-0024,B,XPON,8-K,"1.01,5.02,5.03,7.01,9.01",2026-08-24,text/0001903596-26-000317.txt,https://www.sec.gov/Archives/edgar/data/1894954/000190359626000317/xpon_8k.htm,random,2026-07-21 1:12 off=-34,none,not mentioned,,none,not mentioned,,none,not mentioned,,private_placement,"entered into a securities purchase agreement (the ""Purchase Agreement"") with the purchasers identified on the signature pages thereto (the ""Purchasers"")",,no,not mentioned,,officer_departure,"Joseph Hammer, the Chief Executive Officer and Chairman of the Board of the Company, is resigning from his role as Chief Executive Officer",,
CAL-0044,B,CODX,8-K,3.01,2026-01-13,text/0001493152-26-001971.txt,https://www.sec.gov/Archives/edgar/data/1692415/000149315226001971/form8-k.htm,random,2026-01-02 1:30 off=-11,effective,"following its 1 for 30 reverse stock split, which was effective on January 2, 2026",,1-for-30,"following its 1 for 30 reverse stock split, which was effective on January 2, 2026",,delisting_determination,the Staff had determined to delist the Company's common stock from The Nasdaq Capital Market,,none,not mentioned,,no,not mentioned,,none,not mentioned,,
CAL-0110,B,GCTK,424B5,,2025-02-05,text/0001493152-25-004955.txt,https://www.sec.gov/Archives/edgar/data/1506983/000149315225004955/form424b5.htm,random,2025-02-04 1:20 off=-1,effective,"became effective at 4:30 p.m. on February 3, 2025 (the ""Effective Time""), to implement a reverse stock split at a ratio of 1-for-20",,1-for-20,"to implement a reverse stock split at a ratio of 1-for-20 (the ""2025 Reverse Stock Split"")",,deficiency_notice,"we have a compliance period of 180 calendar days, or until June 30, 2025, to regain compliance with the Bid Price Rule",,priced_offering,"This document is part of a registration statement ... The first part is this prospectus supplement, which describes the specific terms of this offering",,no,not mentioned,,none,not mentioned,,
CAL-0131,B,RUBI,F-1/A,,2025-10-15,text/0001171843-25-006450.txt,https://www.sec.gov/Archives/edgar/data/1943421/000117184325006450/f1a_101425.htm,random,2025-12-02 1:30 off=48,none,not mentioned,,none,not mentioned,,none,"Our Common Shares began trading on Nasdaq under the symbol ""RUBI"" on August 4, 2025.",,atm_or_equity_line,"we have the right to sell to the Selling Shareholder, from time to time during the term of the Equity Line Purchase Agreement",,no,not mentioned,,none,not mentioned,,
CAL-0148,B,PSQH,8-K/A,"8.01,9.01",2025-12-18,text/0001104659-25-122607.txt,https://www.sec.gov/Archives/edgar/data/1847064/000110465925122607/tm2533863d2_8ka.htm,random,,none,not mentioned,,none,not mentioned,,none,not mentioned,,none,not mentioned,,no,not mentioned,,none,The sole purpose for filing this Amendment is to correct a scrivener's error describing the total number of loan and lease contracts,,
CAL-0158,B,BIAF,8-K,"8.01,9.01",2026-09-09,text/0001493152-26-041894.txt,https://www.sec.gov/Archives/edgar/data/1712762/000149315226041894/form8-k.htm,reverse_split:model_low_conf,2026-08-24 1:15 off=-16,effective,due to the fact that the Company had effected a reverse stock split over the prior one-year period,,none,not mentioned,,regained_compliance,"written notice (the ""Written Notice"") from the Staff confirming that the Company has regained compliance with the Minimum Bid Price Rule",,none,not mentioned,,no,not mentioned,,none,not mentioned,,
CAL-0179,B,EZRA,8-K,"1.01,9.01",2025-08-14,text/0001641172-25-024200.txt,https://www.sec.gov/Archives/edgar/data/1812727/000164117225024200/form8-k.htm,random,,none,not mentioned,,none,not mentioned,,none,not mentioned,,atm_or_equity_line,"entered into an At The Market Offering Agreement ... with H.C. Wainwright & Co., LLC ... up to $2,026,453 shares of its common stock",,no,not mentioned,,none,not mentioned,,
CAL-0196,B,YMAT,F-1,,2025-04-29,text/0001641172-25-006513.txt,https://www.sec.gov/Archives/edgar/data/1875016/000164117225006513/formf-1.htm,dilution_event:model_low_conf,,none,not mentioned,,none,not mentioned,,none,We will only consummate this offering if we are able to list our ordinary shares on Nasdaq,,none,"We are offering to sell, and seeking offers to buy, the ordinary shares only in jurisdictions where offers and sales are permitted.",,no,not mentioned,,none,not mentioned,,
CAL-0204,B,IPST,S-1/A,,2025-10-16,text/0001213900-25-099309.txt,https://www.sec.gov/Archives/edgar/data/1788230/000121390025099309/ea0254437-02.htm,dilution_event:model_low_conf,2025-11-05 1:20 off=20,none,"reflects a reverse stock split of the outstanding common stock at a 0.57-for-one ratio that occurred on May 14, 2024",,none,not mentioned,,none,"Our common stock is listed on the Nasdaq Capital Market (""Nasdaq"") under the symbol ""IPST.""",,atm_or_equity_line,"establishing a committed equity facility (the ""Facility"" or ""Equity Line of Credit"")",,no,not mentioned,,none,not mentioned,,
CAL-0223,B,EJH,424B5,,2025-12-02,text/0001213900-25-117283.txt,https://www.sec.gov/Archives/edgar/data/1769768/000121390025117283/ea0267666-424b5_ehome.htm,dilution_event:model_low_conf,2025-05-30 1:50 off=-186,none,The references to shares and per share data in this prospectus supplement have been retroactively restated to reflect these reverse stock splits,,none,not mentioned,,none,not mentioned,,priced_offering,This prospectus supplement provides specific terms of this offering of our Ordinary Shares,,no,not mentioned,,none,not mentioned,,
CAL-0227,B,BNGO,8-K,"1.01,3.02,7.01,9.01",2025-01-03,text/0001140361-25-000132.txt,https://www.sec.gov/Archives/edgar/data/1411690/000114036125000132/ny20039922x1_8k.htm,random,2025-01-27 1:60 off=24,none,not mentioned,,none,not mentioned,,none,not mentioned,,convertible_or_warrants,reduce the conversion price to convert outstanding principal amounts of the Debentures to shares of the Company's common stock from $2.00 to $0.27,,no,not mentioned,,none,not mentioned,,
CAL-0237,B,VIVK,8-K,"1.01,3.02,9.01",2026-05-12,text/0001829126-26-005020.txt,https://www.sec.gov/Archives/edgar/data/1450704/000182912626005020/vivakorinc_8k.htm,listing_status:model_low_conf,2026-07-17 1:20 off=66,none,not mentioned,,none,not mentioned,,none,"the date by which the Company has to relist on Nasdaq under the Fourth Forbearance Agreement was extended to April 6, 2026",,convertible_or_warrants,"payable, at the option of the Company, either in cash or under certain conditions in Conversion Shares issued at the Default Conversion Price",,no,not mentioned,,none,not mentioned,,
CAL-0250,B,GMM,424B3,,2026-02-11,text/0001213900-26-014890.txt,https://www.sec.gov/Archives/edgar/data/1913749/000121390026014890/ea0275927-424b3_global.htm,random,,none,not mentioned,,none,not mentioned,,none,"Our Class A Ordinary Shares are quoted on the Nasdaq Capital Market (""Nasdaq"") under the symbol ""GMM"".",,private_placement,"The Shares were issued and sold to certain of the Selling Shareholders in a private placement that closed on December 18, 2025",,no,not mentioned,,none,not mentioned,,
CAL-0254,B,SLE,8-K,"1.01,3.02,8.01,9.01",2025-10-28,text/0001437749-25-032022.txt,https://www.sec.gov/Archives/edgar/data/1621672/000143774925032022/slgg20251028_8k.htm,random,2025-06-23 1:40 off=-127,none,not mentioned,,none,not mentioned,,none,not mentioned,,private_placement,"entered into Securities Purchase Agreements (the ""Purchase Agreement"") with certain accredited investors (the ""Purchasers""), relating to the Company's sale",,no,not mentioned,,none,not mentioned,,
CAL-0255,B,GTBP,S-3,,2025-03-06,text/0001493152-25-009422.txt,https://www.sec.gov/Archives/edgar/data/109657/000149315225009422/forms-3.htm,random,2024-02-05 1:30 off=-395,none,not mentioned,,none,not mentioned,,deficiency_notice,"notifying us that the amount of our stockholders' equity had fallen below the $2,500,000 required minimum for continued listing",,convertible_or_warrants,the Holders received one Series A Inducement Warrant and one Series B Inducement Warrant for each Existing Warrant exercised,,yes,which has raised substantial doubt about our ability to continue as a going concern,,none,not mentioned,,
CAL-0271,B,JAGX,8-K,"1.01,2.03,3.02,5.03,9.01",2025-06-30,text/0001193125-25-152345.txt,https://www.sec.gov/Archives/edgar/data/1585608/000119312525152345/d14926d8k.htm,random,2025-03-24 1:25 off=-98,none,not mentioned,,none,not mentioned,,none,not mentioned,,convertible_or_warrants,each share of Series M Preferred Stock is exchangeable or redeemable for shares of Common Stock,,no,not mentioned,,none,not mentioned,,
CAL-0274,B,DFNS,8-K,"1.01,8.01,9.01",2025-09-16,text/0001213900-25-087962.txt,https://www.sec.gov/Archives/edgar/data/1787518/000121390025087962/ea0257387-8k_nukkleus.htm,dilution_event:model_low_conf,2024-10-24 1:8 off=-327,none,not mentioned,,none,not mentioned,,none,not mentioned,,convertible_or_warrants,"a five-year warrant to purchase an aggregate of 12,017,648 shares of the Company's common stock for an exercise price of $1.50 per share",,no,not mentioned,,merger_or_acquisition,"Pursuant to the Star Agreement, the Company is to acquire a controlling 100% interest in Star, a defense acquisition company",,
CAL-0288,B,SHPH,8-K,"1.01,3.01,7.01,9.01",2025-03-13,text/0001493152-25-010211.txt,https://www.sec.gov/Archives/edgar/data/1757499/000149315225010211/form8-k.htm,random,2024-08-13 1:8 off=-212,none,not mentioned,,none,not mentioned,,regained_compliance,the Company believes it is now in compliance with the Minimum Equity Requirement and will be able to demonstrate such compliance,,priced_offering,"1,340,921 shares (the ""Shares"") of common stock, par value $0.00001 per share (the ""Common Stock""), of the Company, at a public offering price of $0.30",,no,not mentioned,,none,not mentioned,,
CAL-0334,B,BOXL,8-K,"3.01,5.02,9.01",2025-06-12,text/0001628280-25-031004.txt,https://www.sec.gov/Archives/edgar/data/1624512/000162828025031004/boxl-20250606.htm,random,2025-02-18 1:5 off=-114,none,not mentioned,,none,not mentioned,,deficiency_notice,"the Company has 180 days from the date of Mr. Jackson's resignation, or until November 19, 2025, to cure the noncompliance",,none,not mentioned,,no,not mentioned,,none,"On June 6, 2025, Charles P. Amos resigned as a director of Boxlight Corporation",,
CAL-0337,B,FIRY,8-K,3.01,2025-10-01,text/0001801661-25-000037.txt,https://www.sec.gov/Archives/edgar/data/1801661/000180166125000037/sklz-20250925.htm,random,,none,not mentioned,,none,not mentioned,,deficiency_notice,the NYSE granted the Company's request for an Additional Cure Period and agreed to provide the Company with an extension to continue its listing,,none,not mentioned,,no,not mentioned,,none,not mentioned,,
CAL-0349,B,GTBP,8-K,"3.03,5.03,8.01,9.01",2026-09-03,text/0001493152-26-041333.txt,https://www.sec.gov/Archives/edgar/data/109657/000149315226041333/form8-k.htm,dilution_event:model_low_conf,2026-09-08 1:25 off=5,announced,"the Reverse Stock Split will become effective as of 12:01 a.m. Eastern Time on September 8, 2026 (the ""Effective Time"")",,1-for-25,"reverse stock split of the Company's common stock, par value $0.001 per share (the ""Common Stock""), at a ratio of 1-for-25",,none,"Trading of the Common Stock on the Nasdaq Capital Market on a split-adjusted basis will commence at market open on September 8, 2026.",,convertible_or_warrants,"All outstanding shares of the Series C Preferred Stock were converted in accordance with their terms on September 2, 2026.",,no,not mentioned,,none,not mentioned,,
CAL-0368,B,OLOX,8-K,"1.01,8.01,9.01",2025-04-16,text/0001213900-25-032574.txt,https://www.sec.gov/Archives/edgar/data/1023994/000121390025032574/ea0238475-8k_safe.htm,random,2024-05-02 1:20 off=-349,none,not mentioned,,none,not mentioned,,none,not mentioned,,private_placement,consummated the previously announced private placement ... for the purchase and sale of approximately $8 million of shares of the Company's common stock,,no,not mentioned,,none,not mentioned,,
CAL-0380,B,RKTO,424B5,,2026-04-02,text/0001213900-26-039103.txt,https://www.sec.gov/Archives/edgar/data/1711786/000121390026039103/ea0284778-424b5_hoth.htm,random,,none,not mentioned,,none,not mentioned,,none,"Although our common stock is currently listed on The Nasdaq Capital Market, we may not be able to continue to meet",,priced_offering,"Common Stock Offered by Us 2,857,144 shares... Based on an offering price of $0.70 per share",,no,not mentioned,,none,not mentioned,,
CAL-0396,B,AVAT,424B3,,2026-08-19,text/0001104659-26-098832.txt,https://www.sec.gov/Archives/edgar/data/2092446/000110465926098832/tm2621376d2_424b3.htm,dilution_event:model_low_conf,,none,not mentioned,,none,not mentioned,,none,not mentioned,,none,"Shares issued to Foundation in connection with Business Combination 3,000,000",,no,management concluded that the conditions and events considered in the aggregate do not raise substantial doubt about the Company's ability to continue,,merger_or_acquisition,"the Business Combination with Mountain Lake Acquisition Corp. (""MLAC""), which closed on June 11, 2026",,
CAL-0409,B,GATE,8-K,"3.01,8.01",2025-04-03,text/0001193125-25-071789.txt,https://www.sec.gov/Archives/edgar/data/1838513/000119312525071789/d931332d8k.htm,random,,none,not mentioned,,none,not mentioned,,halt,"On April 1, 2025, Nasdaq halted trading in the Company's securities.",,none,not mentioned,,no,not mentioned,,none,not mentioned,,
CAL-0440,B,SGMO,8-K,3.01,2026-04-29,text/0001628280-26-028128.txt,https://www.sec.gov/Archives/edgar/data/1001233/000162828026028128/sgmo-20260428.htm,random,,none,not mentioned,,none,not mentioned,,delisting_determination,"trading in the Company's common stock on The Nasdaq Capital Market will be suspended at the open of trading on May 5, 2026",,none,not mentioned,,no,not mentioned,,none,not mentioned,,
CAL-0480,B,ASST,8-K,"3.03,5.03,9.01",2026-02-03,text/0000950103-26-001560.txt,https://www.sec.gov/Archives/edgar/data/1920406/000095010326001560/dp240990_8k.htm,random,2026-02-06 1:20 off=3,announced,"effective as of 12:01 a.m. Pacific Time on February 6, 2026 (the ""Effective Time""), the Reverse Stock Split",,1-for-20,approved by unanimous written consent a 1-for-twenty reverse stock split,,none,not mentioned,,none,not mentioned,,no,not mentioned,,none,not mentioned,,
CAL-0522,B,AREB,8-K,"3.03,5.03,7.01,9.01",2026-03-23,text/0001493152-26-012022.txt,https://www.sec.gov/Archives/edgar/data/1648087/000149315226012022/form8-k.htm,listing_status:model_low_conf,2026-03-23 1:100 off=0,effective,"The Reverse Stock Split will be effective at 12:00 a.m., Eastern Time, on March 23, 2026",,1-for-100,The Board set the Reverse Stock Split ratio at 1-for-100,,delisting_determination,"includes disclosure regarding the upcoming Nasdaq hearing to be held on March 24, 2026.",,none,not mentioned,,no,not mentioned,,none,not mentioned,,
CAL-0543,B,HSDT,8-K,"3.03,5.03,9.01",2025-06-27,text/0001558370-25-008942.txt,https://www.sec.gov/Archives/edgar/data/1610853/000155837025008942/hsdt-20250627x8k.htm,random,2025-07-01 1:50 off=4,announced,"The Reverse Stock Split will become effective as of 5:00 p.m. Eastern Time on June 30, 2025",,1-for-50,our Board of Directors approved a 1-for-50 reverse stock split,,none,not mentioned,,none,not mentioned,,no,not mentioned,,none,not mentioned,,
