cal_id,ticker,form,filing_date,items,stratum,label_reverse_split,label_reverse_split_src,label_reverse_split_flag,label_split_ratio,label_split_ratio_src,label_split_ratio_flag,label_listing_status,label_listing_status_src,label_listing_status_flag,label_dilution_event,label_dilution_event_src,label_dilution_event_flag,label_going_concern,label_going_concern_src,label_going_concern_flag,label_other_material,label_other_material_src,label_other_material_flag
CAL-0001,IPST,8-K,2025-11-20,"3.01,7.01,9.01",8k_3.01,none,model,,none,model,,regained_compliance,model,,none,model,,no,model,,none,model,
CAL-0002,MYSZ,8-K,2026-03-02,3.01,8k_3.01,none,truth,,none,truth,,deficiency_notice,model,,none,model,,no,model,,none,model,
CAL-0003,GDC,8-K,2026-07-31,"8.01,9.01",8k_8.01,none,model,,none,model,,regained_compliance,model,,none,model,,no,model,,none,model,
CAL-0004,CRMT,8-K,2026-09-11,"1.01,8.01",8k_1.01,none,truth,,none,truth,,none,model,,none,model,,no,model,,none,model,
CAL-0005,CRMT,8-K,2025-11-05,"1.01,1.02,2.03,3.02,7.01,9.01",8k_3.02,none,truth,,none,truth,,none,model,,convertible_or_warrants,model,,no,model,,none,model,
CAL-0006,XGN,8-K,2026-01-12,"2.02,8.01,9.01",8k_8.01,none,truth,,none,truth,,none,model,,none,model,,no,model,,none,model,
CAL-0007,GRI,8-K,2026-01-16,3.01,8k_3.01,none,model,,none,model,,regained_compliance,model,,none,model,,no,model,,none,model,
CAL-0008,OFAL,8-K,2026-06-12,"3.01,8.01,9.01",8k_3.01,none,model,,none,model,,deficiency_notice,model,,none,model,,no,model,,none,model,
CAL-0009,AMIX,8-K,2026-07-28,8.01,8k_8.01,none,model,,none,model,,none,model,,convertible_or_warrants,model,model_low_conf,no,model,,none,model,
CAL-0010,BENF,8-K,2025-06-25,"3.02,3.03,5.03,7.01,9.01",8k_5.03,none,truth,,none,truth,,none,model,,convertible_or_warrants,model,,no,model,,none,model,
CAL-0011,BENF,8-K,2025-01-06,"3.02,3.03,5.03,7.01,9.01",8k_5.03,none,model,,none,model,,none,model,,convertible_or_warrants,model,,no,model,,none,model,
CAL-0012,GCTK,8-K,2026-09-09,"1.01,2.03,3.02",8k_3.02,none,model,,none,model,,none,model,,convertible_or_warrants,model,,no,model,,none,model,
CAL-0013,AUUD,8-K,2025-09-12,"1.01,5.02,5.07,8.01,9.01",8k_1.01,none,model,,none,model,,none,model,,atm_or_equity_line,model,,no,model,,none,model,
CAL-0014,ADVB,8-K,2026-01-27,"1.01,9.01",8k_1.01,none,model,,none,model,,none,model,,none,model,,no,model,,none,model,
CAL-0015,EDBL,8-K,2025-02-27,"3.03,5.03,9.01",8k_5.03,announced,truth,,1-for-25,truth,,none,model,,none,model,,no,model,,none,model,
CAL-0016,AIRS,424B5,2025-06-11,,424B,none,truth,,none,truth,,none,model,,priced_offering,model,,no,model,,none,model,
CAL-0017,SLE,424B5,2025-05-12,,424B,none,model,,none,model,,none,model,,priced_offering,model,,no,model,,none,model,
CAL-0018,HCTI,8-K,2025-08-01,"3.03,5.03,8.01,9.01",8k_5.03,effective,truth,,1-for-249,truth,,delisting_determination,model,,none,model,,no,model,,none,model,
CAL-0019,VRA,8-K,2026-04-17,"1.01,3.03,5.03,7.01,9.01",8k_5.03,none,truth,,none,truth,,none,model,,none,model,,no,model,,none,model,
CAL-0020,GNLN,8-K,2025-04-04,"3.01,9.01",8k_3.01,none,model,,none,model,,delisting_determination,model,,none,model,,no,model,,none,model,
CAL-0021,DFNS,8-K,2025-08-25,"1.01,8.01,9.01",8k_1.01,none,model,,none,model,,none,model,,none,model,,no,model,,none,model,
CAL-0022,MEDS,S-1/A,2025-01-14,,S-3,none,truth,,none,truth,,none,model,,none,model,model_low_conf,no,model,,merger_or_acquisition,model,model_low_conf
CAL-0023,GAME,S-3/A,2025-05-09,,S-3,none,truth,,none,truth,,none,model,,none,model,,no,model,,none,model,
CAL-0024,XPON,8-K,2026-08-24,"1.01,5.02,5.03,7.01,9.01",8k_5.03,none,model,,none,model,,none,model,,private_placement,model,,no,model,,officer_departure,model,
CAL-0025,AMIX,8-K,2026-06-24,"3.03,5.03,8.01,9.01",8k_5.03,effective,truth,,1-for-21,truth,,none,model,,none,model,,no,model,,none,model,
CAL-0026,TELA,8-K,2025-11-14,"1.01,1.02,2.03,3.02,9.01",8k_3.02,none,truth,,none,truth,,none,model,,priced_offering,model,,no,model,,none,model,
CAL-0027,ENSC,8-K,2025-11-17,"1.01,3.02,5.03,8.01,9.01",8k_5.03,none,model,,none,model,,none,model,,private_placement,model,,no,model,,none,model,
CAL-0028,OLOX,8-K,2025-07-18,"1.01,3.02,5.03,9.01",8k_5.03,none,model,,none,model,,none,model,,convertible_or_warrants,model,,no,model,,none,model,
CAL-0029,NTHI,424B5,2026-04-10,,424B,none,truth,,none,truth,,none,model,,atm_or_equity_line,model,,no,model,,none,model,
CAL-0030,TPCS,8-K,2025-08-29,"1.01,9.01",8k_1.01,none,truth,,none,truth,,none,model,,none,model,,no,model,,none,model,
CAL-0031,BIAF,8-K,2026-09-17,"8.01,9.01",8k_8.01,none,model,,none,model,,none,model,,none,model,,no,model,,none,model,
CAL-0032,JTAI,8-K,2025-11-28,"1.01,9.01",8k_1.01,none,model,,none,model,,none,model,,atm_or_equity_line,model,,no,model,,none,model,
CAL-0033,GCTK,8-K,2026-08-05,"1.01,2.03,3.02,7.01,9.01",8k_3.02,none,model,,none,model,,none,model,,convertible_or_warrants,model,,no,model,,none,model,
CAL-0034,PRHI,8-K,2026-05-28,"3.03,5.03,7.01,8.01,9.01",8k_5.03,announced,truth,,1-for-7,truth,,none,model,,none,model,,no,model,,none,model,
CAL-0035,VIVK,8-K,2025-04-15,"1.01,3.02,9.01",8k_3.02,none,truth,,none,truth,,none,model,,convertible_or_warrants,model,,no,model,,none,model,
CAL-0036,LEDS,8-K,2026-02-03,3.01,8k_3.01,none,truth,,none,truth,,deficiency_notice,model,,none,model,,no,model,,none,model,
CAL-0037,TRUG,8-K,2026-01-09,3.01,8k_3.01,none,model,,none,model,,deficiency_notice,model,,none,model,,no,model,,none,model,
CAL-0038,GIFT,8-K,2026-08-07,"3.01,9.01",8k_3.01,none,truth,,none,truth,,deficiency_notice,model,,none,model,,no,model,,none,model,
CAL-0039,CPHI,8-K,2025-12-10,"1.01,3.02",8k_3.02,none,model,,none,model,,none,model,,private_placement,model,,no,model,,none,model,
CAL-0040,APRE,8-K,2026-01-29,"1.01,3.02,7.01,8.01,9.01",8k_3.02,none,truth,,none,truth,,none,model,,private_placement,model,,no,model,,none,model,
CAL-0041,SST,8-K,2025-12-12,"3.01,7.01,9.01",8k_3.01,none,model,,none,model,,deficiency_notice,model,,none,model,,no,model,,none,model,
CAL-0042,JAGX,424B5,2025-05-05,,424B,none,model,,none,model,,none,model,,atm_or_equity_line,model,,no,model,,none,model,
CAL-0043,DBGI,8-K,2026-03-11,8.01,8k_8.01,none,truth,,none,truth,,none,model,,none,model,,no,model,,none,model,
CAL-0044,CODX,8-K,2026-01-13,3.01,8k_3.01,effective,model,,1-for-30,model,,delisting_determination,model,,none,model,,no,model,,none,model,
CAL-0045,PLAG,8-K,2025-06-10,"8.01,9.01",8k_8.01,none,model,,none,model,,none,model,,none,model,,no,model,,none,model,
CAL-0046,TCRT,8-K,2025-04-14,"1.01,1.02,3.02,3.03,5.03,9.01",8k_5.03,none,model,,none,model,,none,model,,private_placement,model,,no,model,,none,model,
CAL-0047,SST,8-K,2026-07-24,"3.03,5.02,5.03,5.07,8.01,9.01",8k_5.03,none,truth,,none,truth,,none,model,,convertible_or_warrants,model,,no,model,,none,model,
CAL-0048,PFSA,8-K,2026-02-05,"3.03,5.03,8.01,9.01",8k_5.03,announced,truth,,1-for-75,truth,,none,model,,none,model,,no,model,,none,model,
CAL-0049,SKYE,8-K,2026-08-19,3.01,8k_3.01,none,model,,none,model,,deficiency_notice,model,,none,model,,no,model,,merger_or_acquisition,model,moderate_truth(none)!=model
CAL-0050,SCKT,8-K,2026-07-17,"5.03,9.01",8k_5.03,none,truth,,none,truth,,none,model,,none,model,,no,model,,none,model,
CAL-0051,GNLN,8-K,2026-03-30,3.01,8k_3.01,none,model,,none,model,,delisting_determination,model,,none,model,,no,model,,none,model,
CAL-0052,KIDZ,8-K,2025-11-26,3.01,8k_3.01,none,truth,,none,truth,,deficiency_notice,model,,none,model,,no,model,,none,model,
CAL-0053,CYCU,8-K,2025-08-28,"5.03,9.01",8k_5.03,none,model,,none,model,,none,model,,none,model,,no,model,,none,model,
CAL-0054,UUU,8-K/A,2025-07-21,"3.01,8.01,9.01",8k_3.01,none,truth,,none,truth,,deficiency_notice,model,,none,model,,no,model,,none,model,
CAL-0055,CYCU,8-K,2025-08-25,"1.01,5.03,9.01",8k_5.03,none,model,,none,model,,none,model,,convertible_or_warrants,model,,no,model,,none,model,
CAL-0056,NTHI,8-K,2026-09-21,"3.03,5.03,7.01,9.01",8k_5.03,none,truth,,none,truth,,none,model,,none,model,,no,model,,none,model,
CAL-0057,ESLA,8-K,2026-01-06,"1.01,3.02,7.01,9.01",8k_3.02,none,truth,,none,truth,,none,model,,priced_offering,model,,no,model,,none,model,
CAL-0058,REED,8-K,2025-01-28,"1.01,9.01",8k_1.01,none,truth,,none,truth,,none,model,,none,model,,no,model,,none,model,
CAL-0059,SQFTP,8-K,2025-04-07,"8.01,9.01",8k_8.01,none,truth,,none,truth,,none,model,,none,model,,no,model,,none,model,
CAL-0060,NEUP,8-K,2025-07-18,"3.01,9.01",8k_3.01,none,model,,none,model,,deficiency_notice,model,,none,model,,no,model,,none,model,
CAL-0061,BOXL,8-K,2026-04-23,3.01,8k_3.01,none,model,,none,model,,deficiency_notice,model,,none,model,,no,model,,none,model,
CAL-0062,ACXP,8-K,2025-02-26,3.01,8k_3.01,none,truth,,none,truth,,deficiency_notice,model,,none,model,,no,model,,none,model,
CAL-0063,VWAV,8-K,2026-03-24,"1.01,7.01,9.01",8k_1.01,none,truth,,none,truth,,none,model,,none,model,,no,model,,none,model,
CAL-0064,SONM,8-K,2026-01-27,"1.01,1.02,2.01,5.03,7.01,8.01,9.01",8k_5.03,none,model,,none,model,,regained_compliance,model,,none,model,,no,model,,merger_or_acquisition,truth,
CAL-0065,WRAP,8-K,2025-07-07,"1.01,9.01",8k_1.01,none,truth,,none,truth,,none,model,,none,model,,no,model,,none,model,
CAL-0066,IPW,8-K,2025-10-22,"8.01,9.01",8k_8.01,none,model,,none,model,,none,model,,none,model,,no,model,,none,model,
CAL-0067,CIRC,424B3,2025-07-08,,424B,none,truth,,none,truth,,none,model,,none,model,,no,model,,none,model,
CAL-0068,SONM,8-K,2025-07-22,"1.01,9.01",8k_1.01,none,model,,none,model,,none,model,,none,model,,no,model,,merger_or_acquisition,model,moderate_truth(none)!=model
CAL-0069,NCPL,8-K,2025-03-28,"5.03,9.01",8k_5.03,none,model,,none,model,,none,model,,none,model,,no,model,,none,model,
CAL-0070,IPW,8-K/A,2025-12-23,"1.01,2.03,3.02,5.07,7.01,9.01",8k_3.02,none,model,,none,model,,none,model,,convertible_or_warrants,model,,no,model,,none,model,
CAL-0071,NCPL,8-K,2025-03-10,"1.01,3.02,3.03,9.01",8k_3.02,none,model,,none,model,,none,model,,convertible_or_warrants,model,,no,model,,none,model,
CAL-0072,YHC,8-K,2025-04-21,"5.03,8.01,9.01",8k_5.03,effective,truth,,1-for-35,truth,,none,model,,none,model,,no,model,,none,model,
CAL-0073,CPHI,8-K,2026-07-22,"1.01,8.01,9.01",8k_1.01,none,truth,,none,truth,,none,model,,priced_offering,model,,no,model,,none,model,
CAL-0074,PFSA,424B3,2025-09-26,,424B,none,truth,,none,truth,,none,model,,convertible_or_warrants,model,,yes,model,,none,model,
CAL-0075,JEM,F-1/A,2025-02-20,,S-3,none,truth,,none,truth,,none,model,,priced_offering,model,,no,model,,none,model,
CAL-0076,XHLD,8-K,2025-05-02,"1.01,3.02,9.01",8k_3.02,none,truth,,none,truth,,none,model,,private_placement,model,,no,model,,none,model,
CAL-0077,REBN,8-K,2025-03-31,"1.01,2.03,3.02,9.01",8k_3.02,none,truth,,none,truth,,none,model,,convertible_or_warrants,model,,no,model,,none,model,
CAL-0078,PFSA,424B3,2025-05-15,,424B,none,truth,,none,truth,,delisting_determination,model,,convertible_or_warrants,model,,no,model,,merger_or_acquisition,model,
CAL-0079,REBN,8-K,2026-01-05,"1.01,3.02,8.01,9.01",8k_3.02,none,truth,,none,truth,,regained_compliance,model,,private_placement,model,,no,model,,none,model,
CAL-0080,FRGT,8-K,2025-01-30,"5.03,9.01",8k_5.03,none,model,,none,model,,none,model,,none,model,,no,model,,none,model,
CAL-0081,AUUD,8-K,2025-04-01,"3.03,5.03,9.01",8k_5.03,effective,truth,,1-for-17,truth,,none,model,,none,model,,no,model,,none,model,
CAL-0082,ACTU,8-K,2026-07-17,3.01,8k_3.01,none,truth,,none,truth,,deficiency_notice,model,,none,model,,no,model,,none,model,
CAL-0083,MSGM,8-K,2025-04-17,"3.01,7.01,9.01",8k_3.01,none,truth,,none,truth,,regained_compliance,model,,none,model,,no,model,,none,model,
CAL-0084,FRGT,8-K,2025-04-30,"1.01,5.02,7.01,9.01",8k_1.01,none,model,,none,model,,none,model,,convertible_or_warrants,model,,no,model,,none,model,
CAL-0085,BENF,8-K,2025-09-16,"7.01,8.01,9.01",8k_8.01,none,truth,,none,truth,,deficiency_notice,model,,none,model,,no,model,,none,model,
CAL-0086,AEMD,S-3,2025-12-23,,S-3,none,model,,none,model,,none,model,,atm_or_equity_line,model,,no,model,,none,model,
CAL-0087,BCHT,8-K,2025-12-29,"3.03,5.03,9.01",8k_5.03,effective,model,,1-for-5,model,,none,model,,none,model,,no,model,,none,model,
CAL-0088,HCTI,8-K,2025-05-23,3.01,8k_3.01,none,model,,none,model,,delisting_determination,model,,none,model,,no,model,,none,model,
CAL-0089,PRHI,8-K,2026-02-27,"1.01,3.02,3.03,5.03,7.01,9.01",8k_5.03,none,truth,,none,truth,,none,model,,private_placement,model,,no,model,,none,model,
CAL-0090,ERNA,8-K,2025-01-10,"3.01,5.02",8k_3.01,none,truth,,none,truth,,deficiency_notice,model,,none,model,,no,model,,none,model,
CAL-0091,SLE,8-K,2025-04-11,3.01,8k_3.01,none,model,,none,model,,deficiency_notice,model,,none,model,,no,model,,none,model,
CAL-0092,GMEX,424B5,2025-09-23,,424B,effective,model,,1-for-16,model,,deficiency_notice,model,,convertible_or_warrants,model,,no,model,,none,model,
CAL-0093,KUST,8-K,2025-11-07,"1.01,9.01",8k_1.01,none,model,,none,model,,none,model,,atm_or_equity_line,model,,no,model,,none,model,
CAL-0094,AMIX,8-K,2026-07-10,8.01,8k_8.01,none,model,,none,model,,regained_compliance,model,,none,model,,no,model,,none,model,
CAL-0095,PFSA,8-K,2026-08-31,"3.01,9.01",8k_3.01,effective,model,,1-for-4,model,,regained_compliance,model,,none,model,,no,model,,none,model,
CAL-0096,BNC,8-K,2026-05-29,"8.01,9.01",8k_8.01,none,truth,,none,truth,,none,model,,none,model,,no,model,,none,model,
CAL-0097,BNC,424B2,2025-01-24,,424B,none,model,,none,model,,none,model,,none,model,,no,model,,none,model,
CAL-0098,ADGM,8-K,2025-01-06,"1.01,3.01,9.01",8k_3.01,none,truth,,none,truth,,deficiency_notice,model,,private_placement,model,,no,model,,none,model,
CAL-0099,DFDV,8-K,2025-05-05,"1.01,3.02,7.01,8.01,9.01",8k_3.02,none,model,,none,model,,none,model,,private_placement,model,,no,model,,none,model,
CAL-0100,LEXX,8-K,2025-02-05,"1.01,9.01",8k_1.01,none,truth,,none,truth,,none,model,,atm_or_equity_line,model,,no,model,,none,model,
CAL-0101,LGHL,424B3,2025-05-29,,424B,none,model,,none,model,,none,model,,convertible_or_warrants,model,,no,model,,none,model,
CAL-0102,IPW,8-K,2026-02-02,"1.01,8.01,9.01",8k_1.01,none,model,,none,model,,none,model,,none,model,,no,model,,none,model,
CAL-0103,YHC,8-K,2025-04-02,3.01,8k_3.01,none,model,,none,model,,regained_compliance,model,,atm_or_equity_line,model,moderate_truth(none)!=model,no,model,,none,model,
CAL-0104,SLSN,8-K,2025-09-04,"1.01,5.02,9.01",8k_1.01,none,truth,,none,truth,,none,model,,none,model,,no,model,,officer_departure,model,
CAL-0105,IPW,8-K,2025-07-03,3.01,8k_3.01,none,truth,,none,truth,,deficiency_notice,model,,none,model,,no,model,,none,model,
CAL-0106,KIDZ,8-K,2026-09-10,"3.03,5.03,5.07,9.01",8k_5.03,effective,truth,truth!=model(none),1-for-15,truth,truth!=model(none),none,model,,atm_or_equity_line,model,moderate_truth(none)!=model,no,model,,none,model,
CAL-0107,RUBI,424B3,2026-02-23,,424B,none,model,,none,model,,none,model,,atm_or_equity_line,model,,no,model,,merger_or_acquisition,model,
CAL-0108,DFNS,8-K,2026-02-09,"5.03,7.01,9.01",8k_5.03,none,truth,,none,truth,,none,model,,none,model,,no,model,,none,model,
CAL-0109,REED,424B3,2025-09-29,,424B,none,model,,none,model,,none,model,,private_placement,model,,no,model,,none,model,
CAL-0110,GCTK,424B5,2025-02-05,,424B,effective,model,,1-for-20,model,,deficiency_notice,model,,priced_offering,model,,no,model,,none,model,
CAL-0111,BRLS,8-K,2025-01-06,"1.01,5.02,9.01",8k_1.01,none,truth,,none,truth,,none,model,,none,model,,no,model,,none,model,
CAL-0112,HCTI,8-K,2025-11-21,"1.01,2.03,3.02,9.01",8k_3.02,none,model,,none,model,,none,model,,convertible_or_warrants,model,,no,model,,none,model,
CAL-0113,HYFM,8-K,2025-02-18,"5.03,8.01,9.01",8k_5.03,effective,truth,,1-for-10,truth,,none,model,,none,model,,no,model,,none,model,
CAL-0114,ZSTK,8-K,2025-09-23,"1.01,2.01,2.03,3.02,5.02,9.01",8k_3.02,none,model,,none,model,,none,model,,private_placement,model,,no,model,,merger_or_acquisition,truth,truth!=model(officer_departure)
CAL-0115,GCTK,8-K,2025-02-05,"1.01,7.01,9.01",8k_1.01,none,model,,none,model,,none,model,,priced_offering,model,,no,model,,none,model,
CAL-0116,OPHC,8-K,2026-01-30,"1.01,3.02,9.01",8k_3.02,none,truth,,none,truth,,none,model,,convertible_or_warrants,model,,no,model,,none,model,
CAL-0117,VIVK,424B5,2025-10-27,,424B,none,truth,,none,truth,,deficiency_notice,model,,priced_offering,model,,no,model,,none,model,
CAL-0118,DOGZ,F-3,2025-12-02,,S-3,none,truth,,none,truth,,none,model,,none,model,,no,model,,none,model,
CAL-0119,PRHI,424B3,2026-02-06,,424B,none,truth,,none,truth,,none,model,,priced_offering,model,,no,model,,none,model,
CAL-0120,PRPL,8-K,2026-07-22,3.01,8k_3.01,effective,model,,1-for-25,model,,deficiency_notice,model,,none,model,,no,model,,none,model,
CAL-0121,KIDZ,8-K,2025-07-07,"1.01,2.01,3.02,7.01,9.01",8k_3.02,none,truth,,none,truth,,none,model,,private_placement,model,,no,model,,merger_or_acquisition,truth,truth!=model(none)
CAL-0122,RUBI,424B3,2025-11-28,,424B,none,model,,none,model,,none,model,,none,model,model_low_conf,no,model,,none,model,model_low_conf
CAL-0123,SQFTP,8-K,2026-09-02,"7.01,8.01,9.01",8k_8.01,none,truth,,none,truth,,none,model,,convertible_or_warrants,model,,no,model,,none,model,
CAL-0124,CDLX,8-K,2026-06-03,"3.01,3.03",8k_3.01,announced,truth,,1-for-10,truth,,deficiency_notice,model,,none,model,,no,model,,none,model,
CAL-0125,VEEA,8-K,2026-04-13,3.01,8k_3.01,none,truth,,none,truth,,deficiency_notice,model,,none,model,,no,model,,none,model,
CAL-0126,RPGL,F-1,2025-07-02,,S-3,none,truth,,none,truth,,none,model,,priced_offering,model,model_low_conf,no,model,,none,model,
CAL-0127,SLE,8-K,2025-10-14,3.01,8k_3.01,none,model,,none,model,,delisting_determination,model,,private_placement,model,moderate_truth(none)!=model;model_low_conf,no,model,,none,model,
CAL-0128,CTXR,8-K,2026-02-13,"2.02,3.01,9.01",8k_3.01,none,truth,,none,truth,,deficiency_notice,model,,none,model,,no,model,,none,model,
CAL-0129,PRTH,8-K,2025-01-17,"1.01,7.01,9.01",8k_1.01,none,truth,,none,truth,,none,model,,none,model,,no,model,,none,model,
CAL-0130,NCRA,8-K,2026-04-20,3.01,8k_3.01,none,truth,,none,truth,,deficiency_notice,model,,none,model,,no,model,,none,model,
CAL-0131,RUBI,F-1/A,2025-10-15,,S-3,none,model,,none,model,,none,model,,atm_or_equity_line,model,,no,model,,none,model,
CAL-0132,HCTI,8-K,2026-01-28,"1.01,2.01,3.02,7.01,9.01",8k_3.02,none,model,,none,model,,none,model,,convertible_or_warrants,model,,no,model,,merger_or_acquisition,truth,
CAL-0133,AVAT,8-K,2026-07-16,"1.01,2.03",8k_1.01,none,truth,,none,truth,,none,model,,none,model,,no,model,,none,model,
CAL-0134,CYCU,8-K/A,2026-08-19,"8.01,9.01",8k_8.01,none,model,,none,model,,none,model,,none,model,,no,model,,none,model,
CAL-0135,RMCF,8-K,2025-09-19,"3.01,5.02",8k_3.01,none,truth,,none,truth,,deficiency_notice,model,,none,model,,no,model,,none,model,
CAL-0136,PULM,8-K,2026-03-27,"1.01,3.02,3.03,5.01,5.03,7.01,9.01",8k_5.03,none,truth,,none,truth,,none,model,,convertible_or_warrants,model,,no,model,,merger_or_acquisition,model,
CAL-0137,AVAT,8-K,2026-08-07,3.01,8k_3.01,none,truth,,none,truth,,deficiency_notice,model,,none,model,,no,model,,none,model,
CAL-0138,FFAI,8-K,2025-12-29,"1.01,3.02,3.03,5.03,9.01",8k_5.03,none,truth,,none,truth,,none,model,,none,model,,no,model,,none,model,
CAL-0139,ADVB,8-K,2025-03-10,"1.01,7.01,9.01",8k_1.01,none,truth,,none,truth,,none,model,,priced_offering,model,,no,model,,none,model,
CAL-0140,PTN,8-K,2025-04-10,"3.01,8.01,9.01",8k_3.01,none,truth,,none,truth,,delisting_determination,model,,none,model,,no,model,,none,model,
CAL-0141,RDAC,8-K,2026-08-20,3.01,8k_3.01,none,truth,,none,truth,,deficiency_notice,model,,none,model,,no,model,,none,model,
CAL-0142,XPON,8-K,2026-01-30,3.01,8k_3.01,none,truth,,none,truth,,deficiency_notice,model,,none,model,,no,model,,none,model,
CAL-0143,EZRA,8-K,2026-03-17,"1.01,5.03,9.01",8k_5.03,none,model,,none,model,,none,model,,atm_or_equity_line,model,,no,model,,none,model,
CAL-0144,GWH,8-K,2025-08-29,8.01,8k_8.01,none,model,,none,model,,none,model,,none,model,,no,model,,none,model,
CAL-0145,IVF,8-K,2025-09-29,"1.01,3.02,9.01",8k_3.02,none,model,,none,model,,none,model,,convertible_or_warrants,model,,no,model,,none,model,
CAL-0146,MOBX,424B3,2025-09-04,,424B,none,truth,,none,truth,,none,model,,convertible_or_warrants,model,,no,model,,none,model,
CAL-0147,SONM,8-K,2025-08-12,"1.01,2.03,5.02,9.01",8k_1.01,none,model,,none,model,,none,model,,none,model,,no,model,,none,model,
CAL-0148,PSQH,8-K/A,2025-12-18,"8.01,9.01",8k_8.01,none,truth,,none,truth,,none,model,,none,model,,no,model,,none,model,
CAL-0149,BNC,8-K,2026-05-13,"3.01,9.01",8k_3.01,none,truth,,none,truth,,deficiency_notice,model,,none,model,,no,model,,none,model,
CAL-0150,VEEA,8-K,2025-10-02,3.01,8k_3.01,none,truth,,none,truth,,deficiency_notice,model,,none,model,,no,model,,none,model,
CAL-0151,ADVB,8-K,2026-01-21,3.01,8k_3.01,none,model,,none,model,,delisting_determination,model,,none,model,,no,model,,none,model,
CAL-0152,BIYA,424B4,2025-03-24,,424B,none,truth,,none,truth,,none,model,,priced_offering,model,,no,model,,auditor_change,model,model_low_conf
CAL-0153,VRME,424B3,2025-02-04,,424B,none,truth,,none,truth,,none,model,,convertible_or_warrants,model,,no,model,,none,model,
CAL-0154,BIAF,8-K,2026-06-02,"8.01,9.01",8k_8.01,none,model,,none,model,,none,model,,none,model,,no,model,,none,model,
CAL-0155,WXM,424B3,2025-11-12,,424B,none,truth,,none,truth,,none,model,,convertible_or_warrants,model,,no,model,,none,model,
CAL-0156,CYCU,8-K,2025-10-20,"3.01,8.01,9.01",8k_3.01,announced,model,,1-for-30,model,,delisting_determination,model,,none,model,,no,model,,none,model,
CAL-0157,MEDS,8-K,2026-01-20,"1.01,2.03,3.02,9.01",8k_3.02,none,truth,,none,truth,,none,model,,convertible_or_warrants,model,,no,model,,none,model,
CAL-0158,BIAF,8-K,2026-09-09,"8.01,9.01",8k_8.01,effective,model,model_low_conf,none,model,,regained_compliance,model,,none,model,,no,model,,none,model,
CAL-0159,IQST,8-K,2026-06-17,"3.03,5.03,9.01",8k_5.03,none,truth,,none,truth,,none,model,,convertible_or_warrants,model,moderate_truth(none)!=model,no,model,,none,model,
CAL-0160,USDE,8-K,2026-07-02,"1.01,2.01,3.03,5.01,5.02,5.03,5.05,5.06,9.01",8k_5.03,none,truth,,none,truth,,none,model,,private_placement,model,,no,model,,merger_or_acquisition,truth,
CAL-0161,YHC,8-K,2025-06-04,"5.03,5.07,9.01",8k_5.03,none,model,,none,model,,none,model,,none,model,,no,model,,none,model,
CAL-0162,SPRC,F-3/A,2026-08-19,,S-3,historical,model+rule,relabeled_historical,1-for-9,model,,none,model,,convertible_or_warrants,model,,no,model,,none,model,
CAL-0163,NRXS,8-K,2025-07-03,"1.01,1.02,5.02,9.01",8k_1.01,none,truth,,none,truth,,none,model,,none,model,,no,model,,none,model,
CAL-0164,SUNE,424B5,2025-02-27,,424B,none,model,,none,model,,deficiency_notice,model,model_low_conf,priced_offering,model,,yes,model,,none,model,
CAL-0165,MSGY,F-1/A,2025-02-21,,S-3,none,truth,,none,truth,,none,model,,priced_offering,model,,no,model,,none,model,
CAL-0166,KIDZ,424B3,2026-04-22,,424B,effective,model,,1-for-50,model,,regained_compliance,model,,convertible_or_warrants,model,,no,model,,none,model,
CAL-0167,TRUG,8-K,2026-03-13,"3.03,5.03,9.01",8k_5.03,announced,truth,truth!=model(none),1-for-10,truth,truth!=model(none),none,model,,none,model,,no,model,,none,model,
CAL-0168,SKYE,8-K,2026-05-15,3.01,8k_3.01,none,truth,,none,truth,,deficiency_notice,model,,none,model,,no,model,,none,model,
CAL-0169,SKYQ,8-K,2025-11-05,"5.03,5.07,9.01",8k_5.03,none,truth,,none,truth,,none,model,,none,model,,no,model,,none,model,
CAL-0170,MSGM,8-K,2026-05-26,"3.03,5.03,9.01",8k_5.03,none,truth,,none,truth,,none,model,,none,model,,no,model,,none,model,
CAL-0171,TNON,8-K,2026-08-10,"3.03,5.03,7.01,9.01",8k_5.03,effective,truth,,1-for-35,truth,,none,model,,none,model,,no,model,,none,model,
CAL-0172,SPAI,8-K,2025-10-21,"1.01,3.02,9.01",8k_3.02,none,truth,,none,truth,,none,model,,private_placement,model,,no,model,,none,model,
CAL-0173,BIAF,8-K,2025-09-02,"1.01,9.01",8k_1.01,none,model,,none,model,,none,model,,convertible_or_warrants,model,,no,model,,none,model,
CAL-0174,BENF,8-K,2026-04-10,"3.02,3.03,5.03,7.01,9.01",8k_5.03,none,model,,none,model,,none,model,,convertible_or_warrants,model,,no,model,,none,model,
CAL-0175,AEI,8-K,2025-05-15,3.01,8k_3.01,none,truth,,none,truth,,deficiency_notice,model,,none,model,,no,model,,none,model,
CAL-0176,TOP,8-K,2026-07-13,"3.02,7.01,9.01",8k_3.02,none,model,,none,model,,none,model,,private_placement,model,,no,model,,none,model,
CAL-0177,ENSC,8-K,2026-03-23,"5.03,9.01",8k_5.03,none,truth,,none,truth,,none,model,,none,model,,no,model,,none,model,
CAL-0178,MEDS,S-1,2026-08-07,,S-3,historical,model+rule,relabeled_historical,1-for-50,model,,deficiency_notice,model,,convertible_or_warrants,model,,no,model,,none,model,
CAL-0179,EZRA,8-K,2025-08-14,"1.01,9.01",8k_1.01,none,truth,,none,truth,,none,model,,atm_or_equity_line,model,,no,model,,none,model,
CAL-0180,QCLS,8-K,2025-03-21,3.01,8k_3.01,none,model,,none,model,,deficiency_notice,model,,none,model,,no,model,,none,model,
CAL-0181,ATPC,8-K,2026-02-06,"3.03,5.03,7.01,9.01",8k_5.03,announced,truth,,1-for-50,truth,,none,model,,none,model,,no,model,,none,model,
CAL-0182,NCRA,8-K,2025-01-21,3.01,8k_3.01,none,truth,,none,truth,,deficiency_notice,model,,none,model,,no,model,,none,model,
CAL-0183,BJDX,424B3,2026-06-26,,424B,none,model,,none,model,,none,model,,convertible_or_warrants,model,,no,model,,none,model,
CAL-0184,MKZR,8-K,2025-01-28,"1.01,2.03,9.01",8k_1.01,none,truth,,none,truth,,none,model,,none,model,,no,model,,none,model,
CAL-0185,HTCR,8-K,2025-10-29,"7.01,8.01,9.01",8k_8.01,none,truth,,none,truth,,none,model,,none,model,,no,model,,none,model,
CAL-0186,MEDS,8-K/A,2026-04-21,"1.01,3.01,3.02,7.01,9.01",8k_3.01,none,model,,none,model,,deficiency_notice,model,,private_placement,model,,no,model,,none,model,
CAL-0187,TCRT,8-K,2026-04-15,3.01,8k_3.01,none,truth,,none,truth,,deficiency_notice,model,,none,model,,no,model,,none,model,
CAL-0188,RCEL,8-K,2025-08-18,3.02,8k_3.02,none,truth,,none,truth,,none,model,,private_placement,model,,no,model,,none,model,
CAL-0189,AVX,8-K,2026-08-17,"1.01,2.03,9.01",8k_1.01,none,model,,none,model,,none,model,,none,model,,no,model,,none,model,
CAL-0190,GTBP,8-K,2026-09-15,"1.01,3.02,3.03,5.03,9.01",8k_5.03,effective,truth,truth!=model(none),1-for-25,truth,truth!=model(none),none,model,,convertible_or_warrants,model,,no,model,,none,model,
CAL-0191,XOS,8-K,2026-06-05,"1.01,9.01",8k_1.01,none,truth,,none,truth,,none,model,,priced_offering,model,,no,model,,none,model,
CAL-0192,GWAV,8-K,2025-11-20,"3.01,7.01,9.01",8k_3.01,none,model,,none,model,,delisting_determination,model,,none,model,,no,model,,none,model,
CAL-0193,CNET,8-K,2026-07-30,"5.03,9.01",8k_5.03,none,truth,,none,truth,,none,model,,none,model,,no,model,,none,model,
CAL-0194,MOBX,8-K,2026-06-26,"1.01,2.03,3.02,8.01,9.01",8k_3.02,none,model,,none,model,,none,model,,convertible_or_warrants,model,,no,model,,none,model,
CAL-0195,LSTA,8-K,2026-04-03,"8.01,9.01",8k_8.01,none,truth,,none,truth,,none,model,,none,model,,no,model,,merger_or_acquisition,model,
CAL-0196,YMAT,F-1,2025-04-29,,S-3,none,truth,,none,truth,,none,model,,none,model,model_low_conf,no,model,,none,model,
CAL-0197,AVAT,8-K,2026-08-26,3.01,8k_3.01,none,truth,,none,truth,,regained_compliance,model,,none,model,,no,model,,none,model,
CAL-0198,PFSA,8-K,2025-07-18,"1.01,2.01,2.03,3.02,3.03,5.01,5.02,5.06,8.01,9.01",8k_3.02,none,truth,,none,truth,,none,model,,convertible_or_warrants,model,,no,model,,merger_or_acquisition,truth,
CAL-0199,GMEX,424B5,2025-02-10,,424B,none,truth,,none,truth,,none,model,,priced_offering,model,,no,model,,none,model,
CAL-0200,PRPL,8-K,2025-04-07,3.01,8k_3.01,none,truth,,none,truth,,deficiency_notice,model,,none,model,,no,model,,none,model,
CAL-0201,EZRA,8-K,2026-01-21,"1.01,9.01",8k_1.01,none,truth,,none,truth,,none,model,,none,model,,no,model,,none,model,
CAL-0202,CSAI,8-K/A,2025-04-17,"1.01,3.02,9.01",8k_3.02,none,truth,,none,truth,,none,model,,convertible_or_warrants,model,,no,model,,none,model,
CAL-0203,LSTA,8-K,2026-04-15,8.01,8k_8.01,none,truth,,none,truth,,none,model,,none,model,,no,model,,merger_or_acquisition,model,
CAL-0204,IPST,S-1/A,2025-10-16,,S-3,none,model,,none,model,,none,model,,atm_or_equity_line,model,model_low_conf,no,model,,none,model,
CAL-0205,GIPR,8-K,2026-09-04,1.01,8k_1.01,none,model,,none,model,,none,model,,none,model,,no,model,,none,model,
CAL-0206,LRHC,8-K,2025-05-30,3.01,8k_3.01,none,model,,none,model,,deficiency_notice,model,,none,model,,no,model,,none,model,
CAL-0207,SHPH,8-K,2025-11-26,"1.01,2.01,3.02,9.01",8k_3.02,none,model,,none,model,,none,model,,private_placement,model,model_low_conf,no,model,,merger_or_acquisition,truth,
CAL-0208,ZSTK,8-K,2026-08-19,"1.01,2.01,3.02,5.02,9.01",8k_3.02,none,model,,none,model,,none,model,,private_placement,model,,no,model,,merger_or_acquisition,truth,truth!=model(none)
CAL-0209,AEMD,8-K,2025-10-16,"3.03,5.03,9.01",8k_5.03,announced,truth,truth!=model(effective),1-for-10,truth,,none,model,,none,model,,no,model,,none,model,
CAL-0210,DOMO,8-K,2026-07-22,"1.01,3.03,5.03,9.01",8k_5.03,none,truth,,none,truth,,none,model,,none,model,,no,model,,none,model,
CAL-0211,XAIR,8-K,2026-06-26,"2.02,5.03,7.01,9.01",8k_5.03,none,model,,none,model,,none,model,,none,model,,no,model,,none,model,
CAL-0212,AIXC,S-1,2026-07-27,,S-3,none,truth,,none,truth,,none,model,,atm_or_equity_line,model,,no,model,,none,model,
CAL-0213,LEXX,8-K,2026-02-06,3.01,8k_3.01,none,truth,,none,truth,,deficiency_notice,model,,none,model,,no,model,,none,model,
CAL-0214,IVF,8-K,2025-10-22,3.02,8k_3.02,none,model,,none,model,,none,model,,convertible_or_warrants,model,,no,model,,none,model,
CAL-0215,FFAI,8-K,2025-05-16,"8.01,9.01",8k_8.01,none,model,,none,model,,none,model,,none,model,,no,model,,none,model,
CAL-0216,IVF,8-K,2026-07-24,"1.01,3.02,5.03,5.07,9.01",8k_5.03,none,model,,none,model,,none,model,,atm_or_equity_line,model,,no,model,,none,model,
CAL-0217,NTHI,8-K,2025-07-30,"1.01,9.01",8k_1.01,none,truth,,none,truth,,none,model,,private_placement,model,model_low_conf,no,model,,merger_or_acquisition,model,moderate_truth(none)!=model
CAL-0218,VSME,F-1,2025-04-21,,S-3,none,model,,none,model,,none,model,,priced_offering,model,model_low_conf,no,model,,none,model,
CAL-0219,JZXN,424B5,2025-09-30,,424B,none,model,,none,model,,none,model,,priced_offering,model,model_low_conf,no,model,,none,model,
CAL-0220,DFDV,8-K,2025-07-07,"1.01,2.03,3.02,8.01,9.01",8k_3.02,none,model,,none,model,,none,model,,convertible_or_warrants,model,,no,model,,none,model,
CAL-0221,EDBL,8-K,2025-10-16,"1.01,3.02,7.01,9.01",8k_3.02,none,model,,none,model,,none,model,,convertible_or_warrants,model,,no,model,,none,model,
CAL-0222,VIVK,8-K,2026-04-28,3.01,8k_3.01,historical,model+rule,relabeled_historical,1-for-200,model,,regained_compliance,model,,none,model,,no,model,,none,model,
CAL-0223,EJH,424B5,2025-12-02,,424B,none,model,,none,model,,none,model,,priced_offering,model,model_low_conf,no,model,,none,model,
CAL-0224,BRLT,8-K,2025-08-07,"1.01,2.02,8.01,9.01",8k_1.01,none,truth,,none,truth,,none,model,,none,model,,no,model,,none,model,
CAL-0225,IPST,8-K,2026-09-01,"3.01,9.01",8k_3.01,none,model,,none,model,,deficiency_notice,model,,none,model,,no,model,,none,model,
CAL-0226,MEDS,8-K,2026-08-04,"1.01,9.01",8k_1.01,none,model,,none,model,,none,model,,none,model,model_low_conf,no,model,,none,model,
CAL-0227,BNGO,8-K,2025-01-03,"1.01,3.02,7.01,9.01",8k_3.02,none,model,,none,model,,none,model,,convertible_or_warrants,model,,no,model,,none,model,
CAL-0228,SLE,8-K,2025-07-11,"1.01,9.01",8k_1.01,none,model,,none,model,,none,model,,convertible_or_warrants,model,,no,model,,none,model,
CAL-0229,GNLN,8-K,2025-04-17,"5.03,8.01,9.01",8k_5.03,none,model,,none,model,,none,model,,convertible_or_warrants,model,,no,model,,none,model,
CAL-0230,JAGX,8-K,2025-09-11,"1.01,3.02,5.03,9.01",8k_5.03,none,model,,none,model,,none,model,,private_placement,model,,no,model,,none,model,
CAL-0231,PFSA,8-K,2025-07-03,"5.03,9.01",8k_5.03,none,truth,,none,truth,,none,model,,none,model,,no,model,,none,model,
CAL-0232,MYSZ,8-K,2026-08-12,"3.03,5.03,8.01,9.01",8k_5.03,effective,model,,1-for-8,model,,none,model,,none,model,,no,model,,none,model,
CAL-0233,FFAI,8-K,2025-04-09,"3.03,5.03,9.01",8k_5.03,none,model,,none,model,,none,model,,convertible_or_warrants,model,moderate_truth(none)!=model,no,model,,none,model,
CAL-0234,VIVK,8-K,2025-03-21,"1.01,3.01,3.02,9.01",8k_3.01,none,truth,,none,truth,,deficiency_notice,model,,convertible_or_warrants,model,,no,model,,none,model,
CAL-0235,TPST,8-K,2026-02-06,"1.01,2.01,3.02,5.01,5.02,9.01",8k_3.02,none,model,,none,model,,none,model,,private_placement,model,,no,model,,merger_or_acquisition,truth,truth!=model(officer_departure)
CAL-0236,VGAS,8-K,2025-04-07,"5.03,9.01",8k_5.03,none,truth,,none,truth,,none,model,,none,model,,no,model,,none,model,
CAL-0237,VIVK,8-K,2026-05-12,"1.01,3.02,9.01",8k_3.02,none,model,,none,model,,none,model,model_low_conf,convertible_or_warrants,model,,no,model,,none,model,
CAL-0238,SHPH,8-K,2025-11-17,3.01,8k_3.01,none,model,,none,model,,regained_compliance,model,,private_placement,model,moderate_truth(none)!=model,no,model,,none,model,
CAL-0239,VGAS,8-K,2025-01-29,"1.01,5.02,5.03,7.01,9.01",8k_5.03,none,truth,,none,truth,,none,model,,private_placement,model,,no,model,,none,model,
CAL-0240,OFAL,F-1/A,2025-03-27,,S-3,none,truth,,none,truth,,none,model,,priced_offering,model,,no,model,,none,model,
CAL-0241,REED,8-K,2026-08-14,"3.01,8.01,9.01",8k_3.01,none,model,,none,model,,deficiency_notice,model,,none,model,,no,model,,none,model,
CAL-0242,LRHC,8-K,2026-06-12,3.01,8k_3.01,none,model,,none,model,,deficiency_notice,model,,none,model,,no,model,,none,model,
CAL-0243,REBN,8-K,2025-06-04,3.01,8k_3.01,none,truth,,none,truth,,deficiency_notice,model,,none,model,,no,model,,none,model,
CAL-0244,NTHI,S-1,2025-01-03,,S-3,none,truth,,none,truth,,none,model,,private_placement,model,,no,model,,none,model,
CAL-0245,GIPR,8-K,2026-04-20,8.01,8k_8.01,none,truth,,none,truth,,deficiency_notice,model,,none,model,,no,model,,none,model,
CAL-0246,AVAT,424B3,2026-05-29,,424B,none,truth,,none,truth,,none,model,,none,model,,no,model,,merger_or_acquisition,model,
CAL-0247,VIVK,8-K,2025-06-11,"3.02,9.01",8k_3.02,none,truth,,none,truth,,none,model,,convertible_or_warrants,model,,no,model,,none,model,
CAL-0248,ATPC,8-K,2026-03-12,3.01,8k_3.01,none,model,,none,model,,regained_compliance,model,,none,model,,no,model,,none,model,
CAL-0249,SLE,8-K,2025-09-18,"1.01,3.02,5.03,9.01",8k_5.03,none,model,,none,model,,none,model,,convertible_or_warrants,model,,no,model,,none,model,
CAL-0250,GMM,424B3,2026-02-11,,424B,none,truth,,none,truth,,none,model,,private_placement,model,,no,model,,none,model,
CAL-0251,VCIG,424B5,2026-01-21,,424B,effective,model,,1-for-30,model,,deficiency_notice,model,model_low_conf,priced_offering,model,model_low_conf,no,model,,none,model,
CAL-0252,CTSO,8-K,2026-09-23,"7.01,8.01,9.01",8k_8.01,none,model,,none,model,,regained_compliance,model,,none,model,,no,model,,none,model,
CAL-0253,KIDZ,8-K,2026-05-14,"1.01,9.01",8k_1.01,none,model,,none,model,,none,model,,atm_or_equity_line,model,,no,model,,none,model,
CAL-0254,SLE,8-K,2025-10-28,"1.01,3.02,8.01,9.01",8k_3.02,none,model,,none,model,,none,model,,private_placement,model,,no,model,,none,model,
CAL-0255,GTBP,S-3,2025-03-06,,S-3,none,model,,none,model,,deficiency_notice,model,,convertible_or_warrants,model,,yes,model,,none,model,
CAL-0256,XPON,8-K,2025-08-26,"1.01,3.01",8k_3.01,none,model,,none,model,,deficiency_notice,model,,convertible_or_warrants,model,,no,model,,none,model,
CAL-0257,XHLD,S-1,2026-04-06,,S-3,none,model,,none,model,,none,model,,priced_offering,model,,no,model,,none,model,
CAL-0258,DCX,424B5,2025-09-02,,424B,none,model,,none,model,,none,model,,priced_offering,model,,no,model,,none,model,
CAL-0259,PSQH,8-K,2025-12-18,"7.01,8.01,9.01",8k_8.01,none,truth,,none,truth,,none,model,,none,model,,no,model,,none,model,
CAL-0260,LRHC,8-K,2026-04-22,"3.01,8.01,9.01",8k_3.01,none,model,,none,model,,deficiency_notice,model,,none,model,,no,model,,none,model,
CAL-0261,VMAR,F-1,2025-12-05,,S-3,none,model,,none,model,,none,model,,priced_offering,model,model_low_conf,no,model,,none,model,
CAL-0262,AIFA,8-K,2026-04-21,"3.01,7.01,9.01",8k_3.01,none,model,,none,model,,deficiency_notice,model,,none,model,,no,model,,none,model,
CAL-0263,KPLT,8-K,2025-06-04,"1.01,7.01,9.01",8k_1.01,none,truth,,none,truth,,none,model,,none,model,,no,model,,none,model,
CAL-0264,HCTI,424B3,2026-07-16,,424B,none,model,,none,model,,none,model,,atm_or_equity_line,model,,no,model,,none,model,
CAL-0265,CTOR,424B3,2026-08-14,,424B,none,truth,,none,truth,,deficiency_notice,model,model_low_conf,convertible_or_warrants,model,,yes,model,,none,model,
CAL-0266,LRHC,8-K,2025-11-13,"1.01,2.03,3.02,3.03,5.02,5.03,7.01,9.01",8k_5.03,none,model,,none,model,,none,model,,convertible_or_warrants,model,,no,model,,none,model,
CAL-0267,CNTB,8-K,2026-03-30,"1.01,3.02,7.01,8.01,9.01",8k_3.02,none,truth,,none,truth,,none,model,,private_placement,model,,no,model,,none,model,
CAL-0268,GWAV,8-K,2025-08-26,"3.01,7.01,9.01",8k_3.01,none,model,,none,model,,deficiency_notice,model,,none,model,,no,model,,none,model,
CAL-0269,ACTU,8-K,2025-03-28,"1.01,3.02,9.01",8k_3.02,none,truth,,none,truth,,none,model,,atm_or_equity_line,model,,yes,model,,none,model,
CAL-0270,CYCU,8-K,2025-05-29,"3.01,9.01",8k_3.01,none,truth,,none,truth,,deficiency_notice,model,,none,model,,no,model,,none,model,
CAL-0271,JAGX,8-K,2025-06-30,"1.01,2.03,3.02,5.03,9.01",8k_5.03,none,model,,none,model,,none,model,,convertible_or_warrants,model,,no,model,,none,model,
CAL-0272,VEEA,S-1/A,2026-05-08,,S-3,none,truth,,none,truth,,none,model,,convertible_or_warrants,model,,no,model,,none,model,
CAL-0273,OLOX,8-K,2026-05-07,"5.03,9.01",8k_5.03,announced,model,model_low_conf,1-for-10,model,,none,model,,none,model,,no,model,,none,model,
CAL-0274,DFNS,8-K,2025-09-16,"1.01,8.01,9.01",8k_1.01,none,model,,none,model,,none,model,,convertible_or_warrants,model,model_low_conf,no,model,,merger_or_acquisition,model,
CAL-0275,ACXP,S-3/A,2025-12-30,,S-3,historical,model+rule,relabeled_historical,1-for-20,model,,none,model,,atm_or_equity_line,model,,no,model,,none,model,
CAL-0276,CNET,8-K,2026-03-27,3.01,8k_3.01,none,truth,,none,truth,,deficiency_notice,model,,none,model,,no,model,,none,model,
CAL-0277,MTEN,424B5,2025-12-08,,424B,none,model,,none,model,,none,model,,atm_or_equity_line,model,model_low_conf,no,model,,none,model,
CAL-0278,NTRB,8-K,2025-08-07,"3.02,5.03,9.01",8k_5.03,none,truth,,none,truth,,none,model,,convertible_or_warrants,model,,no,model,,none,model,
CAL-0279,SRXH,8-K,2026-01-08,3.01,8k_3.01,none,truth,,none,truth,,deficiency_notice,model,,none,model,,no,model,,none,model,
CAL-0280,DFDV,8-K,2025-08-26,"1.01,3.02,8.01,9.01",8k_3.02,none,model,,none,model,,none,model,,private_placement,model,,no,model,,none,model,
CAL-0281,LSTA,8-K,2025-10-08,1.01,8k_1.01,none,truth,,none,truth,,none,model,,none,model,,no,model,,none,model,
CAL-0282,HYFM,8-K,2026-04-07,3.01,8k_3.01,none,truth,,none,truth,,deficiency_notice,model,,none,model,,no,model,,none,model,
CAL-0283,CTXR,8-K,2026-08-21,3.01,8k_3.01,none,truth,,none,truth,,deficiency_notice,model,,none,model,,no,model,,none,model,
CAL-0284,NCRA,8-K,2025-08-29,"1.01,3.02,5.03,9.01",8k_5.03,none,truth,,none,truth,,none,model,,convertible_or_warrants,model,,no,model,,none,model,
CAL-0285,APRE,S-3,2026-04-22,,S-3,none,truth,,none,truth,,none,model,,convertible_or_warrants,model,,no,model,,none,model,
CAL-0286,NTHI,8-K,2026-01-29,"1.01,3.02,9.01",8k_3.02,none,truth,,none,truth,,none,model,,private_placement,model,,no,model,,none,model,
CAL-0287,BOXL,8-K,2025-02-21,"1.01,3.02,5.03,7.01,9.01",8k_5.03,effective,truth,truth!=model(none),1-for-5,truth,truth!=model(none),none,model,,private_placement,model,,no,model,,none,model,
CAL-0288,SHPH,8-K,2025-03-13,"1.01,3.01,7.01,9.01",8k_3.01,none,model,,none,model,,regained_compliance,model,,priced_offering,model,,no,model,,none,model,
CAL-0289,FEMY,424B3,2026-01-12,,424B,none,truth,,none,truth,,none,model,,convertible_or_warrants,model,,no,model,,none,model,
CAL-0290,XGN,8-K,2025-07-17,"5.02,8.01,9.01",8k_8.01,none,truth,,none,truth,,none,model,,none,model,,no,model,,none,model,
CAL-0291,ADVB,8-K,2025-06-06,"1.01,9.01",8k_1.01,none,truth,,none,truth,,none,model,,atm_or_equity_line,model,,no,model,,none,model,
CAL-0292,CYCU,8-K,2026-08-28,"8.01,9.01",8k_8.01,none,model,,none,model,,none,model,,none,model,,no,model,,none,model,
CAL-0293,MKZR,8-K,2026-01-09,"8.01,9.01",8k_8.01,none,model,,none,model,,none,model,,none,model,,no,model,,none,model,
CAL-0294,NTHI,S-1,2025-04-29,,S-3,none,truth,,none,truth,,none,model,,none,model,,yes,model,model_low_conf,none,model,
CAL-0295,RUBI,424B3,2025-11-28,,424B,none,model,,none,model,,none,model,,none,model,,no,model,,none,model,
CAL-0296,ZOOZ,F-3/A,2025-07-07,,S-3,none,truth,,none,truth,,none,model,,none,model,,no,model,,none,model,
CAL-0297,NCRA,8-K,2025-04-28,"3.01,9.01",8k_3.01,none,truth,,none,truth,,deficiency_notice,model,,none,model,,no,model,,none,model,
CAL-0298,MKZR,8-K/A,2025-01-10,"5.03,5.07,9.01",8k_5.03,none,truth,,none,truth,,none,model,,none,model,,no,model,,none,model,
CAL-0299,REBN,8-K,2026-02-23,"3.01,5.02",8k_3.01,none,truth,,none,truth,,regained_compliance,model,,none,model,,no,model,,none,model,
CAL-0300,VNCE,8-K,2025-10-10,"3.01,7.01,9.01",8k_3.01,none,truth,,none,truth,,none,model,,none,model,,no,model,,none,model,
CAL-0301,HCTI,8-K,2025-05-30,3.01,8k_3.01,none,model,,none,model,,delisting_determination,model,,none,model,,no,model,,none,model,
CAL-0302,CTXR,8-K,2025-06-09,"3.03,5.03,5.07,9.01",8k_5.03,none,model,,none,model,,none,model,,none,model,,no,model,,none,model,
CAL-0303,FEMY,8-K,2026-01-15,3.01,8k_3.01,none,truth,,none,truth,,deficiency_notice,model,,none,model,,no,model,,none,model,
CAL-0304,FFAI,8-K,2025-03-24,"1.01,2.03,3.02,7.01,9.01",8k_3.02,none,model,,none,model,,none,model,,convertible_or_warrants,model,,no,model,,none,model,
CAL-0305,TRUG,8-K,2025-04-04,3.01,8k_3.01,none,truth,,none,truth,,delisting_determination,model,,none,model,,no,model,,none,model,
CAL-0306,BENF,8-K,2025-08-22,"3.01,7.01,9.01",8k_3.01,none,truth,,none,truth,,delisting_determination,model,,none,model,,no,model,,none,model,
CAL-0307,GCTK,8-K,2026-08-28,"5.03,8.01,9.01",8k_5.03,effective,model,,1-for-15,model,,none,model,,none,model,,no,model,,none,model,
CAL-0308,ACXP,8-K,2025-05-08,"1.01,3.02,9.01",8k_3.02,none,truth,,none,truth,,none,model,,atm_or_equity_line,model,,no,model,,none,model,
CAL-0309,IPST,8-K,2026-04-21,"3.03,5.03,8.01,9.01",8k_5.03,announced,model,,1-for-20,model,,none,model,,none,model,,no,model,,none,model,
CAL-0310,MOBX,S-3,2025-01-17,,S-3,none,truth,,none,truth,,none,model,,none,model,,no,model,,none,model,
CAL-0311,VIVK,8-K,2026-07-16,"5.03,7.01,9.01",8k_5.03,announced,model,,1-for-20,model,,none,model,,none,model,,no,model,,none,model,
CAL-0312,AMSS,8-K,2026-08-21,"3.03,5.03,8.01,9.01",8k_5.03,none,truth,,none,truth,,none,model,,convertible_or_warrants,model,,no,model,,none,model,
CAL-0313,VMAR,424B5,2026-01-23,,424B,none,model,,none,model,,none,model,,atm_or_equity_line,model,model_low_conf,no,model,,none,model,
CAL-0314,UUU,8-K,2025-07-21,"3.01,8.01,9.01",8k_3.01,none,truth,,none,truth,,deficiency_notice,model,,none,model,,no,model,,none,model,
CAL-0315,CYCU,8-K,2025-04-09,"8.01,9.01",8k_8.01,none,truth,,none,truth,,none,model,,none,model,,no,model,,none,model,
CAL-0316,EDBL,8-K,2025-12-30,"5.02,7.01,8.01,9.01",8k_8.01,none,model,,none,model,,none,model,,none,model,,no,model,,none,model,
CAL-0317,MEDS,8-K,2025-03-27,"3.02,7.01,9.01",8k_3.02,none,truth,,none,truth,,none,model,,none,model,model_low_conf,no,model,,none,model,
CAL-0318,JAGX,8-K,2025-02-20,"1.01,4.01",8k_1.01,none,model,,none,model,,none,model,,none,model,,no,model,,auditor_change,truth,truth!=model(none)
CAL-0319,TNON,8-K,2025-03-12,"1.01,3.02,9.01",8k_3.02,none,model,,none,model,,none,model,,convertible_or_warrants,model,,no,model,,none,model,
CAL-0320,ADGM,424B3,2025-03-17,,424B,none,truth,,none,truth,,none,model,,none,model,,no,model,,officer_departure,model,
CAL-0321,SGLY,8-K,2026-05-20,3.01,8k_3.01,none,model,,none,model,,deficiency_notice,model,,none,model,,no,model,,none,model,
CAL-0322,LRHC,8-K,2025-05-07,"2.02,8.01,9.01",8k_8.01,none,model,,none,model,,none,model,,none,model,,no,model,,none,model,
CAL-0323,FFAI,8-K,2025-08-08,"1.01,3.02,3.03,5.03,9.01",8k_5.03,none,model,,none,model,,none,model,,none,model,,no,model,,none,model,
CAL-0324,BCHT,8-K,2026-07-28,"3.03,5.03,5.07,9.01",8k_5.03,none,model,,none,model,,none,model,,none,model,,no,model,,none,model,
CAL-0325,VRME,8-K,2025-07-11,"5.02,5.03,9.01",8k_5.03,none,truth,,none,truth,,none,model,,none,model,,no,model,,officer_departure,model,
CAL-0326,ADVB,8-K,2026-02-26,"3.03,5.03,8.01,9.01",8k_5.03,effective,truth,,1-for-20,truth,,none,model,,none,model,,no,model,,none,model,
CAL-0327,AURE,F-3,2025-10-20,,S-3,none,truth,,none,truth,,none,model,,private_placement,model,,no,model,,none,model,
CAL-0328,BRLS,8-K,2026-07-08,"3.01,9.01",8k_3.01,none,truth,,none,truth,,deficiency_notice,model,,none,model,,no,model,,none,model,
CAL-0329,SCKT,8-K,2026-05-20,3.01,8k_3.01,none,truth,,none,truth,,deficiency_notice,model,,none,model,,no,model,,none,model,
CAL-0330,ACTU,8-K,2025-06-02,"7.01,8.01,9.01",8k_8.01,none,truth,,none,truth,,none,model,,none,model,,yes,model,,none,model,
CAL-0331,INAB,8-K,2025-11-24,8.01,8k_8.01,none,model,,none,model,,none,model,,none,model,,no,model,,none,model,
CAL-0332,OLOX,8-K,2025-10-01,"1.01,2.03,9.01",8k_1.01,none,model,,none,model,,none,model,,none,model,,no,model,,none,model,
CAL-0333,AIFA,8-K,2026-05-11,"3.01,5.03,7.01,9.01",8k_5.03,none,model,,none,model,,delisting_determination,model,,none,model,,no,model,,none,model,
CAL-0334,BOXL,8-K,2025-06-12,"3.01,5.02,9.01",8k_3.01,none,model,,none,model,,deficiency_notice,model,,none,model,,no,model,,none,model,
CAL-0335,DAIC,8-K,2026-09-01,"3.01,7.01,9.01",8k_3.01,none,model,,none,model,,delisting_determination,model,,none,model,,no,model,,none,model,
CAL-0336,FFAI,8-K,2026-03-20,3.01,8k_3.01,none,truth,,none,truth,,deficiency_notice,model,,none,model,,no,model,,none,model,
CAL-0337,FIRY,8-K,2025-10-01,3.01,8k_3.01,none,truth,,none,truth,,deficiency_notice,model,,none,model,,no,model,,none,model,
CAL-0338,REED,8-K,2025-01-06,"1.01,3.02,8.01,9.01",8k_3.02,none,truth,,none,truth,,none,model,,private_placement,model,,no,model,,none,model,
CAL-0339,CYCU,8-K,2025-02-14,"1.01,3.01,3.02,3.03,5.01,5.02,5.03,5.05,5.06,7.01,9.01",8k_5.03,none,truth,,none,truth,,none,model,model_low_conf,private_placement,model,,no,model,,merger_or_acquisition,model,
CAL-0340,VIVK,8-K,2026-03-27,"5.03,7.01,8.01,9.01",8k_5.03,effective,truth,,1-for-200,truth,,deficiency_notice,model,model_low_conf,none,model,,no,model,,none,model,
CAL-0341,AIFA,8-K,2025-01-28,3.01,8k_3.01,none,truth,,none,truth,,deficiency_notice,model,,none,model,,no,model,,none,model,
CAL-0342,ZSTK,424B5,2025-09-29,,424B,none,model,,none,model,,none,model,,atm_or_equity_line,model,,no,model,,officer_departure,model,
CAL-0343,ATER,8-K,2026-07-20,"1.01,1.02,2.01,3.02,3.03,5.01,5.02,5.03,5.07,8.01,9.01",8k_5.03,none,truth,,none,truth,,none,model,,convertible_or_warrants,model,,no,model,,merger_or_acquisition,truth,truth!=model(officer_departure)
CAL-0344,PSQH,8-K,2026-08-14,"1.01,3.02,9.01",8k_3.02,none,model,,none,model,,none,model,,private_placement,model,,no,model,,none,model,
CAL-0345,EDBL,8-K,2026-06-12,"1.01,2.03,9.01",8k_1.01,none,model,,none,model,,none,model,,none,model,,no,model,,none,model,
CAL-0346,CRMT,424B3,2026-03-16,,424B,none,truth,,none,truth,,none,model,,none,model,model_low_conf,no,model,,none,model,
CAL-0347,EXOD,8-K,2025-12-10,"1.01,3.03,5.03,9.01",8k_5.03,none,truth,,none,truth,,none,model,,none,model,,no,model,,none,model,
CAL-0348,BIYA,F-1,2026-03-20,,S-3,none,model,,none,model,,none,model,,atm_or_equity_line,model,,no,model,,none,model,
CAL-0349,GTBP,8-K,2026-09-03,"3.03,5.03,8.01,9.01",8k_5.03,announced,truth,,1-for-25,truth,,none,model,,convertible_or_warrants,model,model_low_conf,no,model,,none,model,
CAL-0350,BJDX,8-K,2025-04-09,"1.01,3.02,8.01,9.01",8k_3.02,none,model,,none,model,,none,model,,convertible_or_warrants,model,,no,model,,none,model,
CAL-0351,GWH,424B5,2025-11-13,,424B,none,truth,,none,truth,,none,model,,atm_or_equity_line,model,,yes,model,,none,model,
CAL-0352,MOBX,424B5,2025-10-21,,424B,none,truth,,none,truth,,deficiency_notice,model,model_low_conf,atm_or_equity_line,model,,no,model,,none,model,
CAL-0353,MOBX,424B3,2025-01-13,,424B,none,truth,,none,truth,,none,model,,none,model,,no,model,,none,model,
CAL-0354,ATER,8-K,2026-04-29,"1.01,3.02,3.03,5.02,5.03,7.01,9.01",8k_5.03,none,truth,,none,truth,,none,model,,private_placement,model,,no,model,,merger_or_acquisition,model,
CAL-0355,TNON,424B4,2026-06-30,,424B,none,model,,none,model,,none,model,,priced_offering,model,,no,model,,none,model,
CAL-0356,NCPL,424B5,2025-06-23,,424B,none,model,,none,model,,none,model,,atm_or_equity_line,model,,no,model,,none,model,
CAL-0357,SLE,8-K,2026-03-20,"1.01,7.01,9.01",8k_1.01,none,model,,none,model,,none,model,,convertible_or_warrants,model,,no,model,,merger_or_acquisition,model,
CAL-0358,CNEY,F-3/A,2026-03-13,,S-3,none,model,,none,model,,none,model,,none,model,,no,model,,none,model,
CAL-0359,KIDZ,8-K,2025-04-10,"1.01,1.02,2.01,3.02,3.03,5.01,5.02,5.03,5.06,9.01",8k_5.03,none,truth,,none,truth,,none,model,,private_placement,model,,yes,model,,merger_or_acquisition,truth,
CAL-0360,BIAF,8-K,2026-07-31,3.01,8k_3.01,none,model,,none,model,,delisting_determination,model,,none,model,,no,model,,none,model,
CAL-0361,TRUG,8-K,2026-01-13,8.01,8k_8.01,none,model,,none,model,,none,model,,atm_or_equity_line,model,,no,model,,none,model,
CAL-0362,DRIO,8-K,2025-05-29,"1.01,3.02,3.03,5.03,9.01",8k_5.03,none,truth,,none,truth,,none,model,,convertible_or_warrants,model,model_low_conf,no,model,,none,model,
CAL-0363,VCIG,424B5,2026-08-25,,424B,effective,model,,1-for-15,model,,none,model,,private_placement,model,model_low_conf,no,model,,none,model,
CAL-0364,ADVB,8-K/A,2026-02-10,3.02,8k_3.02,none,model,,none,model,,none,model,,atm_or_equity_line,model,,no,model,,none,model,
CAL-0365,XHLD,8-K,2025-02-21,"1.01,7.01,9.01",8k_1.01,none,truth,,none,truth,,none,model,,priced_offering,model,,no,model,,none,model,
CAL-0366,YYAI,8-K,2025-07-15,3.01,8k_3.01,none,model,,none,model,,deficiency_notice,model,,none,model,,no,model,,none,model,
CAL-0367,DFDV,8-K,2025-07-08,"7.01,8.01,9.01",8k_8.01,none,model,,none,model,,none,model,,convertible_or_warrants,model,,no,model,,none,model,
CAL-0368,OLOX,8-K,2025-04-16,"1.01,8.01,9.01",8k_1.01,none,model,,none,model,,none,model,,private_placement,model,,no,model,,none,model,
CAL-0369,BIAF,424B3,2025-09-18,,424B,none,model,,none,model,,none,model,,private_placement,model,model_low_conf,no,model,,none,model,
CAL-0370,JAGX,8-K,2026-03-03,"5.03,9.01",8k_5.03,none,model,,none,model,,none,model,,convertible_or_warrants,model,moderate_truth(none)!=model;model_low_conf,no,model,,none,model,
CAL-0371,JZ,424B5,2026-06-03,,424B,none,model,,none,model,,none,model,,priced_offering,model,,no,model,,none,model,
CAL-0372,LRHC,8-K,2026-04-20,"3.03,5.03,7.01,9.01",8k_5.03,effective,truth,,1-for-10,truth,,none,model,,none,model,,no,model,,none,model,
CAL-0373,OLOX,8-K,2025-05-29,"1.01,7.01,9.01",8k_1.01,none,model,,none,model,,none,model,,none,model,,no,model,,merger_or_acquisition,model,
CAL-0374,MEDS,8-K,2026-05-18,8.01,8k_8.01,none,model,,none,model,,none,model,,none,model,,no,model,,none,model,
CAL-0375,DFNS,8-K,2026-04-07,8.01,8k_8.01,none,truth,,none,truth,,none,model,,none,model,,no,model,,none,model,
CAL-0376,GAME,8-K,2025-07-07,8.01,8k_8.01,none,truth,,none,truth,,none,model,,none,model,,no,model,,none,model,
CAL-0377,CTOR,8-K,2025-06-17,"8.01,9.01",8k_8.01,none,truth,,none,truth,,none,model,,none,model,,no,model,,none,model,
CAL-0378,SLSN,8-K,2025-11-06,"1.01,9.01",8k_1.01,none,truth,,none,truth,,none,model,,none,model,,no,model,,none,model,
CAL-0379,NTHI,8-K,2025-03-27,"5.03,8.01,9.01",8k_5.03,none,truth,,none,truth,,none,model,,none,model,,no,model,,none,model,
CAL-0380,RKTO,424B5,2026-04-02,,424B,none,truth,,none,truth,,none,model,,priced_offering,model,,no,model,,none,model,
CAL-0381,TPST,8-K,2026-07-28,"5.07,8.01",8k_8.01,none,truth,,none,truth,,none,model,,none,model,,no,model,,none,model,
CAL-0382,LRHC,8-K,2026-09-08,"3.03,5.03,7.01,9.01",8k_5.03,effective,truth,,1-for-6,truth,,none,model,,none,model,,no,model,,none,model,
CAL-0383,PFSA,8-K,2026-08-14,"3.03,5.03,8.01,9.01",8k_5.03,announced,model,,1-for-4,model,,none,model,,none,model,,no,model,,none,model,
CAL-0384,AIFA,8-K,2026-05-20,"5.03,8.01,9.01",8k_5.03,none,model,,none,model,,none,model,,none,model,,no,model,,none,model,
CAL-0385,AUUD,8-K,2025-07-30,"1.01,3.02,9.01",8k_3.02,none,model,,none,model,,none,model,,atm_or_equity_line,model,,no,model,,none,model,
CAL-0386,SQFTP,8-K,2025-10-14,"1.01,9.01",8k_1.01,none,truth,,none,truth,,none,model,,atm_or_equity_line,model,,no,model,,none,model,
CAL-0387,YHC,8-K,2026-07-15,"5.03,7.01,9.01",8k_5.03,effective,truth,,1-for-100,truth,,none,model,,none,model,,no,model,,none,model,
CAL-0388,ENSC,8-K,2026-02-27,3.01,8k_3.01,none,truth,,none,truth,,deficiency_notice,model,,none,model,,no,model,,none,model,
CAL-0389,TRUG,8-K,2025-05-29,"1.01,9.01",8k_1.01,none,model,,none,model,,none,model,,none,model,,no,model,,none,model,
CAL-0390,RDAC,8-K/A,2025-12-29,8.01,8k_8.01,none,truth,,none,truth,,none,model,,none,model,,no,model,,none,model,
CAL-0391,PRHI,8-K,2025-12-30,"1.01,3.02,3.03,5.03,9.01",8k_5.03,none,truth,,none,truth,,none,model,,private_placement,model,,no,model,,none,model,
CAL-0392,EDBL,8-K,2026-08-03,"1.01,8.01,9.01",8k_1.01,none,model,,none,model,,none,model,,none,model,,no,model,,none,model,
CAL-0393,IPST,8-K,2025-06-27,"5.02,5.03,5.07,9.01",8k_5.03,none,truth,,none,truth,,none,model,,none,model,,no,model,,none,model,
CAL-0394,TNON,8-K,2026-05-22,3.01,8k_3.01,none,truth,,none,truth,,deficiency_notice,model,,none,model,,no,model,,none,model,
CAL-0395,SONM,8-K,2025-10-20,"3.01,5.02,5.03,5.07,8.01,9.01",8k_5.03,announced,truth,,1-for-18,truth,,deficiency_notice,model,,none,model,,no,model,,none,model,
CAL-0396,AVAT,424B3,2026-08-19,,424B,none,truth,,none,truth,,none,model,,none,model,model_low_conf,no,model,,merger_or_acquisition,model,
CAL-0397,GCTK,S-3,2026-01-13,,S-3,none,model,,none,model,,none,model,,private_placement,model,,no,model,,none,model,
CAL-0398,AEMD,8-K,2026-07-31,"3.03,5.03,9.01",8k_5.03,announced,truth,truth!=model(effective),1-for-5,truth,,none,model,,none,model,,no,model,,none,model,
CAL-0399,INDP,S-3,2025-08-13,,S-3,none,model,,none,model,,none,model,,none,model,,no,model,,none,model,
CAL-0400,PFIE,8-K,2025-01-03,"1.02,2.01,3.01,3.03,5.01,5.02,5.03,9.01",8k_halt,none,model,,none,model,,halt,model,,none,model,,no,model,,merger_or_acquisition,truth,
CAL-0401,PIKM,8-K,2025-01-08,"1.02,3.01,8.01,9.01",8k_halt,none,model,,none,model,,halt,model,,none,model,,no,model,,none,model,
CAL-0402,QTI,8-K,2025-01-28,3.01,8k_halt,none,truth,,none,truth,,halt,model,,none,model,,no,model,,none,model,
CAL-0403,RGFC,8-K,2025-01-30,"3.01,8.01,9.01",8k_halt,none,model,,none,model,,halt,model,,none,model,,no,model,,none,model,
CAL-0404,KNW,8-K,2025-02-03,"3.01,8.01,9.01",8k_halt,none,model,,none,model,,halt,model,,none,model,,no,model,,none,model,
CAL-0405,SPIR,8-K,2025-02-19,3.01,8k_halt,none,truth,,none,truth,,deficiency_notice,model,,none,model,,no,model,,none,model,
CAL-0406,LICY,8-K,2025-02-27,"1.01,3.01,7.01,8.01,9.01",8k_halt,historical,model,,none,model,,halt,model,,none,model,,no,model,,none,model,
CAL-0407,KNWN,8-K,2025-02-28,"3.01,7.01,9.01",8k_halt,none,model,,none,model,,regained_compliance,model,,none,model,,no,model,,none,model,
CAL-0408,ZOM,8-K,2025-03-05,"3.01,9.01",8k_halt,none,model,,none,model,,halt,model,,none,model,,no,model,,none,model,
CAL-0409,GATE,8-K,2025-04-03,"3.01,8.01",8k_halt,none,model,,none,model,,halt,model,,none,model,,no,model,,none,model,
CAL-0410,AIM,8-K,2025-04-07,"3.01,8.01,9.01",8k_halt,none,model,,none,model,,halt,model,,none,model,,no,model,,none,model,
CAL-0411,NXU,8-K,2025-04-07,3.01,8k_halt,effective,model,effective_but_no_yahoo_split,1-for-20,model,,delisting_determination,model,,none,model,,no,model,,none,model,
CAL-0412,PEV,8-K,2025-04-10,"3.01,9.01",8k_halt,none,model,,none,model,,delisting_determination,model,,none,model,,no,model,,none,model,
CAL-0413,PDCO,8-K,2025-04-17,"1.02,2.01,3.01,3.03,5.01,5.02,5.03,9.01",8k_halt,none,model,,none,model,,halt,model,,none,model,,no,model,,merger_or_acquisition,truth,
CAL-0414,VINC,8-K,2025-04-17,"3.01,8.01,9.01",8k_halt,historical,model,,none,model,,delisting_determination,model,,none,model,,no,model,,none,model,
CAL-0415,ONCO,8-K,2025-04-18,"3.01,8.01",8k_halt,none,model,,none,model,,delisting_determination,model,,none,model,,no,model,,none,model,
CAL-0416,SCPX,8-K,2025-04-21,3.01,8k_halt,none,model,,none,model,,halt,model,,none,model,,no,model,,none,model,
CAL-0417,SPRB,8-K,2025-04-25,"2.05,3.01,9.01",8k_halt,none,truth,,none,truth,,delisting_determination,model,,none,model,,no,model,,none,model,
CAL-0418,ONCO,8-K,2025-04-30,"3.01,9.01",8k_halt,none,model,,none,model,,delisting_determination,model,,none,model,,no,model,,none,model,
CAL-0419,SCPX,8-K,2025-05-02,"3.01,5.02",8k_halt,none,model,,none,model,,halt,model,,none,model,,no,model,,none,model,
CAL-0420,PTN,8-K,2025-05-08,"1.01,3.01,8.01,9.01",8k_halt,none,truth,,none,truth,,halt,model,,priced_offering,model,,no,model,,none,model,
CAL-0421,PAPL,8-K,2025-05-19,"3.01,8.01,9.01",8k_halt,none,model,,none,model,,halt,model,,none,model,,no,model,,none,model,
CAL-0422,ONCO,8-K,2025-05-22,"1.01,2.03,3.01,9.01",8k_halt,none,model,,none,model,,delisting_determination,model,,none,model,,no,model,,none,model,
CAL-0423,PLYA,8-K,2025-06-17,"2.01,2.03,3.01,3.03,5.01,5.02",8k_halt,none,model,,none,model,,halt,model,,none,model,,no,model,,merger_or_acquisition,truth,
CAL-0424,VXRT,8-K,2025-07-02,3.01,8k_halt,none,truth,,none,truth,,delisting_determination,model,,none,model,,no,model,,none,model,
CAL-0425,DTCB,8-K,2025-07-15,"3.01,7.01,8.01",8k_halt,none,model,,none,model,,regained_compliance,model,,none,model,,no,model,,none,model,
CAL-0426,BOWN,8-K,2025-07-18,"3.01,9.01",8k_halt,none,model,,none,model,,halt,model,,none,model,,no,model,,none,model,
CAL-0427,FARO,8-K,2025-07-21,"1.01,2.01,3.01,3.03,5.01,5.02,5.03,8.01,9.01",8k_halt,none,model,,none,model,,halt,model,,none,model,,no,model,,merger_or_acquisition,truth,
CAL-0428,SISI,8-K,2025-07-31,"3.01,8.01",8k_halt,historical,model,,none,model,,delisting_determination,model,,none,model,,no,model,,none,model,
CAL-0429,COCH,8-K,2025-08-29,3.01,8k_halt,none,truth,,none,truth,,delisting_determination,model,,none,model,,no,model,,none,model,
CAL-0430,SISI,8-K,2025-10-08,"3.01,8.01",8k_halt,none,model,,none,model,,halt,model,,none,model,,no,model,,none,model,
CAL-0431,ADN,8-K,2025-10-29,3.01,8k_halt,none,model,,none,model,,delisting_determination,model,,none,model,,no,model,,none,model,
CAL-0432,LVTX,8-K,2025-11-21,"2.01,3.01,3.03,5.02",8k_halt,none,model,,none,model,,halt,model,,none,model,,no,model,,merger_or_acquisition,truth,
CAL-0433,ILLR,8-K,2025-12-30,"3.01,9.01",8k_halt,none,truth,,none,truth,,halt,model,,none,model,,no,model,,none,model,
CAL-0434,PRPH,8-K,2026-01-02,"3.01,9.01",8k_halt,none,model,,none,model,,delisting_determination,model,,none,model,,no,model,,none,model,
CAL-0435,BCAB,8-K,2026-02-06,"3.01,7.01",8k_halt,none,model,,none,model,,delisting_determination,model,,atm_or_equity_line,model,moderate_truth(none)!=model,no,model,,none,model,
CAL-0436,STAI,8-K,2026-02-10,"3.01,7.01,9.01",8k_halt,none,model,,none,model,,halt,model,,none,model,,no,model,,none,model,
CAL-0437,ILLR,8-K,2026-03-30,3.01,8k_halt,none,truth,,none,truth,,halt,model,,none,model,,no,model,,none,model,
CAL-0438,TBHC,8-K,2026-04-02,"1.01,2.01,3.01,3.03,5.01,5.02,5.03,9.01",8k_halt,none,model,,none,model,,halt,model,,none,model,,no,model,,merger_or_acquisition,truth,
CAL-0439,ZSPC,8-K,2026-04-23,3.01,8k_halt,effective,model,,1-for-25,model,,delisting_determination,model,,none,model,,no,model,,none,model,
CAL-0440,SGMO,8-K,2026-04-29,3.01,8k_halt,none,model,,none,model,,delisting_determination,model,,none,model,,no,model,,none,model,
CAL-0441,MEHA,8-K,2026-06-15,"3.01,7.01,9.01",8k_halt,none,truth,,none,truth,,delisting_determination,model,,none,model,,no,model,,none,model,
CAL-0442,SRXH,8-K,2026-06-24,"3.01,5.07,9.01",8k_halt,announced,model,,1-for-60,model,,halt,model,,none,model,,no,model,,none,model,
CAL-0443,BAYA,8-K,2026-07-09,3.01,8k_halt,none,model,,none,model,,halt,model,,none,model,,no,model,,none,model,
CAL-0444,CPRX,8-K,2026-07-16,"2.01,3.01,3.03,5.01,5.02,5.03,9.01",8k_halt,none,model,,none,model,,halt,model,,none,model,,no,model,,merger_or_acquisition,truth,
CAL-0445,SKYT,8-K,2026-07-31,"1.02,2.01,3.01,3.03,5.01,5.02,5.03,9.01",8k_halt,none,model,,none,model,,halt,model,,none,model,,no,model,,merger_or_acquisition,truth,
CAL-0446,VSEE,8-K,2026-08-04,3.01,8k_halt,none,truth,,none,truth,,delisting_determination,model,,none,model,,no,model,,none,model,
CAL-0447,NUTR,8-K,2026-08-07,"3.01,8.01,9.01",8k_halt,none,truth,,none,truth,,delisting_determination,model,,none,model,,no,model,,none,model,
CAL-0448,NCL,8-K,2026-08-10,"3.01,4.01,4.02,5.02,9.01",8k_halt,none,model,,none,model,,halt,model,,none,model,,no,model,,restatement,truth,truth!=model(auditor_change)
CAL-0449,OSRH,8-K,2026-08-19,"3.01,7.01,9.01",8k_halt,none,truth,,none,truth,,delisting_determination,model,,none,model,,no,model,,none,model,
CAL-0450,APGE,8-K,2026-09-03,"1.02,2.01,3.01,3.03,5.01,5.02,5.03,9.01",8k_halt,none,model,,none,model,,halt,model,,none,model,,no,model,,merger_or_acquisition,truth,
CAL-0451,ZSPC,8-K,2026-09-15,"3.01,7.01,9.01",8k_halt,none,model,,none,model,,halt,model,,none,model,,no,model,,none,model,
CAL-0452,CMAXQ,8-K,2025-01-03,"7.01,9.01",8k_halt,none,model,,none,model,,halt,model,,none,model,,no,model,,bankruptcy,model,
CAL-0453,CMAXQ,8-K,2025-02-03,"1.02,1.03,2.01,3.03,4.01,5.01,5.02,7.01,8.01,9.01",8k_halt,none,model,,none,model,,halt,model,,none,model,,yes,model,,bankruptcy,truth,
CAL-0454,RDW,8-K,2025-03-26,"8.01,9.01",8k_halt,none,truth,,none,truth,,none,model,,none,model,model_low_conf,no,model,,none,model,
CAL-0455,QTIH,8-K,2025-03-31,"2.02,8.01,9.01",8k_halt,none,model,,none,model,,halt,model,,none,model,,no,model,,none,model,
CAL-0456,QTIH,8-K,2025-04-10,"1.01,3.02,8.01,9.01",8k_halt,none,model,,none,model,,halt,model,,private_placement,model,,no,model,,none,model,
CAL-0457,DTCB,8-K,2025-05-06,"7.01,9.01",8k_halt,none,model,,none,model,,halt,model,,none,model,,no,model,,none,model,
CAL-0458,QTIH,8-K,2025-05-13,"2.02,8.01,9.01",8k_halt,none,model,,none,model,,halt,model,,none,model,,no,model,,none,model,
CAL-0459,QTIH,8-K,2025-05-21,"7.01,9.01",8k_halt,none,model,,none,model,,halt,model,,none,model,,no,model,,none,model,
CAL-0460,BHILQ,8-K,2025-05-27,"1.01,1.03,2.01,5.02,5.03,7.01,9.01",8k_halt,none,model,,none,model,,halt,model,,none,model,,no,model,,bankruptcy,truth,
CAL-0461,QTIH,8-K,2025-06-18,"8.01,9.01",8k_halt,none,model,,none,model,,halt,model,,none,model,,no,model,,none,model,
CAL-0462,AVPT,8-K,2025-07-16,"8.01,9.01",8k_halt,none,truth,,none,truth,,none,model,,none,model,model_low_conf,no,model,,none,model,
CAL-0463,SNTW,8-K,2025-08-12,8.01,8k_halt,none,truth,,none,truth,,halt,model,,none,model,,no,model,,none,model,
CAL-0464,NBY,8-K,2025-08-19,"1.01,3.02,3.03,5.02,5.03,8.01,9.01",8k_halt,none,model,,none,model,,none,model,,private_placement,model,,no,model,,officer_departure,model,
CAL-0465,KDP,8-K,2025-08-25,"1.01,2.03,7.01,9.01",8k_halt,none,truth,,none,truth,,none,model,,none,model,,no,model,,merger_or_acquisition,model,
CAL-0466,CIK,8-K,2025-09-03,"1.03,5.02,7.01,9.01",8k_halt,none,truth,,none,truth,,halt,model,,none,model,,no,model,,bankruptcy,truth,
CAL-0467,IROH,8-K,2025-10-06,"1.01,2.01,3.02,3.03,5.01,5.02,5.03,5.05,5.06,8.01,9.01",8k_halt,none,model,,none,model,,halt,model,,convertible_or_warrants,model,model_low_conf,no,model,,merger_or_acquisition,truth,
CAL-0468,QBTS,8-K,2025-11-21,"8.01,9.01",8k_halt,none,truth,,none,truth,,none,model,,convertible_or_warrants,model,,no,model,,none,model,
CAL-0469,NUTR,8-K,2026-02-03,"7.01,8.01",8k_halt,none,truth,,none,truth,,halt,model,,none,model,,no,model,,none,model,
CAL-0470,MYNZ,8-K,2026-02-17,"1.01,3.02,3.03,5.02,8.01,9.01",8k_halt,none,model,,none,model,,none,model,,private_placement,model,,no,model,,none,model,
CAL-0471,BZYR,8-K,2026-05-12,8.01,8k_halt,none,truth,,none,truth,,none,model,,none,model,,no,model,,none,model,
CAL-0472,AVO,8-K,2026-05-29,"2.01,5.02,7.01,9.01",8k_halt,none,truth,,none,truth,,none,model,,none,model,,no,model,,merger_or_acquisition,truth,
CAL-0473,HSDT,8-K,2025-04-30,"3.03,5.03,8.01,9.01",8k_split_topup,announced,model,,1-for-15,model,,none,model,,none,model,,no,model,,none,model,
CAL-0474,MNTS,8-K,2025-12-15,"3.03,5.03,8.01,9.01",8k_split_topup,announced,model,,other,model,,none,model,,none,model,,no,model,,none,model,
CAL-0475,UPLD,8-K,2026-06-04,"5.02,5.03,5.07,9.01",8k_split_topup,announced,truth,,1-for-10,truth,,none,model,,none,model,,no,model,,none,model,
CAL-0476,TGL,8-K,2025-12-08,"5.03,7.01,9.01",8k_split_topup,effective,truth,,1-for-20,truth,,none,model,,none,model,,no,model,,none,model,
CAL-0477,ILAL,8-K,2026-02-04,"3.03,5.03,5.07,8.01,9.01",8k_split_topup,none,truth,truth!=model(effective),none,truth,truth!=model(1-for-50),none,model,,none,model,,no,model,,none,model,
CAL-0478,RMXI,8-K,2026-07-24,"3.03,5.03,7.01,9.01",8k_split_topup,effective,model,,1-for-3,model,,none,model,,none,model,,no,model,,none,model,
CAL-0479,PED,8-K,2025-11-03,"1.01,2.01,2.03,3.02,3.03,5.02,5.03,5.07,7.01,9.01",8k_split_topup,none,truth,,none,truth,,none,model,,private_placement,model,,no,model,,merger_or_acquisition,truth,
CAL-0480,ASST,8-K,2026-02-03,"3.03,5.03,9.01",8k_split_topup,announced,model,,1-for-20,model,,none,model,,none,model,,no,model,,none,model,
CAL-0481,SVC,8-K,2026-07-06,"5.03,9.01",8k_split_topup,effective,model,,1-for-5,model,,none,model,,none,model,,no,model,,none,model,
CAL-0482,ARTL,8-K,2025-06-13,"3.03,5.03,8.01,9.01",8k_split_topup,effective,truth,,1-for-6,truth,,regained_compliance,model,,none,model,,no,model,,none,model,
CAL-0483,BOXL,8-K,2025-12-19,"3.03,5.03,7.01,9.01",8k_split_topup,announced,truth,,1-for-6,truth,,none,model,,none,model,,no,model,,none,model,
CAL-0484,ALVR,8-K,2025-01-15,"3.03,5.03,9.01",8k_split_topup,effective,model,effective_but_no_yahoo_split,1-for-23,model,,none,model,,none,model,,no,model,,none,model,
CAL-0485,BOXL,8-K,2025-02-13,"3.03,5.03,7.01,9.01",8k_split_topup,announced,truth,,1-for-5,truth,,deficiency_notice,model,,none,model,,no,model,,none,model,
CAL-0486,BOXL,8-K,2026-06-22,"3.03,5.03,7.01",8k_split_topup,effective,truth,,1-for-6,truth,,none,model,,none,model,,no,model,,none,model,
CAL-0487,QTIH,8-K,2025-10-23,"3.03,5.03,9.01",8k_split_topup,effective,model,effective_but_no_yahoo_split,1-for-3,model,,none,model,,none,model,,no,model,,none,model,
CAL-0488,DCOY,8-K,2026-03-05,"3.03,5.03,8.01,9.01",8k_split_topup,announced,truth,,1-for-12,truth,,none,model,,none,model,,no,model,,none,model,
CAL-0489,HFUS,8-K,2025-04-07,"3.03,5.03,9.01",8k_split_topup,effective,model,,1-for-4,model,,none,model,,none,model,,no,model,,none,model,
CAL-0490,GMRE,8-K,2025-09-19,"3.03,5.03,7.01,8.01,9.01",8k_split_topup,effective,model,effective_but_no_yahoo_split,1-for-5,model,,none,model,,none,model,,no,model,,none,model,
CAL-0491,APM,8-K,2026-07-20,"2.01,3.03,5.02,5.03,8.01,9.01",8k_split_topup,effective,model,effective_but_no_yahoo_split,1-for-10,model,,none,model,,none,model,model_low_conf,no,model,,merger_or_acquisition,truth,
CAL-0492,REVB,8-K,2025-01-30,"3.03,5.03,9.01",8k_split_topup,effective,truth,,1-for-16,truth,,none,model,,none,model,,no,model,,none,model,
CAL-0493,LXP,8-K,2025-11-12,"3.03,5.02,5.03,7.01,8.01,9.01",8k_split_topup,effective,truth,,1-for-5,truth,,none,model,,none,model,,no,model,,none,model,
CAL-0494,ICU,8-K,2025-12-18,"3.03,5.07",8k_split_topup,announced,model,,1-for-10,model,,none,model,,none,model,,no,model,,none,model,
CAL-0495,GCAN,8-K/A,2025-10-16,"5.03,8.01,9.01",8k_split_topup,effective,model,,other,model,,none,model,,none,model,,no,model,,none,model,
CAL-0496,KATX,8-K,2025-05-23,"1.01,5.02,5.03,5.06,9.01",8k_split_topup,effective,model,effective_but_no_yahoo_split,other,model,,none,model,,private_placement,model,model_low_conf,no,model,,none,model,
CAL-0497,ADTX,8-K,2026-03-05,"3.03,5.03,7.01,9.01",8k_split_topup,announced,truth,,1-for-8,truth,,none,model,,none,model,,no,model,,none,model,
CAL-0498,VEEE,8-K,2026-04-30,"5.03,8.01,9.01",8k_split_topup,announced,truth,,1-for-37,truth,,none,model,,none,model,,no,model,,none,model,
CAL-0499,ASBP,8-K,2026-05-14,"5.03,9.01",8k_split_topup,announced,model,,1-for-30,model,,none,model,,none,model,,no,model,,none,model,
CAL-0500,INUV,8-K,2025-06-10,"3.03,5.03,9.01",8k_split_topup,effective,truth,,1-for-10,truth,,none,model,,none,model,,no,model,,none,model,
CAL-0501,CHGA,8-K,2026-08-31,"3.03,5.03,7.01,9.01",8k_split_topup,effective,truth,,1-for-20,truth,,none,model,,none,model,,no,model,,none,model,
CAL-0502,EZFL,8-K,2025-02-18,"1.01,2.01,3.02,5.02,5.03,7.01,9.01",8k_split_topup,none,model,,none,model,,none,model,,priced_offering,model,,no,model,,merger_or_acquisition,truth,
CAL-0503,GRYP,8-K,2025-09-03,"1.01,1.02,2.01,3.02,3.03,5.01,5.02,5.03,5.05,7.01,8.01,9.01",8k_split_topup,effective,model,effective_but_no_yahoo_split,1-for-5,model,,none,model,,private_placement,model,model_low_conf,no,model,,merger_or_acquisition,truth,
CAL-0504,GCAN,8-K,2025-10-15,"5.03,8.01,9.01",8k_split_topup,effective,model,,other,model,,none,model,,none,model,,no,model,,none,model,
CAL-0505,TLRY,8-K,2025-11-26,"3.03,5.03,8.01,9.01",8k_split_topup,announced,truth,,1-for-10,truth,,none,model,,none,model,,no,model,,none,model,
CAL-0506,SEGG,8-K,2025-09-05,"5.03,9.01",8k_split_topup,effective,truth,,1-for-10,truth,,none,model,,none,model,,no,model,,none,model,
CAL-0507,CNSP,8-K,2025-07-22,"3.03,5.03,8.01,9.01",8k_split_topup,effective,truth,,1-for-12,truth,,none,model,,none,model,,no,model,,none,model,
CAL-0508,PTIX,8-K,2025-05-05,"5.03,9.01",8k_split_topup,effective,truth,,1-for-14,truth,,none,model,,none,model,,no,model,,none,model,
CAL-0509,NXXT,8-K,2026-09-14,"3.03,5.03,8.01,9.01",8k_split_topup,effective,truth,,1-for-10,truth,,none,model,,none,model,,no,model,,none,model,
CAL-0510,ARTL,8-K,2026-03-06,"3.03,5.03,8.01,9.01",8k_split_topup,announced,truth,,1-for-3,truth,,none,model,,none,model,,no,model,,none,model,
CAL-0511,FCUV,8-K,2026-02-05,"3.03,5.03,9.01",8k_split_topup,announced,truth,,1-for-10,truth,,none,model,,none,model,,no,model,,none,model,
CAL-0512,REVB,8-K,2025-07-09,"3.03,5.03,8.01,9.01",8k_split_topup,effective,truth,,1-for-3,truth,,none,model,,none,model,,no,model,,none,model,
CAL-0513,FEED,8-K,2026-08-31,"5.03,8.01,9.01",8k_split_topup,announced,model,,1-for-12,model,,none,model,,none,model,,no,model,,none,model,
CAL-0514,DRIO,8-K,2025-08-25,"5.03,8.01,9.01",8k_split_topup,announced,model,,1-for-20,model,,none,model,,none,model,,no,model,,none,model,
CAL-0515,ADTX,8-K,2026-05-15,"3.03,5.03,7.01,9.01",8k_split_topup,effective,model,,1-for-27,model,,none,model,,none,model,,no,model,,none,model,
CAL-0516,WKHS,8-K,2025-03-12,"3.03,5.03,7.01,9.01",8k_split_topup,announced,truth,,1-for-12,truth,truth!=model(other),none,model,model_low_conf,none,model,,no,model,,none,model,
CAL-0517,ORGN,8-K,2026-03-19,5.03,8k_split_topup,effective,model,effective_but_no_yahoo_split,1-for-30,model,,none,model,,none,model,,no,model,,none,model,
CAL-0518,TIVC,8-K,2025-03-05,"3.03,5.03,7.01,9.01",8k_split_topup,announced,model,,1-for-17,model,,delisting_determination,model,,none,model,,no,model,,none,model,
CAL-0519,DAIC,8-K,2026-05-28,"3.03,5.03,8.01,9.01",8k_split_topup,announced,truth,,1-for-25,truth,,none,model,,none,model,,no,model,,none,model,
CAL-0520,BIAF,8-K,2026-08-20,"3.03,5.03,7.01,9.01",8k_split_topup,announced,truth,,1-for-15,truth,,none,model,,none,model,,no,model,,none,model,
CAL-0521,XPON,8-K,2026-07-16,"5.03,9.01",8k_split_topup,announced,truth,,1-for-12,truth,,none,model,,none,model,,no,model,,none,model,
CAL-0522,AREB,8-K,2026-03-23,"3.03,5.03,7.01,9.01",8k_split_topup,effective,truth,,1-for-100,truth,,delisting_determination,model,model_low_conf,none,model,,no,model,,none,model,
CAL-0523,PSTV,8-K,2026-04-02,"3.03,5.03,8.01,9.01",8k_split_topup,effective,model,effective_but_no_yahoo_split,1-for-25,model,,none,model,,none,model,,no,model,,none,model,
CAL-0524,POAI,8-K,2025-09-25,"3.03,5.03,5.07,7.01,9.01",8k_split_topup,announced,model,,1-for-15,model,,none,model,,atm_or_equity_line,model,moderate_truth(none)!=model,no,model,,none,model,
CAL-0525,BIAF,8-K,2025-09-17,"3.03,5.03,7.01,9.01",8k_split_topup,announced,model,,1-for-30,model,,none,model,,none,model,,no,model,,none,model,
CAL-0526,ASRT,8-K,2025-12-22,"3.03,5.03,9.01",8k_split_topup,announced,model,,1-for-15,model,,none,model,,none,model,,no,model,,none,model,
CAL-0527,ADTX,8-K,2025-03-12,"3.01,3.03,5.03,7.01,9.01",8k_split_topup,announced,truth,,1-for-250,truth,,delisting_determination,model,,none,model,,no,model,,none,model,
CAL-0528,BJDX,8-K,2026-01-30,"3.03,5.03,5.07,8.01,9.01",8k_split_topup,effective,truth,,1-for-4,truth,,none,model,,none,model,,no,model,,none,model,
CAL-0529,SEGG,8-K,2026-07-30,"5.03,9.01",8k_split_topup,announced,truth,,1-for-7,truth,,none,model,,none,model,,no,model,,none,model,
CAL-0530,ADTX,8-K,2025-10-31,"3.03,5.03,7.01,9.01",8k_split_topup,effective,model,,1-for-113,model,,none,model,,none,model,,no,model,,none,model,
CAL-0531,FCUV,8-K,2026-06-18,"3.03,5.03,9.01",8k_split_topup,announced,truth,,1-for-4,truth,,none,model,,none,model,,no,model,,none,model,
CAL-0532,VBIO,8-K,2026-08-27,"3.03,5.03,7.01,9.01",8k_split_topup,announced,truth,,1-for-25,truth,,deficiency_notice,model,,none,model,,no,model,,none,model,
CAL-0533,ARTL,8-K,2026-08-27,"3.03,5.03,7.01,9.01",8k_split_topup,announced,truth,,1-for-9,truth,,none,model,,none,model,,no,model,,none,model,
CAL-0534,ULY,8-K,2025-03-13,"3.03,5.03,5.07,7.01,8.01,9.01",8k_split_topup,announced,model,,1-for-12,model,,none,model,,none,model,,no,model,,none,model,
CAL-0535,WKHS,8-K,2025-12-03,3.03,8k_split_topup,announced,truth,,1-for-12,truth,,none,model,,none,model,,no,model,,none,model,
CAL-0536,NFE,8-K,2026-09-11,"1.01,1.02,2.01,2.03,3.02,3.03,5.02,5.03,8.01,9.01",8k_split_topup,effective,model,,1-for-50,model,,none,model,,convertible_or_warrants,model,model_low_conf,no,model,,merger_or_acquisition,truth,truth!=model(bankruptcy)
CAL-0537,BOXL,8-K,2025-03-03,"3.03,9.01",8k_split_topup,effective,truth,truth!=model(historical),1-for-5,truth,,regained_compliance,model,moderate_truth(none)!=model,none,model,,no,model,,none,model,
CAL-0538,OPTT,8-K,2026-09-11,"3.03,5.03,5.07,9.01",8k_split_topup,effective,model,,1-for-30,model,,none,model,,none,model,,no,model,,none,model,
CAL-0539,BMNR,8-K,2025-05-16,"5.03,8.01,9.01",8k_split_topup,none,truth,truth!=model(effective),none,truth,truth!=model(1-for-20),none,model,,none,model,,no,model,,none,model,
CAL-0540,MTVA,8-K,2025-12-02,"3.03,5.03,7.01,8.01,9.01",8k_split_topup,announced,model,,1-for-11,model,,none,model,,none,model,,no,model,,none,model,
CAL-0541,DEVS,8-K/A,2025-03-07,"1.01,2.01,2.02,2.03,3.02,3.03,4.01,5.01,5.02,5.03,5.05,5.06,7.01",8k_split_topup,none,model,,none,model,,deficiency_notice,model,,private_placement,model,,yes,model,,auditor_change,truth,
CAL-0542,UBYH,8-K,2026-07-06,"3.03,5.03,5.07,9.01",8k_split_topup,effective,model,effective_but_no_yahoo_split,1-for-10,model,,none,model,,none,model,,no,model,,none,model,
CAL-0543,HSDT,8-K,2025-06-27,"3.03,5.03,9.01",8k_split_topup,announced,truth,,1-for-50,truth,,none,model,,none,model,,no,model,,none,model,
