cal_id,question,old,new,evidence,found_by
CAL-0106,reverse_split,effective,none,0 occurrences of 'reverse split' in the filing text; Item 5.03 filing with no mention of a reverse split. Market-truth rule v2 over-matched on Item 5.03.,"jev disagreement, verified by full-text search"
CAL-0106,split_ratio,1-for-15,none,0 occurrences of 'reverse split' in the filing text; Item 5.03 filing with no mention of a reverse split. Market-truth rule v2 over-matched on Item 5.03.,"jev disagreement, verified by full-text search"
CAL-0167,reverse_split,announced,none,0 occurrences of 'reverse split' in the filing text; Item 5.03 filing with no mention of a reverse split. Market-truth rule v2 over-matched on Item 5.03.,"jev disagreement, verified by full-text search"
CAL-0167,split_ratio,1-for-10,none,0 occurrences of 'reverse split' in the filing text; Item 5.03 filing with no mention of a reverse split. Market-truth rule v2 over-matched on Item 5.03.,"jev disagreement, verified by full-text search"
CAL-0190,reverse_split,effective,none,"0 occurrences of 'reverse split' in the filing text; Item 5.03 here is a Certificate of Designation amendment, not a split. Market-truth rule v2 over-matched on Item 5.03.","jev disagreement, verified by full-text search"
CAL-0190,split_ratio,1-for-25,none,"0 occurrences of 'reverse split' in the filing text; Item 5.03 here is a Certificate of Designation amendment, not a split. Market-truth rule v2 over-matched on Item 5.03.","jev disagreement, verified by full-text search"
CAL-0287,reverse_split,effective,none,"0 occurrences of 'reverse split' in the filing text; Item 5.03 here is a Certificate of Designation amendment, not a split. Market-truth rule v2 over-matched on Item 5.03.","jev disagreement, verified by full-text search"
CAL-0287,split_ratio,1-for-5,none,"0 occurrences of 'reverse split' in the filing text; Item 5.03 here is a Certificate of Designation amendment, not a split. Market-truth rule v2 over-matched on Item 5.03.","jev disagreement, verified by full-text search"
CAL-0162,going_concern,no,yes,"""The audit report covering the consolidated financial statements as of December 31, 2025 and for the year then ended contains an explanatory paragraph describing conditions that raise substantial doubt about the Company's ability to continue"" (char 66516 of 96000; labeling view was the first 30,000 chars)","jev disagreement, verified by full-text search"
CAL-0289,going_concern,no,yes,"""The audit report covering the December 31, 2024 financial statements contains an explanatory paragraph that states that the Company's recurring losses from operations and net capital deficiency raise substantial doubt about the entity's abi"" (char 57578 of 62335; labeling view was the first 30,000 chars)","jev disagreement, verified by full-text search"
CAL-0285,going_concern,no,yes,"""been audited by EisnerAmper LLP, independent registered public accounting firm, as stated in their report, which is incorporated herein by reference, which report includes an explanatory paragraph about the existence of substantial doubt co"" (char 71656 of 96000; labeling view was the first 30,000 chars)","jev disagreement, verified by full-text search"
CAL-0397,going_concern,no,yes,"""Risks Related to Our Common Stock and the Securities Market Our independent registered public accounting firm's report contains an explanatory paragraph that expresses substantial doubt about our ability to continue as a ""going concern."" (char 55293 of 96000; labeling view was the first 30,000 chars)","jev disagreement, verified by full-text search"
CAL-0166,going_concern,no,yes,"""11 Table of Contents · Our financial statements contain disclosure regarding the substantial doubt about our ability to continue as a going concern."" (char -1 of 96000; labeling view was the first 30,000 chars)","jev disagreement, verified by full-text search"
CAL-0126,going_concern,no,yes,"""Our independent registered public accounting firm expressed substantial doubt regarding our ability to continue as a going concern."" (char 70663 of 96000; labeling view was the first 30,000 chars)","jev disagreement, verified by full-text search"
CAL-0183,going_concern,no,yes,"""consolidated financial statements included in our Annual Report on Form 10-K, for the year ended December 31, 2025, as set forth in their report (which contains an explanatory paragraph describing conditions that raise substantial doubt abo"" (char 78441 of 84941; labeling view was the first 30,000 chars)","jev disagreement, verified by full-text search"
CAL-0198,going_concern,no,yes,"""c or private equity offerings or debt financings, additional credit or loan facilities or a combination of one or more of these funding sources, which is intended to mitigate the relevant conditions or events that raise substantial doubt ab"" (char 32164 of 80660; labeling view was the first 30,000 chars)","jev disagreement, verified by full-text search"
CAL-0244,going_concern,no,yes,"""The report of our independent registered public accounting firm on our consolidated financial statements for the years ended December 31, 2023 and 2022 included an explanatory paragraph indicating that there was substantial doubt about our "" (char 32609 of 96000; labeling view was the first 30,000 chars)","jev disagreement, verified by full-text search"
