cal_id,ticker,form,filing_date,items,truth_reverse_split,truth_reverse_split_conf,truth_reverse_split_src,truth_split_ratio,truth_split_ratio_conf,truth_split_ratio_src,truth_listing_status,truth_listing_status_conf,truth_listing_status_src,truth_dilution_event,truth_dilution_event_conf,truth_dilution_event_src,truth_going_concern,truth_going_concern_conf,truth_going_concern_src,truth_other_material,truth_other_material_conf,truth_other_material_src,yahoo_split_date,yahoo_ratio_n,yahoo_split_offset_days,float_ratio_date,float_ratio_n
CAL-0001,IPST,8-K,2025-11-20,"3.01,7.01,9.01",,,,,,,,,,none,moderate,item_code,,,,,,,2025-11-05,20,-15,,
CAL-0002,MYSZ,8-K,2026-03-02,3.01,none,high,no_split_in_window,none,high,no_split_in_window,,,,none,moderate,item_code,,,,none,moderate,item_code,,,,,
CAL-0003,GDC,8-K,2026-07-31,"8.01,9.01",,,,,,,,,,,,,,,,,,,2026-06-29,250,-32,,
CAL-0004,CRMT,8-K,2026-09-11,"1.01,8.01",none,high,no_split_in_window,none,high,no_split_in_window,,,,,,,,,,,,,,,,,
CAL-0005,CRMT,8-K,2025-11-05,"1.01,1.02,2.03,3.02,7.01,9.01",none,high,no_split_in_window,none,high,no_split_in_window,,,,,,,,,,,,,,,,,
CAL-0006,XGN,8-K,2026-01-12,"2.02,8.01,9.01",none,high,no_split_in_window,none,high,no_split_in_window,,,,,,,,,,,,,,,,,
CAL-0007,GRI,8-K,2026-01-16,3.01,,,,,,,,,,none,moderate,item_code,,,,none,moderate,item_code,2026-01-26,28,10,,
CAL-0008,OFAL,8-K,2026-06-12,"3.01,8.01,9.01",,,,,,,,,,,,,,,,,,,2026-07-31,10,49,,
CAL-0009,AMIX,8-K,2026-07-28,8.01,,,,,,,,,,,,,,,,,,,2026-06-24,21,-34,,
CAL-0010,BENF,8-K,2025-06-25,"3.02,3.03,5.03,7.01,9.01",none,high,no_split_in_window,none,high,no_split_in_window,,,,,,,,,,,,,,,,,
CAL-0011,BENF,8-K,2025-01-06,"3.02,3.03,5.03,7.01,9.01",,,,,,,,,,,,,,,,,,,2024-04-18,80,-263,,
CAL-0012,GCTK,8-K,2026-09-09,"1.01,2.03,3.02",,,,,,,none,moderate,item_code,,,,,,,none,moderate,item_code,2026-08-31,15,-9,,
CAL-0013,AUUD,8-K,2025-09-12,"1.01,5.02,5.07,8.01,9.01",,,,,,,,,,,,,,,,,,,2025-03-31,17,-165,,
CAL-0014,ADVB,8-K,2026-01-27,"1.01,9.01",,,,,,,none,moderate,item_code,,,,,,,none,moderate,item_code,2026-02-20,20,24,,
CAL-0015,EDBL,8-K,2025-02-27,"3.03,5.03,9.01",announced,high,yahoo_split,1-for-25,high,yahoo_split,,,,none,moderate,item_code,,,,none,moderate,item_code,2025-03-03,25,4,,
CAL-0016,AIRS,424B5,2025-06-11,,none,high,no_split_in_window,none,high,no_split_in_window,,,,,,,,,,,,,,,,,
CAL-0017,SLE,424B5,2025-05-12,,,,,,,,,,,,,,,,,,,,2025-06-23,40,42,,
CAL-0018,HCTI,8-K,2025-08-01,"3.03,5.03,8.01,9.01",effective,high,yahoo_split,1-for-249,high,yahoo_split,,,,,,,,,,,,,2025-08-01,249,0,,
CAL-0019,VRA,8-K,2026-04-17,"1.01,3.03,5.03,7.01,9.01",none,high,no_split_in_window,none,high,no_split_in_window,,,,,,,,,,,,,,,,,
CAL-0020,GNLN,8-K,2025-04-04,"3.01,9.01",,,,,,,,,,none,moderate,item_code,,,,none,moderate,item_code,2024-08-05,11,-242,,
CAL-0021,DFNS,8-K,2025-08-25,"1.01,8.01,9.01",,,,,,,,,,,,,,,,,,,2024-10-24,8,-305,,
CAL-0022,MEDS,S-1/A,2025-01-14,,none,high,no_split_in_window,none,high,no_split_in_window,,,,,,,,,,,,,,,,,
CAL-0023,GAME,S-3/A,2025-05-09,,none,high,no_split_in_window,none,high,no_split_in_window,,,,,,,,,,,,,,,,,
CAL-0024,XPON,8-K,2026-08-24,"1.01,5.02,5.03,7.01,9.01",,,,,,,,,,,,,,,,,,,2026-07-21,12,-34,,
CAL-0025,AMIX,8-K,2026-06-24,"3.03,5.03,8.01,9.01",effective,high,yahoo_split,1-for-21,high,yahoo_split,,,,,,,,,,,,,2026-06-24,21,0,,
CAL-0026,TELA,8-K,2025-11-14,"1.01,1.02,2.03,3.02,9.01",none,high,no_split_in_window,none,high,no_split_in_window,none,moderate,item_code,,,,,,,none,moderate,item_code,,,,,
CAL-0027,ENSC,8-K,2025-11-17,"1.01,3.02,5.03,8.01,9.01",,,,,,,,,,,,,,,,,,,2024-12-06,15,-346,,
CAL-0028,OLOX,8-K,2025-07-18,"1.01,3.02,5.03,9.01",,,,,,,,,,,,,,,,none,moderate,item_code,2025-09-08,64,52,,
CAL-0029,NTHI,424B5,2026-04-10,,none,high,no_split_in_window,none,high,no_split_in_window,,,,,,,,,,,,,,,,,
CAL-0030,TPCS,8-K,2025-08-29,"1.01,9.01",none,high,no_split_in_window,none,high,no_split_in_window,none,moderate,item_code,,,,,,,none,moderate,item_code,,,,,
CAL-0031,BIAF,8-K,2026-09-17,"8.01,9.01",,,,,,,,,,,,,,,,,,,2026-08-24,15,-24,2026-09-18,15
CAL-0032,JTAI,8-K,2025-11-28,"1.01,9.01",,,,,,,none,moderate,item_code,,,,,,,none,moderate,item_code,2024-11-12,225,-381,,
CAL-0033,GCTK,8-K,2026-08-05,"1.01,2.03,3.02,7.01,9.01",,,,,,,,,,,,,,,,,,,2026-08-31,15,26,,
CAL-0034,PRHI,8-K,2026-05-28,"3.03,5.03,7.01,8.01,9.01",announced,high,yahoo_split,1-for-7,high,yahoo_split,,,,,,,,,,,,,2026-06-02,7,5,,
CAL-0035,VIVK,8-K,2025-04-15,"1.01,3.02,9.01",none,high,no_split_in_window,none,high,no_split_in_window,none,moderate,item_code,,,,,,,none,moderate,item_code,,,,,
CAL-0036,LEDS,8-K,2026-02-03,3.01,none,high,no_split_in_window,none,high,no_split_in_window,,,,none,moderate,item_code,,,,none,moderate,item_code,,,,,
CAL-0037,TRUG,8-K,2026-01-09,3.01,,,,,,,,,,none,moderate,item_code,,,,none,moderate,item_code,2025-06-23,50,-200,,
CAL-0038,GIFT,8-K,2026-08-07,"3.01,9.01",none,high,no_split_in_window,none,high,no_split_in_window,,,,none,moderate,item_code,,,,none,moderate,item_code,,,,,
CAL-0039,CPHI,8-K,2025-12-10,"1.01,3.02",,,,,,,none,moderate,item_code,,,,,,,none,moderate,item_code,2025-04-15,10,-239,,
CAL-0040,APRE,8-K,2026-01-29,"1.01,3.02,7.01,8.01,9.01",none,high,no_split_in_window,none,high,no_split_in_window,,,,,,,,,,,,,,,,,
CAL-0041,SST,8-K,2025-12-12,"3.01,7.01,9.01",,,,,,,,,,none,moderate,item_code,,,,,,,2025-06-12,10,-183,,
CAL-0042,JAGX,424B5,2025-05-05,,,,,,,,,,,,,,,,,,,,2024-05-23,60,-347,,
CAL-0043,DBGI,8-K,2026-03-11,8.01,none,high,no_split_in_window,none,high,no_split_in_window,,,,,,,,,,,,,,,,,
CAL-0044,CODX,8-K,2026-01-13,3.01,,,,,,,,,,none,moderate,item_code,,,,none,moderate,item_code,2026-01-02,30,-11,,
CAL-0045,PLAG,8-K,2025-06-10,"8.01,9.01",,,,,,,,,,,,,,,,,,,2024-06-03,10,-372,,
CAL-0046,TCRT,8-K,2025-04-14,"1.01,1.02,3.02,3.03,5.03,9.01",,,,,,,,,,,,,,,,none,moderate,item_code,2024-07-18,10,-270,,
CAL-0047,SST,8-K,2026-07-24,"3.03,5.02,5.03,5.07,8.01,9.01",none,high,no_split_in_window,none,high,no_split_in_window,,,,,,,,,,,,,,,,,
CAL-0048,PFSA,8-K,2026-02-05,"3.03,5.03,8.01,9.01",announced,high,yahoo_split,1-for-75,high,yahoo_split,,,,,,,,,,,,,2026-02-09,75,4,,
CAL-0049,SKYE,8-K,2026-08-19,3.01,,,,,,,,,,none,moderate,item_code,,,,none,moderate,item_code,2026-08-24,8,5,2026-09-10,8
CAL-0050,SCKT,8-K,2026-07-17,"5.03,9.01",none,high,no_split_in_window,none,high,no_split_in_window,,,,none,moderate,item_code,,,,none,moderate,item_code,,,,,
CAL-0051,GNLN,8-K,2026-03-30,3.01,,,,,,,,,,none,moderate,item_code,,,,none,moderate,item_code,2026-04-06,8,7,,
CAL-0052,KIDZ,8-K,2025-11-26,3.01,none,high,no_split_in_window,none,high,no_split_in_window,,,,none,moderate,item_code,,,,none,moderate,item_code,,,,,
CAL-0053,CYCU,8-K,2025-08-28,"5.03,9.01",,,,,,,,,,none,moderate,item_code,,,,none,moderate,item_code,2025-10-27,30,60,,
CAL-0054,UUU,8-K/A,2025-07-21,"3.01,8.01,9.01",none,high,no_split_in_window,none,high,no_split_in_window,,,,,,,,,,,,,,,,,
CAL-0055,CYCU,8-K,2025-08-25,"1.01,5.03,9.01",,,,,,,,,,,,,,,,none,moderate,item_code,2025-10-27,30,63,,
CAL-0056,NTHI,8-K,2026-09-21,"3.03,5.03,7.01,9.01",none,high,no_split_in_window,none,high,no_split_in_window,,,,none,moderate,item_code,,,,,,,,,,,
CAL-0057,ESLA,8-K,2026-01-06,"1.01,3.02,7.01,9.01",none,high,no_split_in_window,none,high,no_split_in_window,,,,,,,,,,,,,,,,,
CAL-0058,REED,8-K,2025-01-28,"1.01,9.01",none,high,no_split_in_window,none,high,no_split_in_window,none,moderate,item_code,,,,,,,none,moderate,item_code,,,,,
CAL-0059,SQFTP,8-K,2025-04-07,"8.01,9.01",none,high,no_split_in_window,none,high,no_split_in_window,,,,,,,,,,,,,,,,,
CAL-0060,NEUP,8-K,2025-07-18,"3.01,9.01",,,,,,,,,,none,moderate,item_code,,,,none,moderate,item_code,2024-12-24,12,-206,,
CAL-0061,BOXL,8-K,2026-04-23,3.01,,,,,,,,,,none,moderate,item_code,,,,none,moderate,item_code,2026-06-22,6,60,,
CAL-0062,ACXP,8-K,2025-02-26,3.01,none,high,no_split_in_window,none,high,no_split_in_window,,,,none,moderate,item_code,,,,none,moderate,item_code,,,,,
CAL-0063,VWAV,8-K,2026-03-24,"1.01,7.01,9.01",none,high,no_split_in_window,none,high,no_split_in_window,,,,,,,,,,,,,,,,,
CAL-0064,SONM,8-K,2026-01-27,"1.01,1.02,2.01,5.03,7.01,8.01,9.01",,,,,,,,,,,,,,,,merger_or_acquisition,high,item_code,2025-10-27,18,-92,,
CAL-0065,WRAP,8-K,2025-07-07,"1.01,9.01",none,high,no_split_in_window,none,high,no_split_in_window,none,moderate,item_code,,,,,,,none,moderate,item_code,,,,,
CAL-0066,IPW,8-K,2025-10-22,"8.01,9.01",,,,,,,,,,,,,,,,,,,2025-10-27,30,5,,
CAL-0067,CIRC,424B3,2025-07-08,,none,high,no_split_in_window,none,high,no_split_in_window,,,,,,,,,,,,,,,,,
CAL-0068,SONM,8-K,2025-07-22,"1.01,9.01",,,,,,,none,moderate,item_code,,,,,,,none,moderate,item_code,2024-07-18,10,-369,,
CAL-0069,NCPL,8-K,2025-03-28,"5.03,9.01",,,,,,,,,,none,moderate,item_code,,,,none,moderate,item_code,2024-08-02,70,-238,,
CAL-0070,IPW,8-K/A,2025-12-23,"1.01,2.03,3.02,5.07,7.01,9.01",,,,,,,,,,,,,,,,,,,2025-10-27,30,-57,,
CAL-0071,NCPL,8-K,2025-03-10,"1.01,3.02,3.03,9.01",,,,,,,none,moderate,item_code,,,,,,,none,moderate,item_code,2024-08-02,70,-220,,
CAL-0072,YHC,8-K,2025-04-21,"5.03,8.01,9.01",effective,high,yahoo_split,1-for-35,high,yahoo_split,,,,,,,,,,,,,2025-04-21,35,0,,
CAL-0073,CPHI,8-K,2026-07-22,"1.01,8.01,9.01",none,high,no_split_in_window,none,high,no_split_in_window,,,,,,,,,,,,,,,,,
CAL-0074,PFSA,424B3,2025-09-26,,none,high,no_split_in_window,none,high,no_split_in_window,,,,,,,,,,,,,,,,,
CAL-0075,JEM,F-1/A,2025-02-20,,none,high,no_split_in_window,none,high,no_split_in_window,,,,,,,,,,,,,,,,,
CAL-0076,XHLD,8-K,2025-05-02,"1.01,3.02,9.01",none,high,no_split_in_window,none,high,no_split_in_window,none,moderate,item_code,,,,,,,none,moderate,item_code,,,,,
CAL-0077,REBN,8-K,2025-03-31,"1.01,2.03,3.02,9.01",none,high,no_split_in_window,none,high,no_split_in_window,none,moderate,item_code,,,,,,,none,moderate,item_code,,,,,
CAL-0078,PFSA,424B3,2025-05-15,,none,high,no_split_in_window,none,high,no_split_in_window,,,,,,,,,,,,,,,,,
CAL-0079,REBN,8-K,2026-01-05,"1.01,3.02,8.01,9.01",none,high,no_split_in_window,none,high,no_split_in_window,,,,,,,,,,,,,,,,,
CAL-0080,FRGT,8-K,2025-01-30,"5.03,9.01",,,,,,,,,,none,moderate,item_code,,,,none,moderate,item_code,2024-02-05,10,-360,,
CAL-0081,AUUD,8-K,2025-04-01,"3.03,5.03,9.01",effective,high,yahoo_split,1-for-17,high,yahoo_split,,,,none,moderate,item_code,,,,none,moderate,item_code,2025-03-31,17,-1,,
CAL-0082,ACTU,8-K,2026-07-17,3.01,none,high,no_split_in_window,none,high,no_split_in_window,,,,none,moderate,item_code,,,,none,moderate,item_code,,,,,
CAL-0083,MSGM,8-K,2025-04-17,"3.01,7.01,9.01",none,high,no_split_in_window,none,high,no_split_in_window,,,,none,moderate,item_code,,,,,,,,,,,
CAL-0084,FRGT,8-K,2025-04-30,"1.01,5.02,7.01,9.01",,,,,,,,,,,,,,,,,,,2025-05-27,4,27,,
CAL-0085,BENF,8-K,2025-09-16,"7.01,8.01,9.01",none,high,no_split_in_window,none,high,no_split_in_window,,,,,,,,,,,,,,,,,
CAL-0086,AEMD,S-3,2025-12-23,,,,,,,,,,,,,,,,,,,,2025-06-09,8,-197,,
CAL-0087,BCHT,8-K,2025-12-29,"3.03,5.03,9.01",,,,,,,,,,none,moderate,item_code,,,,none,moderate,item_code,2025-12-31,5,2,,
CAL-0088,HCTI,8-K,2025-05-23,3.01,,,,,,,,,,none,moderate,item_code,,,,none,moderate,item_code,2025-08-01,249,70,,
CAL-0089,PRHI,8-K,2026-02-27,"1.01,3.02,3.03,5.03,7.01,9.01",none,high,no_split_in_window,none,high,no_split_in_window,,,,,,,,,,,,,,,,,
CAL-0090,ERNA,8-K,2025-01-10,"3.01,5.02",none,high,no_split_in_window,none,high,no_split_in_window,,,,none,moderate,item_code,,,,,,,,,,,
CAL-0091,SLE,8-K,2025-04-11,3.01,,,,,,,,,,none,moderate,item_code,,,,none,moderate,item_code,2025-06-23,40,73,,
CAL-0092,GMEX,424B5,2025-09-23,,,,,,,,,,,,,,,,,,,,2025-09-23,16,0,,
CAL-0093,KUST,8-K,2025-11-07,"1.01,9.01",,,,,,,none,moderate,item_code,,,,,,,none,moderate,item_code,2026-01-08,3,62,,
CAL-0094,AMIX,8-K,2026-07-10,8.01,,,,,,,,,,,,,,,,,,,2026-06-24,21,-16,,
CAL-0095,PFSA,8-K,2026-08-31,"3.01,9.01",,,,,,,,,,none,moderate,item_code,,,,none,moderate,item_code,2026-08-17,4,-14,2026-08-18,4
CAL-0096,BNC,8-K,2026-05-29,"8.01,9.01",none,high,no_split_in_window,none,high,no_split_in_window,,,,,,,,,,,,,,,,,
CAL-0097,BNC,424B2,2025-01-24,,,,,,,,,,,,,,,,,,,,2024-06-07,12,-231,,
CAL-0098,ADGM,8-K,2025-01-06,"1.01,3.01,9.01",none,high,no_split_in_window,none,high,no_split_in_window,,,,,,,,,,none,moderate,item_code,,,,,
CAL-0099,DFDV,8-K,2025-05-05,"1.01,3.02,7.01,8.01,9.01",,,,,,,,,,,,,,,,,,,2024-12-30,8,-126,,
CAL-0100,LEXX,8-K,2025-02-05,"1.01,9.01",none,high,no_split_in_window,none,high,no_split_in_window,none,moderate,item_code,,,,,,,none,moderate,item_code,,,,,
CAL-0101,LGHL,424B3,2025-05-29,,,,,,,,,,,,,,,,,,,,2025-03-26,50,-64,,
CAL-0102,IPW,8-K,2026-02-02,"1.01,8.01,9.01",,,,,,,,,,,,,,,,,,,2025-10-27,30,-98,,
CAL-0103,YHC,8-K,2025-04-02,3.01,,,,,,,,,,none,moderate,item_code,,,,none,moderate,item_code,2025-04-21,35,19,,
CAL-0104,SLSN,8-K,2025-09-04,"1.01,5.02,9.01",none,high,no_split_in_window,none,high,no_split_in_window,none,moderate,item_code,,,,,,,,,,,,,,
CAL-0105,IPW,8-K,2025-07-03,3.01,none,high,no_split_in_window,none,high,no_split_in_window,,,,none,moderate,item_code,,,,none,moderate,item_code,,,,,
CAL-0106,KIDZ,8-K,2026-09-10,"3.03,5.03,5.07,9.01",effective,high,yahoo_split,1-for-15,high,yahoo_split,,,,none,moderate,item_code,,,,none,moderate,item_code,2026-08-13,15,-28,,
CAL-0107,RUBI,424B3,2026-02-23,,,,,,,,,,,,,,,,,,,,2026-02-12,8,-11,,
CAL-0108,DFNS,8-K,2026-02-09,"5.03,7.01,9.01",none,high,no_split_in_window,none,high,no_split_in_window,,,,none,moderate,item_code,,,,,,,,,,,
CAL-0109,REED,424B3,2025-09-29,,,,,,,,,,,,,,,,,,,,2025-11-03,6,35,,
CAL-0110,GCTK,424B5,2025-02-05,,,,,,,,,,,,,,,,,,,,2025-02-04,20,-1,,
CAL-0111,BRLS,8-K,2025-01-06,"1.01,5.02,9.01",none,high,no_split_in_window,none,high,no_split_in_window,none,moderate,item_code,,,,,,,,,,,,,,
CAL-0112,HCTI,8-K,2025-11-21,"1.01,2.03,3.02,9.01",,,,,,,none,moderate,item_code,,,,,,,none,moderate,item_code,2025-08-01,249,-112,,
CAL-0113,HYFM,8-K,2025-02-18,"5.03,8.01,9.01",effective,high,yahoo_split,1-for-10,high,yahoo_split,,,,,,,,,,,,,2025-02-13,10,-5,,
CAL-0114,ZSTK,8-K,2025-09-23,"1.01,2.01,2.03,3.02,5.02,9.01",,,,,,,none,moderate,item_code,,,,,,,merger_or_acquisition,high,item_code,2025-08-04,39,-50,,
CAL-0115,GCTK,8-K,2025-02-05,"1.01,7.01,9.01",,,,,,,,,,,,,,,,,,,2025-02-04,20,-1,,
CAL-0116,OPHC,8-K,2026-01-30,"1.01,3.02,9.01",none,high,no_split_in_window,none,high,no_split_in_window,none,moderate,item_code,,,,,,,none,moderate,item_code,,,,,
CAL-0117,VIVK,424B5,2025-10-27,,none,high,no_split_in_window,none,high,no_split_in_window,,,,,,,,,,,,,,,,,
CAL-0118,DOGZ,F-3,2025-12-02,,none,high,no_split_in_window,none,high,no_split_in_window,,,,,,,,,,,,,,,,,
CAL-0119,PRHI,424B3,2026-02-06,,none,high,no_split_in_window,none,high,no_split_in_window,,,,,,,,,,,,,,,,,
CAL-0120,PRPL,8-K,2026-07-22,3.01,,,,,,,,,,none,moderate,item_code,,,,none,moderate,item_code,2026-07-20,25,-2,,
CAL-0121,KIDZ,8-K,2025-07-07,"1.01,2.01,3.02,7.01,9.01",none,high,no_split_in_window,none,high,no_split_in_window,,,,,,,,,,merger_or_acquisition,high,item_code,,,,,
CAL-0122,RUBI,424B3,2025-11-28,,,,,,,,,,,,,,,,,,,,2025-12-02,30,4,,
CAL-0123,SQFTP,8-K,2026-09-02,"7.01,8.01,9.01",none,high,no_split_in_window,none,high,no_split_in_window,,,,,,,,,,,,,,,,,
CAL-0124,CDLX,8-K,2026-06-03,"3.01,3.03",announced,high,yahoo_split,1-for-10,high,yahoo_split,,,,none,moderate,item_code,,,,none,moderate,item_code,2026-06-08,10,5,,
CAL-0125,VEEA,8-K,2026-04-13,3.01,none,high,no_split_in_window,none,high,no_split_in_window,,,,none,moderate,item_code,,,,none,moderate,item_code,,,,,
CAL-0126,RPGL,F-1,2025-07-02,,none,high,no_split_in_window,none,high,no_split_in_window,,,,,,,,,,,,,,,,,
CAL-0127,SLE,8-K,2025-10-14,3.01,,,,,,,,,,none,moderate,item_code,,,,none,moderate,item_code,2025-06-23,40,-113,,
CAL-0128,CTXR,8-K,2026-02-13,"2.02,3.01,9.01",none,high,no_split_in_window,none,high,no_split_in_window,,,,none,moderate,item_code,,,,none,moderate,item_code,,,,,
CAL-0129,PRTH,8-K,2025-01-17,"1.01,7.01,9.01",none,high,no_split_in_window,none,high,no_split_in_window,,,,,,,,,,,,,,,,,
CAL-0130,NCRA,8-K,2026-04-20,3.01,none,high,no_split_in_window,none,high,no_split_in_window,,,,none,moderate,item_code,,,,none,moderate,item_code,,,,,
CAL-0131,RUBI,F-1/A,2025-10-15,,,,,,,,,,,,,,,,,,,,2025-12-02,30,48,,
CAL-0132,HCTI,8-K,2026-01-28,"1.01,2.01,3.02,7.01,9.01",,,,,,,,,,,,,,,,merger_or_acquisition,high,item_code,2026-02-10,60,13,,
CAL-0133,AVAT,8-K,2026-07-16,"1.01,2.03",none,high,no_split_in_window,none,high,no_split_in_window,none,moderate,item_code,,,,,,,none,moderate,item_code,,,,,
CAL-0134,CYCU,8-K/A,2026-08-19,"8.01,9.01",,,,,,,,,,,,,,,,,,,2026-08-28,8,9,,
CAL-0135,RMCF,8-K,2025-09-19,"3.01,5.02",none,high,no_split_in_window,none,high,no_split_in_window,,,,none,moderate,item_code,,,,,,,,,,,
CAL-0136,PULM,8-K,2026-03-27,"1.01,3.02,3.03,5.01,5.03,7.01,9.01",none,high,no_split_in_window,none,high,no_split_in_window,,,,,,,,,,,,,,,,,
CAL-0137,AVAT,8-K,2026-08-07,3.01,none,high,no_split_in_window,none,high,no_split_in_window,,,,none,moderate,item_code,,,,none,moderate,item_code,,,,,
CAL-0138,FFAI,8-K,2025-12-29,"1.01,3.02,3.03,5.03,9.01",none,high,no_split_in_window,none,high,no_split_in_window,,,,,,,,,,none,moderate,item_code,,,,,
CAL-0139,ADVB,8-K,2025-03-10,"1.01,7.01,9.01",none,high,no_split_in_window,none,high,no_split_in_window,,,,,,,,,,,,,,,,,
CAL-0140,PTN,8-K,2025-04-10,"3.01,8.01,9.01",none,high,no_split_in_window,none,high,no_split_in_window,,,,,,,,,,,,,,,,,
CAL-0141,RDAC,8-K,2026-08-20,3.01,none,high,no_split_in_window,none,high,no_split_in_window,,,,none,moderate,item_code,,,,none,moderate,item_code,,,,,
CAL-0142,XPON,8-K,2026-01-30,3.01,none,high,no_split_in_window,none,high,no_split_in_window,,,,none,moderate,item_code,,,,none,moderate,item_code,,,,,
CAL-0143,EZRA,8-K,2026-03-17,"1.01,5.03,9.01",,,,,,,,,,,,,,,,none,moderate,item_code,2026-05-18,40,62,,
CAL-0144,GWH,8-K,2025-08-29,8.01,,,,,,,,,,,,,,,,,,,2024-08-26,15,-368,,
CAL-0145,IVF,8-K,2025-09-29,"1.01,3.02,9.01",,,,,,,none,moderate,item_code,,,,,,,none,moderate,item_code,2025-11-28,8,60,,
CAL-0146,MOBX,424B3,2025-09-04,,none,high,no_split_in_window,none,high,no_split_in_window,,,,,,,,,,,,,,,,,
CAL-0147,SONM,8-K,2025-08-12,"1.01,2.03,5.02,9.01",,,,,,,none,moderate,item_code,,,,,,,,,,2024-07-18,10,-390,,
CAL-0148,PSQH,8-K/A,2025-12-18,"8.01,9.01",none,high,no_split_in_window,none,high,no_split_in_window,,,,,,,,,,,,,,,,,
CAL-0149,BNC,8-K,2026-05-13,"3.01,9.01",none,high,no_split_in_window,none,high,no_split_in_window,,,,none,moderate,item_code,,,,none,moderate,item_code,,,,,
CAL-0150,VEEA,8-K,2025-10-02,3.01,none,high,no_split_in_window,none,high,no_split_in_window,,,,none,moderate,item_code,,,,none,moderate,item_code,,,,,
CAL-0151,ADVB,8-K,2026-01-21,3.01,,,,,,,,,,none,moderate,item_code,,,,none,moderate,item_code,2026-02-20,20,30,,
CAL-0152,BIYA,424B4,2025-03-24,,none,high,no_split_in_window,none,high,no_split_in_window,,,,,,,,,,,,,,,,,
CAL-0153,VRME,424B3,2025-02-04,,none,high,no_split_in_window,none,high,no_split_in_window,,,,,,,,,,,,,,,,,
CAL-0154,BIAF,8-K,2026-06-02,"8.01,9.01",,,,,,,,,,,,,,,,,,,2025-09-19,30,-256,,
CAL-0155,WXM,424B3,2025-11-12,,none,high,no_split_in_window,none,high,no_split_in_window,,,,,,,,,,,,,,,,,
CAL-0156,CYCU,8-K,2025-10-20,"3.01,8.01,9.01",,,,,,,,,,,,,,,,,,,2025-10-27,30,7,,
CAL-0157,MEDS,8-K,2026-01-20,"1.01,2.03,3.02,9.01",none,high,no_split_in_window,none,high,no_split_in_window,none,moderate,item_code,,,,,,,none,moderate,item_code,,,,,
CAL-0158,BIAF,8-K,2026-09-09,"8.01,9.01",,,,,,,,,,,,,,,,,,,2026-08-24,15,-16,2026-09-18,15
CAL-0159,IQST,8-K,2026-06-17,"3.03,5.03,9.01",none,high,no_split_in_window,none,high,no_split_in_window,,,,none,moderate,item_code,,,,none,moderate,item_code,,,,,
CAL-0160,USDE,8-K,2026-07-02,"1.01,2.01,3.03,5.01,5.02,5.03,5.05,5.06,9.01",none,high,no_split_in_window,none,high,no_split_in_window,,,,,,,,,,merger_or_acquisition,high,item_code,,,,,
CAL-0161,YHC,8-K,2025-06-04,"5.03,5.07,9.01",,,,,,,,,,none,moderate,item_code,,,,none,moderate,item_code,2025-04-21,35,-44,,
CAL-0162,SPRC,F-3/A,2026-08-19,,,,,,,,,,,,,,,,,,,,2026-03-04,9,-168,,
CAL-0163,NRXS,8-K,2025-07-03,"1.01,1.02,5.02,9.01",none,high,no_split_in_window,none,high,no_split_in_window,none,moderate,item_code,,,,,,,,,,,,,,
CAL-0164,SUNE,424B5,2025-02-27,,,,,,,,,,,,,,,,,,,,2025-04-21,200,53,,
CAL-0165,MSGY,F-1/A,2025-02-21,,none,high,no_split_in_window,none,high,no_split_in_window,,,,,,,,,,,,,,,,,
CAL-0166,KIDZ,424B3,2026-04-22,,,,,,,,,,,,,,,,,,,,2026-06-08,10,47,,
CAL-0167,TRUG,8-K,2026-03-13,"3.03,5.03,9.01",announced,high,yahoo_split,1-for-10,high,yahoo_split,,,,none,moderate,item_code,,,,none,moderate,item_code,2026-03-27,10,14,,
CAL-0168,SKYE,8-K,2026-05-15,3.01,none,high,no_split_in_window,none,high,no_split_in_window,,,,none,moderate,item_code,,,,none,moderate,item_code,,,,,
CAL-0169,SKYQ,8-K,2025-11-05,"5.03,5.07,9.01",none,high,no_split_in_window,none,high,no_split_in_window,,,,none,moderate,item_code,,,,none,moderate,item_code,,,,,
CAL-0170,MSGM,8-K,2026-05-26,"3.03,5.03,9.01",none,high,no_split_in_window,none,high,no_split_in_window,,,,none,moderate,item_code,,,,none,moderate,item_code,,,,,
CAL-0171,TNON,8-K,2026-08-10,"3.03,5.03,7.01,9.01",effective,high,yahoo_split,1-for-35,high,yahoo_split,,,,none,moderate,item_code,,,,,,,2026-08-10,35,0,,
CAL-0172,SPAI,8-K,2025-10-21,"1.01,3.02,9.01",none,high,no_split_in_window,none,high,no_split_in_window,none,moderate,item_code,,,,,,,none,moderate,item_code,,,,,
CAL-0173,BIAF,8-K,2025-09-02,"1.01,9.01",,,,,,,none,moderate,item_code,,,,,,,none,moderate,item_code,2025-09-19,30,17,,
CAL-0174,BENF,8-K,2026-04-10,"3.02,3.03,5.03,7.01,9.01",,,,,,,,,,,,,,,,,,,2025-12-15,8,-116,,
CAL-0175,AEI,8-K,2025-05-15,3.01,none,high,no_split_in_window,none,high,no_split_in_window,,,,none,moderate,item_code,,,,none,moderate,item_code,,,,,
CAL-0176,TOP,8-K,2026-07-13,"3.02,7.01,9.01",,,,,,,,,,,,,,,,,,,2026-08-03,5,21,,
CAL-0177,ENSC,8-K,2026-03-23,"5.03,9.01",none,high,no_split_in_window,none,high,no_split_in_window,,,,none,moderate,item_code,,,,none,moderate,item_code,,,,,
CAL-0178,MEDS,S-1,2026-08-07,,,,,,,,,,,,,,,,,,,,2026-05-26,50,-73,,
CAL-0179,EZRA,8-K,2025-08-14,"1.01,9.01",none,high,no_split_in_window,none,high,no_split_in_window,none,moderate,item_code,,,,,,,none,moderate,item_code,,,,,
CAL-0180,QCLS,8-K,2025-03-21,3.01,,,,,,,,,,none,moderate,item_code,,,,none,moderate,item_code,2024-02-15,30,-400,,
CAL-0181,ATPC,8-K,2026-02-06,"3.03,5.03,7.01,9.01",announced,high,yahoo_split,1-for-50,high,yahoo_split,,,,none,moderate,item_code,,,,,,,2026-02-10,50,4,,
CAL-0182,NCRA,8-K,2025-01-21,3.01,none,high,no_split_in_window,none,high,no_split_in_window,,,,none,moderate,item_code,,,,none,moderate,item_code,,,,,
CAL-0183,BJDX,424B3,2026-06-26,,,,,,,,,,,,,,,,,,,,2026-01-29,4,-148,,
CAL-0184,MKZR,8-K,2025-01-28,"1.01,2.03,9.01",none,high,no_split_in_window,none,high,no_split_in_window,none,moderate,item_code,,,,,,,none,moderate,item_code,,,,,
CAL-0185,HTCR,8-K,2025-10-29,"7.01,8.01,9.01",none,high,no_split_in_window,none,high,no_split_in_window,,,,,,,,,,,,,,,,,
CAL-0186,MEDS,8-K/A,2026-04-21,"1.01,3.01,3.02,7.01,9.01",,,,,,,,,,,,,,,,,,,2026-05-26,50,35,,
CAL-0187,TCRT,8-K,2026-04-15,3.01,none,high,no_split_in_window,none,high,no_split_in_window,,,,none,moderate,item_code,,,,none,moderate,item_code,,,,,
CAL-0188,RCEL,8-K,2025-08-18,3.02,none,high,no_split_in_window,none,high,no_split_in_window,none,moderate,item_code,,,,,,,none,moderate,item_code,,,,,
CAL-0189,AVX,8-K,2026-08-17,"1.01,2.03,9.01",,,,,,,none,moderate,item_code,,,,,,,none,moderate,item_code,2025-07-28,9,-385,,
CAL-0190,GTBP,8-K,2026-09-15,"1.01,3.02,3.03,5.03,9.01",effective,high,yahoo_split,1-for-25,high,yahoo_split,,,,,,,,,,none,moderate,item_code,2026-09-08,25,-7,,
CAL-0191,XOS,8-K,2026-06-05,"1.01,9.01",none,high,no_split_in_window,none,high,no_split_in_window,none,moderate,item_code,,,,,,,none,moderate,item_code,,,,,
CAL-0192,GWAV,8-K,2025-11-20,"3.01,7.01,9.01",,,,,,,,,,none,moderate,item_code,,,,,,,2025-08-25,110,-87,,
CAL-0193,CNET,8-K,2026-07-30,"5.03,9.01",none,high,no_split_in_window,none,high,no_split_in_window,,,,none,moderate,item_code,,,,none,moderate,item_code,,,,,
CAL-0194,MOBX,8-K,2026-06-26,"1.01,2.03,3.02,8.01,9.01",,,,,,,,,,,,,,,,,,,2026-04-07,10,-80,,
CAL-0195,LSTA,8-K,2026-04-03,"8.01,9.01",none,high,no_split_in_window,none,high,no_split_in_window,,,,,,,,,,,,,,,,,
CAL-0196,YMAT,F-1,2025-04-29,,none,high,no_split_in_window,none,high,no_split_in_window,,,,,,,,,,,,,,,,,
CAL-0197,AVAT,8-K,2026-08-26,3.01,none,high,no_split_in_window,none,high,no_split_in_window,,,,none,moderate,item_code,,,,none,moderate,item_code,,,,,
CAL-0198,PFSA,8-K,2025-07-18,"1.01,2.01,2.03,3.02,3.03,5.01,5.02,5.06,8.01,9.01",none,high,no_split_in_window,none,high,no_split_in_window,,,,,,,,,,merger_or_acquisition,high,item_code,,,,,
CAL-0199,GMEX,424B5,2025-02-10,,none,high,no_split_in_window,none,high,no_split_in_window,,,,,,,,,,,,,,,,,
CAL-0200,PRPL,8-K,2025-04-07,3.01,none,high,no_split_in_window,none,high,no_split_in_window,,,,none,moderate,item_code,,,,none,moderate,item_code,,,,,
CAL-0201,EZRA,8-K,2026-01-21,"1.01,9.01",none,high,no_split_in_window,none,high,no_split_in_window,none,moderate,item_code,,,,,,,none,moderate,item_code,,,,,
CAL-0202,CSAI,8-K/A,2025-04-17,"1.01,3.02,9.01",none,high,no_split_in_window,none,high,no_split_in_window,none,moderate,item_code,,,,,,,none,moderate,item_code,,,,,
CAL-0203,LSTA,8-K,2026-04-15,8.01,none,high,no_split_in_window,none,high,no_split_in_window,,,,,,,,,,,,,,,,,
CAL-0204,IPST,S-1/A,2025-10-16,,,,,,,,,,,,,,,,,,,,2025-11-05,20,20,,
CAL-0205,GIPR,8-K,2026-09-04,1.01,,,,,,,none,moderate,item_code,,,,,,,none,moderate,item_code,2026-07-10,10,-56,,
CAL-0206,LRHC,8-K,2025-05-30,3.01,,,,,,,,,,none,moderate,item_code,,,,none,moderate,item_code,2025-07-07,80,38,,
CAL-0207,SHPH,8-K,2025-11-26,"1.01,2.01,3.02,9.01",,,,,,,none,moderate,item_code,,,,,,,merger_or_acquisition,high,item_code,2025-06-16,25,-163,,
CAL-0208,ZSTK,8-K,2026-08-19,"1.01,2.01,3.02,5.02,9.01",,,,,,,none,moderate,item_code,,,,,,,merger_or_acquisition,high,item_code,2025-08-04,39,-380,,
CAL-0209,AEMD,8-K,2025-10-16,"3.03,5.03,9.01",announced,high,yahoo_split,1-for-10,high,yahoo_split,,,,none,moderate,item_code,,,,none,moderate,item_code,2025-10-20,10,4,,
CAL-0210,DOMO,8-K,2026-07-22,"1.01,3.03,5.03,9.01",none,high,no_split_in_window,none,high,no_split_in_window,,,,,,,,,,none,moderate,item_code,,,,,
CAL-0211,XAIR,8-K,2026-06-26,"2.02,5.03,7.01,9.01",,,,,,,,,,none,moderate,item_code,,,,,,,2026-07-13,20,17,,
CAL-0212,AIXC,S-1,2026-07-27,,none,high,no_split_in_window,none,high,no_split_in_window,,,,,,,,,,,,,,,,,
CAL-0213,LEXX,8-K,2026-02-06,3.01,none,high,no_split_in_window,none,high,no_split_in_window,,,,none,moderate,item_code,,,,none,moderate,item_code,,,,,
CAL-0214,IVF,8-K,2025-10-22,3.02,,,,,,,none,moderate,item_code,,,,,,,none,moderate,item_code,2025-11-28,8,37,,
CAL-0215,FFAI,8-K,2025-05-16,"8.01,9.01",,,,,,,,,,,,,,,,,,,2024-08-19,40,-270,,
CAL-0216,IVF,8-K,2026-07-24,"1.01,3.02,5.03,5.07,9.01",,,,,,,,,,,,,,,,none,moderate,item_code,2025-07-21,3,-368,,
CAL-0217,NTHI,8-K,2025-07-30,"1.01,9.01",none,high,no_split_in_window,none,high,no_split_in_window,none,moderate,item_code,,,,,,,none,moderate,item_code,,,,,
CAL-0218,VSME,F-1,2025-04-21,,,,,,,,,,,,,,,,,,,,2024-06-18,7,-307,,
CAL-0219,JZXN,424B5,2025-09-30,,,,,,,,,,,,,,,,,,,,2025-12-11,40,72,,
CAL-0220,DFDV,8-K,2025-07-07,"1.01,2.03,3.02,8.01,9.01",,,,,,,,,,,,,,,,,,,2024-12-30,8,-189,,
CAL-0221,EDBL,8-K,2025-10-16,"1.01,3.02,7.01,9.01",,,,,,,,,,,,,,,,,,,2025-03-03,25,-227,,
CAL-0222,VIVK,8-K,2026-04-28,3.01,,,,,,,,,,none,moderate,item_code,,,,none,moderate,item_code,2026-03-24,200,-35,,
CAL-0223,EJH,424B5,2025-12-02,,,,,,,,,,,,,,,,,,,,2025-05-30,50,-186,,
CAL-0224,BRLT,8-K,2025-08-07,"1.01,2.02,8.01,9.01",none,high,no_split_in_window,none,high,no_split_in_window,,,,,,,,,,,,,,,,,
CAL-0225,IPST,8-K,2026-09-01,"3.01,9.01",,,,,,,,,,none,moderate,item_code,,,,none,moderate,item_code,2025-11-05,20,-300,,
CAL-0226,MEDS,8-K,2026-08-04,"1.01,9.01",,,,,,,none,moderate,item_code,,,,,,,none,moderate,item_code,2026-05-26,50,-70,,
CAL-0227,BNGO,8-K,2025-01-03,"1.01,3.02,7.01,9.01",,,,,,,,,,,,,,,,,,,2025-01-27,60,24,,
CAL-0228,SLE,8-K,2025-07-11,"1.01,9.01",,,,,,,none,moderate,item_code,,,,,,,none,moderate,item_code,2025-06-23,40,-18,,
CAL-0229,GNLN,8-K,2025-04-17,"5.03,8.01,9.01",,,,,,,,,,,,,,,,,,,2025-06-27,750,71,,
CAL-0230,JAGX,8-K,2025-09-11,"1.01,3.02,5.03,9.01",,,,,,,,,,,,,,,,none,moderate,item_code,2025-03-24,25,-171,,
CAL-0231,PFSA,8-K,2025-07-03,"5.03,9.01",none,high,no_split_in_window,none,high,no_split_in_window,,,,none,moderate,item_code,,,,none,moderate,item_code,,,,,
CAL-0232,MYSZ,8-K,2026-08-12,"3.03,5.03,8.01,9.01",,,,,,,,,,,,,,,,,,,2026-08-13,8,1,,
CAL-0233,FFAI,8-K,2025-04-09,"3.03,5.03,9.01",,,,,,,,,,none,moderate,item_code,,,,none,moderate,item_code,2024-08-19,40,-233,,
CAL-0234,VIVK,8-K,2025-03-21,"1.01,3.01,3.02,9.01",none,high,no_split_in_window,none,high,no_split_in_window,,,,,,,,,,none,moderate,item_code,,,,,
CAL-0235,TPST,8-K,2026-02-06,"1.01,2.01,3.02,5.01,5.02,9.01",,,,,,,none,moderate,item_code,,,,,,,merger_or_acquisition,high,item_code,2025-04-09,13,-303,,
CAL-0236,VGAS,8-K,2025-04-07,"5.03,9.01",none,high,no_split_in_window,none,high,no_split_in_window,,,,none,moderate,item_code,,,,none,moderate,item_code,,,,,
CAL-0237,VIVK,8-K,2026-05-12,"1.01,3.02,9.01",,,,,,,none,moderate,item_code,,,,,,,none,moderate,item_code,2026-07-17,20,66,,
CAL-0238,SHPH,8-K,2025-11-17,3.01,,,,,,,,,,none,moderate,item_code,,,,none,moderate,item_code,2025-06-16,25,-154,,
CAL-0239,VGAS,8-K,2025-01-29,"1.01,5.02,5.03,7.01,9.01",none,high,no_split_in_window,none,high,no_split_in_window,,,,,,,,,,,,,,,,,
CAL-0240,OFAL,F-1/A,2025-03-27,,none,high,no_split_in_window,none,high,no_split_in_window,,,,,,,,,,,,,,,,,
CAL-0241,REED,8-K,2026-08-14,"3.01,8.01,9.01",,,,,,,,,,,,,,,,,,,2025-11-03,6,-284,,
CAL-0242,LRHC,8-K,2026-06-12,3.01,,,,,,,,,,none,moderate,item_code,,,,none,moderate,item_code,2025-07-07,80,-340,,
CAL-0243,REBN,8-K,2025-06-04,3.01,none,high,no_split_in_window,none,high,no_split_in_window,,,,none,moderate,item_code,,,,none,moderate,item_code,,,,,
CAL-0244,NTHI,S-1,2025-01-03,,none,high,no_split_in_window,none,high,no_split_in_window,,,,,,,,,,,,,,,,,
CAL-0245,GIPR,8-K,2026-04-20,8.01,none,high,no_split_in_window,none,high,no_split_in_window,,,,,,,,,,,,,,,,,
CAL-0246,AVAT,424B3,2026-05-29,,none,high,no_split_in_window,none,high,no_split_in_window,,,,,,,,,,,,,,,,,
CAL-0247,VIVK,8-K,2025-06-11,"3.02,9.01",none,high,no_split_in_window,none,high,no_split_in_window,none,moderate,item_code,,,,,,,none,moderate,item_code,,,,,
CAL-0248,ATPC,8-K,2026-03-12,3.01,,,,,,,,,,none,moderate,item_code,,,,none,moderate,item_code,2026-02-10,50,-30,,
CAL-0249,SLE,8-K,2025-09-18,"1.01,3.02,5.03,9.01",,,,,,,,,,,,,,,,none,moderate,item_code,2025-06-23,40,-87,,
CAL-0250,GMM,424B3,2026-02-11,,none,high,no_split_in_window,none,high,no_split_in_window,,,,,,,,,,,,,,,,,
CAL-0251,VCIG,424B5,2026-01-21,,,,,,,,,,,,,,,,,,,,2026-02-27,60,37,,
CAL-0252,CTSO,8-K,2026-09-23,"7.01,8.01,9.01",,,,,,,,,,,,,,,,,,,2026-09-08,20,-15,,
CAL-0253,KIDZ,8-K,2026-05-14,"1.01,9.01",,,,,,,none,moderate,item_code,,,,,,,none,moderate,item_code,2026-06-08,10,25,,
CAL-0254,SLE,8-K,2025-10-28,"1.01,3.02,8.01,9.01",,,,,,,,,,,,,,,,,,,2025-06-23,40,-127,,
CAL-0255,GTBP,S-3,2025-03-06,,,,,,,,,,,,,,,,,,,,2024-02-05,30,-395,,
CAL-0256,XPON,8-K,2025-08-26,"1.01,3.01",,,,,,,,,,,,,,,,none,moderate,item_code,2024-10-09,100,-321,,
CAL-0257,XHLD,S-1,2026-04-06,,,,,,,,,,,,,,,,,,,,2025-12-02,15,-125,,
CAL-0258,DCX,424B5,2025-09-02,,,,,,,,,,,,,,,,,,,,2025-11-03,100,62,,
CAL-0259,PSQH,8-K,2025-12-18,"7.01,8.01,9.01",none,high,no_split_in_window,none,high,no_split_in_window,,,,,,,,,,,,,,,,,
CAL-0260,LRHC,8-K,2026-04-22,"3.01,8.01,9.01",,,,,,,,,,,,,,,,,,,2026-04-20,10,-2,,
CAL-0261,VMAR,F-1,2025-12-05,,,,,,,,,,,,,,,,,,,,2026-01-14,40,40,,
CAL-0262,AIFA,8-K,2026-04-21,"3.01,7.01,9.01",,,,,,,,,,none,moderate,item_code,,,,,,,2026-06-12,6,52,,
CAL-0263,KPLT,8-K,2025-06-04,"1.01,7.01,9.01",none,high,no_split_in_window,none,high,no_split_in_window,,,,,,,,,,,,,,,,,
CAL-0264,HCTI,424B3,2026-07-16,,,,,,,,,,,,,,,,,,,,2025-08-01,249,-349,,
CAL-0265,CTOR,424B3,2026-08-14,,none,high,no_split_in_window,none,high,no_split_in_window,,,,,,,,,,,,,,,,,
CAL-0266,LRHC,8-K,2025-11-13,"1.01,2.03,3.02,3.03,5.02,5.03,7.01,9.01",,,,,,,,,,,,,,,,,,,2026-01-26,10,74,,
CAL-0267,CNTB,8-K,2026-03-30,"1.01,3.02,7.01,8.01,9.01",none,high,no_split_in_window,none,high,no_split_in_window,,,,,,,,,,,,,,,,,
CAL-0268,GWAV,8-K,2025-08-26,"3.01,7.01,9.01",,,,,,,,,,none,moderate,item_code,,,,,,,2025-08-25,110,-1,,
CAL-0269,ACTU,8-K,2025-03-28,"1.01,3.02,9.01",none,high,no_split_in_window,none,high,no_split_in_window,none,moderate,item_code,,,,,,,none,moderate,item_code,,,,,
CAL-0270,CYCU,8-K,2025-05-29,"3.01,9.01",none,high,no_split_in_window,none,high,no_split_in_window,,,,none,moderate,item_code,,,,none,moderate,item_code,,,,,
CAL-0271,JAGX,8-K,2025-06-30,"1.01,2.03,3.02,5.03,9.01",,,,,,,,,,,,,,,,none,moderate,item_code,2025-03-24,25,-98,,
CAL-0272,VEEA,S-1/A,2026-05-08,,none,high,no_split_in_window,none,high,no_split_in_window,,,,,,,,,,,,,,,,,
CAL-0273,OLOX,8-K,2026-05-07,"5.03,9.01",,,,,,,,,,none,moderate,item_code,,,,none,moderate,item_code,2026-05-08,10,1,,
CAL-0274,DFNS,8-K,2025-09-16,"1.01,8.01,9.01",,,,,,,,,,,,,,,,,,,2024-10-24,8,-327,,
CAL-0275,ACXP,S-3/A,2025-12-30,,,,,,,,,,,,,,,,,,,,2025-08-05,20,-147,,
CAL-0276,CNET,8-K,2026-03-27,3.01,none,high,no_split_in_window,none,high,no_split_in_window,,,,none,moderate,item_code,,,,none,moderate,item_code,,,,,
CAL-0277,MTEN,424B5,2025-12-08,,,,,,,,,,,,,,,,,,,,2026-01-26,200,49,,
CAL-0278,NTRB,8-K,2025-08-07,"3.02,5.03,9.01",none,high,no_split_in_window,none,high,no_split_in_window,,,,,,,,,,none,moderate,item_code,,,,,
CAL-0279,SRXH,8-K,2026-01-08,3.01,none,high,no_split_in_window,none,high,no_split_in_window,,,,none,moderate,item_code,,,,none,moderate,item_code,,,,,
CAL-0280,DFDV,8-K,2025-08-26,"1.01,3.02,8.01,9.01",,,,,,,,,,,,,,,,,,,2024-12-30,8,-239,,
CAL-0281,LSTA,8-K,2025-10-08,1.01,none,high,no_split_in_window,none,high,no_split_in_window,none,moderate,item_code,,,,,,,none,moderate,item_code,,,,,
CAL-0282,HYFM,8-K,2026-04-07,3.01,none,high,no_split_in_window,none,high,no_split_in_window,,,,none,moderate,item_code,,,,none,moderate,item_code,,,,,
CAL-0283,CTXR,8-K,2026-08-21,3.01,none,high,no_split_in_window,none,high,no_split_in_window,,,,none,moderate,item_code,,,,none,moderate,item_code,,,,,
CAL-0284,NCRA,8-K,2025-08-29,"1.01,3.02,5.03,9.01",none,high,no_split_in_window,none,high,no_split_in_window,,,,,,,,,,none,moderate,item_code,,,,,
CAL-0285,APRE,S-3,2026-04-22,,none,high,no_split_in_window,none,high,no_split_in_window,,,,,,,,,,,,,,,,,
CAL-0286,NTHI,8-K,2026-01-29,"1.01,3.02,9.01",none,high,no_split_in_window,none,high,no_split_in_window,none,moderate,item_code,,,,,,,none,moderate,item_code,,,,,
CAL-0287,BOXL,8-K,2025-02-21,"1.01,3.02,5.03,7.01,9.01",effective,high,yahoo_split,1-for-5,high,yahoo_split,,,,,,,,,,,,,2025-02-18,5,-3,,
CAL-0288,SHPH,8-K,2025-03-13,"1.01,3.01,7.01,9.01",,,,,,,,,,,,,,,,,,,2024-08-13,8,-212,,
CAL-0289,FEMY,424B3,2026-01-12,,none,high,no_split_in_window,none,high,no_split_in_window,,,,,,,,,,,,,,,,,
CAL-0290,XGN,8-K,2025-07-17,"5.02,8.01,9.01",none,high,no_split_in_window,none,high,no_split_in_window,,,,,,,,,,,,,,,,,
CAL-0291,ADVB,8-K,2025-06-06,"1.01,9.01",none,high,no_split_in_window,none,high,no_split_in_window,none,moderate,item_code,,,,,,,none,moderate,item_code,,,,,
CAL-0292,CYCU,8-K,2026-08-28,"8.01,9.01",,,,,,,,,,,,,,,,,,,2026-08-28,8,0,,
CAL-0293,MKZR,8-K,2026-01-09,"8.01,9.01",,,,,,,,,,,,,,,,,,,2025-08-05,10,-157,,
CAL-0294,NTHI,S-1,2025-04-29,,none,high,no_split_in_window,none,high,no_split_in_window,,,,,,,,,,,,,,,,,
CAL-0295,RUBI,424B3,2025-11-28,,,,,,,,,,,,,,,,,,,,2025-12-02,30,4,,
CAL-0296,ZOOZ,F-3/A,2025-07-07,,none,high,no_split_in_window,none,high,no_split_in_window,,,,,,,,,,,,,,,,,
CAL-0297,NCRA,8-K,2025-04-28,"3.01,9.01",none,high,no_split_in_window,none,high,no_split_in_window,,,,none,moderate,item_code,,,,none,moderate,item_code,,,,,
CAL-0298,MKZR,8-K/A,2025-01-10,"5.03,5.07,9.01",none,high,no_split_in_window,none,high,no_split_in_window,,,,none,moderate,item_code,,,,none,moderate,item_code,,,,,
CAL-0299,REBN,8-K,2026-02-23,"3.01,5.02",none,high,no_split_in_window,none,high,no_split_in_window,,,,none,moderate,item_code,,,,,,,,,,,
CAL-0300,VNCE,8-K,2025-10-10,"3.01,7.01,9.01",none,high,no_split_in_window,none,high,no_split_in_window,,,,none,moderate,item_code,,,,,,,,,,,
CAL-0301,HCTI,8-K,2025-05-30,3.01,,,,,,,,,,none,moderate,item_code,,,,none,moderate,item_code,2025-08-01,249,63,,
CAL-0302,CTXR,8-K,2025-06-09,"3.03,5.03,5.07,9.01",,,,,,,,,,none,moderate,item_code,,,,none,moderate,item_code,2024-11-26,25,-195,,
CAL-0303,FEMY,8-K,2026-01-15,3.01,none,high,no_split_in_window,none,high,no_split_in_window,,,,none,moderate,item_code,,,,none,moderate,item_code,,,,,
CAL-0304,FFAI,8-K,2025-03-24,"1.01,2.03,3.02,7.01,9.01",,,,,,,,,,,,,,,,,,,2024-03-01,3,-388,,
CAL-0305,TRUG,8-K,2025-04-04,3.01,none,high,no_split_in_window,none,high,no_split_in_window,,,,none,moderate,item_code,,,,none,moderate,item_code,,,,,
CAL-0306,BENF,8-K,2025-08-22,"3.01,7.01,9.01",none,high,no_split_in_window,none,high,no_split_in_window,,,,none,moderate,item_code,,,,,,,,,,,
CAL-0307,GCTK,8-K,2026-08-28,"5.03,8.01,9.01",,,,,,,,,,,,,,,,,,,2026-08-31,15,3,,
CAL-0308,ACXP,8-K,2025-05-08,"1.01,3.02,9.01",none,high,no_split_in_window,none,high,no_split_in_window,none,moderate,item_code,,,,,,,none,moderate,item_code,,,,,
CAL-0309,IPST,8-K,2026-04-21,"3.03,5.03,8.01,9.01",,,,,,,,,,,,,,,,,,,2026-04-23,20,2,,
CAL-0310,MOBX,S-3,2025-01-17,,none,high,no_split_in_window,none,high,no_split_in_window,,,,,,,,,,,,,,,,,
CAL-0311,VIVK,8-K,2026-07-16,"5.03,7.01,9.01",,,,,,,,,,none,moderate,item_code,,,,,,,2026-07-17,20,1,,
CAL-0312,AMSS,8-K,2026-08-21,"3.03,5.03,8.01,9.01",none,high,no_split_in_window,none,high,no_split_in_window,,,,,,,,,,,,,,,,,
CAL-0313,VMAR,424B5,2026-01-23,,,,,,,,,,,,,,,,,,,,2026-01-14,40,-9,,
CAL-0314,UUU,8-K,2025-07-21,"3.01,8.01,9.01",none,high,no_split_in_window,none,high,no_split_in_window,,,,,,,,,,,,,,,,,
CAL-0315,CYCU,8-K,2025-04-09,"8.01,9.01",none,high,no_split_in_window,none,high,no_split_in_window,,,,,,,,,,,,,,,,,
CAL-0316,EDBL,8-K,2025-12-30,"5.02,7.01,8.01,9.01",,,,,,,,,,,,,,,,,,,2026-02-03,10,35,,
CAL-0317,MEDS,8-K,2025-03-27,"3.02,7.01,9.01",none,high,no_split_in_window,none,high,no_split_in_window,,,,,,,,,,,,,,,,,
CAL-0318,JAGX,8-K,2025-02-20,"1.01,4.01",,,,,,,none,moderate,item_code,,,,,,,auditor_change,high,item_code,2025-03-24,25,32,,
CAL-0319,TNON,8-K,2025-03-12,"1.01,3.02,9.01",,,,,,,none,moderate,item_code,,,,,,,none,moderate,item_code,2024-09-06,8,-187,,
CAL-0320,ADGM,424B3,2025-03-17,,none,high,no_split_in_window,none,high,no_split_in_window,,,,,,,,,,,,,,,,,
CAL-0321,SGLY,8-K,2026-05-20,3.01,,,,,,,,,,none,moderate,item_code,,,,none,moderate,item_code,2026-07-27,14,68,,
CAL-0322,LRHC,8-K,2025-05-07,"2.02,8.01,9.01",,,,,,,,,,,,,,,,,,,2025-07-07,80,61,,
CAL-0323,FFAI,8-K,2025-08-08,"1.01,3.02,3.03,5.03,9.01",,,,,,,,,,,,,,,,none,moderate,item_code,2024-08-19,40,-354,,
CAL-0324,BCHT,8-K,2026-07-28,"3.03,5.03,5.07,9.01",,,,,,,,,,none,moderate,item_code,,,,none,moderate,item_code,2025-12-31,5,-209,,
CAL-0325,VRME,8-K,2025-07-11,"5.02,5.03,9.01",none,high,no_split_in_window,none,high,no_split_in_window,,,,none,moderate,item_code,,,,,,,,,,,
CAL-0326,ADVB,8-K,2026-02-26,"3.03,5.03,8.01,9.01",effective,high,yahoo_split,1-for-20,high,yahoo_split,,,,,,,,,,,,,2026-02-20,20,-6,,
CAL-0327,AURE,F-3,2025-10-20,,none,high,no_split_in_window,none,high,no_split_in_window,,,,,,,,,,,,,,,,,
CAL-0328,BRLS,8-K,2026-07-08,"3.01,9.01",none,high,no_split_in_window,none,high,no_split_in_window,,,,none,moderate,item_code,,,,none,moderate,item_code,,,,,
CAL-0329,SCKT,8-K,2026-05-20,3.01,none,high,no_split_in_window,none,high,no_split_in_window,,,,none,moderate,item_code,,,,none,moderate,item_code,,,,,
CAL-0330,ACTU,8-K,2025-06-02,"7.01,8.01,9.01",none,high,no_split_in_window,none,high,no_split_in_window,,,,,,,,,,,,,,,,,
CAL-0331,INAB,8-K,2025-11-24,8.01,,,,,,,,,,,,,,,,,,,2025-06-06,30,-171,,
CAL-0332,OLOX,8-K,2025-10-01,"1.01,2.03,9.01",,,,,,,none,moderate,item_code,,,,,,,none,moderate,item_code,2025-09-08,64,-23,,
CAL-0333,AIFA,8-K,2026-05-11,"3.01,5.03,7.01,9.01",,,,,,,,,,none,moderate,item_code,,,,,,,2026-06-12,6,32,,
CAL-0334,BOXL,8-K,2025-06-12,"3.01,5.02,9.01",,,,,,,,,,none,moderate,item_code,,,,,,,2025-02-18,5,-114,,
CAL-0335,DAIC,8-K,2026-09-01,"3.01,7.01,9.01",,,,,,,,,,none,moderate,item_code,,,,,,,2026-06-01,25,-92,,
CAL-0336,FFAI,8-K,2026-03-20,3.01,none,high,no_split_in_window,none,high,no_split_in_window,,,,none,moderate,item_code,,,,none,moderate,item_code,,,,,
CAL-0337,FIRY,8-K,2025-10-01,3.01,none,high,no_split_in_window,none,high,no_split_in_window,,,,none,moderate,item_code,,,,none,moderate,item_code,,,,,
CAL-0338,REED,8-K,2025-01-06,"1.01,3.02,8.01,9.01",none,high,no_split_in_window,none,high,no_split_in_window,,,,,,,,,,,,,,,,,
CAL-0339,CYCU,8-K,2025-02-14,"1.01,3.01,3.02,3.03,5.01,5.02,5.03,5.05,5.06,7.01,9.01",none,high,no_split_in_window,none,high,no_split_in_window,,,,,,,,,,,,,,,,,
CAL-0340,VIVK,8-K,2026-03-27,"5.03,7.01,8.01,9.01",effective,high,yahoo_split,1-for-200,high,yahoo_split,,,,,,,,,,,,,2026-03-24,200,-3,,
CAL-0341,AIFA,8-K,2025-01-28,3.01,none,high,no_split_in_window,none,high,no_split_in_window,,,,none,moderate,item_code,,,,none,moderate,item_code,,,,,
CAL-0342,ZSTK,424B5,2025-09-29,,,,,,,,,,,,,,,,,,,,2025-08-04,39,-56,,
CAL-0343,ATER,8-K,2026-07-20,"1.01,1.02,2.01,3.02,3.03,5.01,5.02,5.03,5.07,8.01,9.01",none,high,no_split_in_window,none,high,no_split_in_window,,,,,,,,,,merger_or_acquisition,high,item_code,,,,,
CAL-0344,PSQH,8-K,2026-08-14,"1.01,3.02,9.01",,,,,,,none,moderate,item_code,,,,,,,none,moderate,item_code,2026-07-13,15,-32,,
CAL-0345,EDBL,8-K,2026-06-12,"1.01,2.03,9.01",,,,,,,none,moderate,item_code,,,,,,,none,moderate,item_code,2026-07-13,45,31,,
CAL-0346,CRMT,424B3,2026-03-16,,none,high,no_split_in_window,none,high,no_split_in_window,,,,,,,,,,,,,,,,,
CAL-0347,EXOD,8-K,2025-12-10,"1.01,3.03,5.03,9.01",none,high,no_split_in_window,none,high,no_split_in_window,,,,,,,,,,none,moderate,item_code,,,,,
CAL-0348,BIYA,F-1,2026-03-20,,,,,,,,,,,,,,,,,,,,2025-12-30,25,-80,,
CAL-0349,GTBP,8-K,2026-09-03,"3.03,5.03,8.01,9.01",announced,high,yahoo_split,1-for-25,high,yahoo_split,,,,,,,,,,,,,2026-09-08,25,5,,
CAL-0350,BJDX,8-K,2025-04-09,"1.01,3.02,8.01,9.01",,,,,,,,,,,,,,,,,,,2024-06-20,8,-293,,
CAL-0351,GWH,424B5,2025-11-13,,none,high,no_split_in_window,none,high,no_split_in_window,,,,,,,,,,,,,,,,,
CAL-0352,MOBX,424B5,2025-10-21,,none,high,no_split_in_window,none,high,no_split_in_window,,,,,,,,,,,,,,,,,
CAL-0353,MOBX,424B3,2025-01-13,,none,high,no_split_in_window,none,high,no_split_in_window,,,,,,,,,,,,,,,,,
CAL-0354,ATER,8-K,2026-04-29,"1.01,3.02,3.03,5.02,5.03,7.01,9.01",none,high,no_split_in_window,none,high,no_split_in_window,,,,,,,,,,,,,,,,,
CAL-0355,TNON,424B4,2026-06-30,,,,,,,,,,,,,,,,,,,,2026-08-10,35,41,,
CAL-0356,NCPL,424B5,2025-06-23,,,,,,,,,,,,,,,,,,,,2024-08-02,70,-325,,
CAL-0357,SLE,8-K,2026-03-20,"1.01,7.01,9.01",,,,,,,,,,,,,,,,,,,2025-06-23,40,-270,,
CAL-0358,CNEY,F-3/A,2026-03-13,,,,,,,,,,,,,,,,,,,,2025-05-19,25,-298,,
CAL-0359,KIDZ,8-K,2025-04-10,"1.01,1.02,2.01,3.02,3.03,5.01,5.02,5.03,5.06,9.01",none,high,no_split_in_window,none,high,no_split_in_window,,,,,,,,,,merger_or_acquisition,high,item_code,,,,,
CAL-0360,BIAF,8-K,2026-07-31,3.01,,,,,,,,,,none,moderate,item_code,,,,none,moderate,item_code,2026-08-24,15,24,2026-09-18,15
CAL-0361,TRUG,8-K,2026-01-13,8.01,,,,,,,,,,,,,,,,,,,2026-03-27,10,73,,
CAL-0362,DRIO,8-K,2025-05-29,"1.01,3.02,3.03,5.03,9.01",none,high,no_split_in_window,none,high,no_split_in_window,,,,,,,,,,none,moderate,item_code,,,,,
CAL-0363,VCIG,424B5,2026-08-25,,,,,,,,,,,,,,,,,,,,2026-08-24,15,-1,,
CAL-0364,ADVB,8-K/A,2026-02-10,3.02,,,,,,,none,moderate,item_code,,,,,,,none,moderate,item_code,2026-02-20,20,10,,
CAL-0365,XHLD,8-K,2025-02-21,"1.01,7.01,9.01",none,high,no_split_in_window,none,high,no_split_in_window,,,,,,,,,,,,,,,,,
CAL-0366,YYAI,8-K,2025-07-15,3.01,,,,,,,,,,none,moderate,item_code,,,,none,moderate,item_code,2024-06-27,20,-383,,
CAL-0367,DFDV,8-K,2025-07-08,"7.01,8.01,9.01",,,,,,,,,,,,,,,,,,,2024-12-30,8,-190,,
CAL-0368,OLOX,8-K,2025-04-16,"1.01,8.01,9.01",,,,,,,,,,,,,,,,,,,2024-05-02,20,-349,,
CAL-0369,BIAF,424B3,2025-09-18,,,,,,,,,,,,,,,,,,,,2025-09-19,30,1,,
CAL-0370,JAGX,8-K,2026-03-03,"5.03,9.01",,,,,,,,,,none,moderate,item_code,,,,none,moderate,item_code,2026-04-30,35,58,,
CAL-0371,JZ,424B5,2026-06-03,,,,,,,,,,,,,,,,,,,,2026-07-06,30,33,,
CAL-0372,LRHC,8-K,2026-04-20,"3.03,5.03,7.01,9.01",effective,high,yahoo_split,1-for-10,high,yahoo_split,,,,none,moderate,item_code,,,,,,,2026-04-20,10,0,,
CAL-0373,OLOX,8-K,2025-05-29,"1.01,7.01,9.01",,,,,,,,,,,,,,,,,,,2024-05-02,20,-392,,
CAL-0374,MEDS,8-K,2026-05-18,8.01,,,,,,,,,,,,,,,,,,,2026-05-26,50,8,,
CAL-0375,DFNS,8-K,2026-04-07,8.01,none,high,no_split_in_window,none,high,no_split_in_window,,,,,,,,,,,,,,,,,
CAL-0376,GAME,8-K,2025-07-07,8.01,none,high,no_split_in_window,none,high,no_split_in_window,,,,,,,,,,,,,,,,,
CAL-0377,CTOR,8-K,2025-06-17,"8.01,9.01",none,high,no_split_in_window,none,high,no_split_in_window,,,,,,,,,,,,,,,,,
CAL-0378,SLSN,8-K,2025-11-06,"1.01,9.01",none,high,no_split_in_window,none,high,no_split_in_window,none,moderate,item_code,,,,,,,none,moderate,item_code,,,,,
CAL-0379,NTHI,8-K,2025-03-27,"5.03,8.01,9.01",none,high,no_split_in_window,none,high,no_split_in_window,,,,,,,,,,,,,,,,,
CAL-0380,RKTO,424B5,2026-04-02,,none,high,no_split_in_window,none,high,no_split_in_window,,,,,,,,,,,,,,,,,
CAL-0381,TPST,8-K,2026-07-28,"5.07,8.01",none,high,no_split_in_window,none,high,no_split_in_window,,,,,,,,,,,,,,,,,
CAL-0382,LRHC,8-K,2026-09-08,"3.03,5.03,7.01,9.01",effective,high,yahoo_split,1-for-6,high,yahoo_split,,,,none,moderate,item_code,,,,,,,2026-09-08,6,0,2026-09-08,3
CAL-0383,PFSA,8-K,2026-08-14,"3.03,5.03,8.01,9.01",,,,,,,,,,,,,,,,,,,2026-08-17,4,3,2026-08-18,4
CAL-0384,AIFA,8-K,2026-05-20,"5.03,8.01,9.01",,,,,,,,,,,,,,,,,,,2026-06-12,6,23,,
CAL-0385,AUUD,8-K,2025-07-30,"1.01,3.02,9.01",,,,,,,none,moderate,item_code,,,,,,,none,moderate,item_code,2025-03-31,17,-121,,
CAL-0386,SQFTP,8-K,2025-10-14,"1.01,9.01",none,high,no_split_in_window,none,high,no_split_in_window,none,moderate,item_code,,,,,,,none,moderate,item_code,,,,,
CAL-0387,YHC,8-K,2026-07-15,"5.03,7.01,9.01",effective,high,yahoo_split,1-for-100,high,yahoo_split,,,,none,moderate,item_code,,,,,,,2026-07-13,100,-2,,
CAL-0388,ENSC,8-K,2026-02-27,3.01,none,high,no_split_in_window,none,high,no_split_in_window,,,,none,moderate,item_code,,,,none,moderate,item_code,,,,,
CAL-0389,TRUG,8-K,2025-05-29,"1.01,9.01",,,,,,,none,moderate,item_code,,,,,,,none,moderate,item_code,2025-06-23,50,25,,
CAL-0390,RDAC,8-K/A,2025-12-29,8.01,none,high,no_split_in_window,none,high,no_split_in_window,,,,,,,,,,,,,,,,,
CAL-0391,PRHI,8-K,2025-12-30,"1.01,3.02,3.03,5.03,9.01",none,high,no_split_in_window,none,high,no_split_in_window,,,,,,,,,,none,moderate,item_code,,,,,
CAL-0392,EDBL,8-K,2026-08-03,"1.01,8.01,9.01",,,,,,,,,,,,,,,,,,,2026-07-13,45,-21,,
CAL-0393,IPST,8-K,2025-06-27,"5.02,5.03,5.07,9.01",none,high,no_split_in_window,none,high,no_split_in_window,,,,none,moderate,item_code,,,,,,,,,,,
CAL-0394,TNON,8-K,2026-05-22,3.01,none,high,no_split_in_window,none,high,no_split_in_window,,,,none,moderate,item_code,,,,none,moderate,item_code,,,,,
CAL-0395,SONM,8-K,2025-10-20,"3.01,5.02,5.03,5.07,8.01,9.01",announced,high,yahoo_split,1-for-18,high,yahoo_split,,,,,,,,,,,,,2025-10-27,18,7,,
CAL-0396,AVAT,424B3,2026-08-19,,none,high,no_split_in_window,none,high,no_split_in_window,,,,,,,,,,,,,,,,,
CAL-0397,GCTK,S-3,2026-01-13,,,,,,,,,,,,,,,,,,,,2025-02-04,20,-343,,
CAL-0398,AEMD,8-K,2026-07-31,"3.03,5.03,9.01",announced,high,yahoo_split,1-for-5,high,yahoo_split,,,,none,moderate,item_code,,,,none,moderate,item_code,2026-08-04,5,4,,
CAL-0399,INDP,S-3,2025-08-13,,,,,,,,,,,,,,,,,,,,2025-06-27,28,-47,,
CAL-0400,PFIE,8-K,2025-01-03,"1.02,2.01,3.01,3.03,5.01,5.02,5.03,9.01",,,,,,,,,,none,moderate,item_code,,,,merger_or_acquisition,high,item_code,,,,,
CAL-0401,PIKM,8-K,2025-01-08,"1.02,3.01,8.01,9.01",,,,,,,,,,,,,,,,,,,2024-03-07,5,-307,,
CAL-0402,QTI,8-K,2025-01-28,3.01,none,high,no_split_in_window,none,high,no_split_in_window,,,,none,moderate,item_code,,,,none,moderate,item_code,,,,,
CAL-0403,RGFC,8-K,2025-01-30,"3.01,8.01,9.01",,,,,,,,,,,,,,,,,,,2025-01-06,12,-24,,
CAL-0404,KNW,8-K,2025-02-03,"3.01,8.01,9.01",,,,,,,,,,,,,,,,,,,,,,,
CAL-0405,SPIR,8-K,2025-02-19,3.01,none,high,no_split_in_window,none,high,no_split_in_window,,,,none,moderate,item_code,,,,none,moderate,item_code,,,,,
CAL-0406,LICY,8-K,2025-02-27,"1.01,3.01,7.01,8.01,9.01",,,,,,,,,,,,,,,,,,,,,,,
CAL-0407,KNWN,8-K,2025-02-28,"3.01,7.01,9.01",,,,,,,,,,none,moderate,item_code,,,,,,,,,,,
CAL-0408,ZOM,8-K,2025-03-05,"3.01,9.01",,,,,,,,,,none,moderate,item_code,,,,none,moderate,item_code,,,,,
CAL-0409,GATE,8-K,2025-04-03,"3.01,8.01",,,,,,,,,,,,,,,,,,,,,,,
CAL-0410,AIM,8-K,2025-04-07,"3.01,8.01,9.01",,,,,,,,,,,,,,,,,,,2025-06-12,100,66,,
CAL-0411,NXU,8-K,2025-04-07,3.01,,,,,,,,,,none,moderate,item_code,,,,none,moderate,item_code,,,,,
CAL-0412,PEV,8-K,2025-04-10,"3.01,9.01",,,,,,,,,,none,moderate,item_code,,,,none,moderate,item_code,,,,,
CAL-0413,PDCO,8-K,2025-04-17,"1.02,2.01,3.01,3.03,5.01,5.02,5.03,9.01",,,,,,,,,,none,moderate,item_code,,,,merger_or_acquisition,high,item_code,,,,,
CAL-0414,VINC,8-K,2025-04-17,"3.01,8.01,9.01",,,,,,,,,,,,,,,,,,,2025-01-28,20,-79,,
CAL-0415,ONCO,8-K,2025-04-18,"3.01,8.01",,,,,,,,,,,,,,,,,,,2025-06-13,85,56,,
CAL-0416,SCPX,8-K,2025-04-21,3.01,,,,,,,,,,none,moderate,item_code,,,,none,moderate,item_code,2024-07-18,200,-277,,
CAL-0417,SPRB,8-K,2025-04-25,"2.05,3.01,9.01",none,high,no_split_in_window,none,high,no_split_in_window,,,,none,moderate,item_code,,,,none,moderate,item_code,,,,,
CAL-0418,ONCO,8-K,2025-04-30,"3.01,9.01",,,,,,,,,,none,moderate,item_code,,,,none,moderate,item_code,2025-06-13,85,44,,
CAL-0419,SCPX,8-K,2025-05-02,"3.01,5.02",,,,,,,,,,none,moderate,item_code,,,,,,,2024-07-18,200,-288,,
CAL-0420,PTN,8-K,2025-05-08,"1.01,3.01,8.01,9.01",none,high,no_split_in_window,none,high,no_split_in_window,,,,,,,,,,,,,,,,,
CAL-0421,PAPL,8-K,2025-05-19,"3.01,8.01,9.01",,,,,,,,,,,,,,,,,,,2025-07-16,20,58,,
CAL-0422,ONCO,8-K,2025-05-22,"1.01,2.03,3.01,9.01",,,,,,,,,,,,,,,,none,moderate,item_code,2025-06-13,85,22,,
CAL-0423,PLYA,8-K,2025-06-17,"2.01,2.03,3.01,3.03,5.01,5.02",,,,,,,,,,none,moderate,item_code,,,,merger_or_acquisition,high,item_code,,,,,
CAL-0424,VXRT,8-K,2025-07-02,3.01,none,high,no_split_in_window,none,high,no_split_in_window,,,,none,moderate,item_code,,,,none,moderate,item_code,,,,,
CAL-0425,DTCB,8-K,2025-07-15,"3.01,7.01,8.01",,,,,,,,,,,,,,,,,,,,,,,
CAL-0426,BOWN,8-K,2025-07-18,"3.01,9.01",,,,,,,,,,none,moderate,item_code,,,,none,moderate,item_code,,,,,
CAL-0427,FARO,8-K,2025-07-21,"1.01,2.01,3.01,3.03,5.01,5.02,5.03,8.01,9.01",,,,,,,,,,,,,,,,merger_or_acquisition,high,item_code,,,,,
CAL-0428,SISI,8-K,2025-07-31,"3.01,8.01",,,,,,,,,,,,,,,,,,,2025-08-11,50,11,,
CAL-0429,COCH,8-K,2025-08-29,3.01,none,high,no_split_in_window,none,high,no_split_in_window,,,,none,moderate,item_code,,,,none,moderate,item_code,,,,,
CAL-0430,SISI,8-K,2025-10-08,"3.01,8.01",,,,,,,,,,,,,,,,,,,2024-11-12,24,-330,,
CAL-0431,ADN,8-K,2025-10-29,3.01,,,,,,,,,,none,moderate,item_code,,,,none,moderate,item_code,,,,,
CAL-0432,LVTX,8-K,2025-11-21,"2.01,3.01,3.03,5.02",,,,,,,,,,none,moderate,item_code,,,,merger_or_acquisition,high,item_code,,,,,
CAL-0433,ILLR,8-K,2025-12-30,"3.01,9.01",none,high,no_split_in_window,none,high,no_split_in_window,,,,none,moderate,item_code,,,,none,moderate,item_code,,,,,
CAL-0434,PRPH,8-K,2026-01-02,"3.01,9.01",,,,,,,,,,none,moderate,item_code,,,,none,moderate,item_code,2025-12-22,10,-11,,
CAL-0435,BCAB,8-K,2026-02-06,"3.01,7.01",,,,,,,,,,none,moderate,item_code,,,,,,,2026-04-06,50,59,,
CAL-0436,STAI,8-K,2026-02-10,"3.01,7.01,9.01",,,,,,,,,,none,moderate,item_code,,,,,,,2025-12-16,20,-56,,
CAL-0437,ILLR,8-K,2026-03-30,3.01,none,high,no_split_in_window,none,high,no_split_in_window,,,,none,moderate,item_code,,,,none,moderate,item_code,,,,,
CAL-0438,TBHC,8-K,2026-04-02,"1.01,2.01,3.01,3.03,5.01,5.02,5.03,9.01",,,,,,,,,,,,,,,,merger_or_acquisition,high,item_code,,,,,
CAL-0439,ZSPC,8-K,2026-04-23,3.01,,,,,,,,,,none,moderate,item_code,,,,none,moderate,item_code,2026-04-21,25,-2,,
CAL-0440,SGMO,8-K,2026-04-29,3.01,,,,,,,,,,none,moderate,item_code,,,,none,moderate,item_code,,,,,
CAL-0441,MEHA,8-K,2026-06-15,"3.01,7.01,9.01",none,high,no_split_in_window,none,high,no_split_in_window,,,,none,moderate,item_code,,,,,,,,,,,
CAL-0442,SRXH,8-K,2026-06-24,"3.01,5.07,9.01",,,,,,,,,,none,moderate,item_code,,,,none,moderate,item_code,2026-07-06,60,12,,
CAL-0443,BAYA,8-K,2026-07-09,3.01,,,,,,,,,,none,moderate,item_code,,,,none,moderate,item_code,,,,,
CAL-0444,CPRX,8-K,2026-07-16,"2.01,3.01,3.03,5.01,5.02,5.03,9.01",,,,,,,,,,none,moderate,item_code,,,,merger_or_acquisition,high,item_code,,,,,
CAL-0445,SKYT,8-K,2026-07-31,"1.02,2.01,3.01,3.03,5.01,5.02,5.03,9.01",,,,,,,,,,none,moderate,item_code,,,,merger_or_acquisition,high,item_code,,,,,
CAL-0446,VSEE,8-K,2026-08-04,3.01,none,high,no_split_in_window,none,high,no_split_in_window,,,,none,moderate,item_code,,,,none,moderate,item_code,,,,,
CAL-0447,NUTR,8-K,2026-08-07,"3.01,8.01,9.01",none,high,no_split_in_window,none,high,no_split_in_window,,,,,,,,,,,,,,,,,
CAL-0448,NCL,8-K,2026-08-10,"3.01,4.01,4.02,5.02,9.01",,,,,,,,,,none,moderate,item_code,,,,restatement,high,item_code,,,,,
CAL-0449,OSRH,8-K,2026-08-19,"3.01,7.01,9.01",none,high,no_split_in_window,none,high,no_split_in_window,,,,none,moderate,item_code,,,,,,,,,,,
CAL-0450,APGE,8-K,2026-09-03,"1.02,2.01,3.01,3.03,5.01,5.02,5.03,9.01",,,,,,,,,,none,moderate,item_code,,,,merger_or_acquisition,high,item_code,,,,,
CAL-0451,ZSPC,8-K,2026-09-15,"3.01,7.01,9.01",,,,,,,,,,none,moderate,item_code,,,,,,,2026-04-21,25,-147,,
CAL-0452,CMAXQ,8-K,2025-01-03,"7.01,9.01",,,,,,,,,,none,moderate,item_code,,,,,,,,,,,
CAL-0453,CMAXQ,8-K,2025-02-03,"1.02,1.03,2.01,3.03,4.01,5.01,5.02,7.01,8.01,9.01",,,,,,,,,,,,,,,,bankruptcy,high,item_code,,,,,
CAL-0454,RDW,8-K,2025-03-26,"8.01,9.01",none,high,no_split_in_window,none,high,no_split_in_window,,,,,,,,,,,,,,,,,
CAL-0455,QTIH,8-K,2025-03-31,"2.02,8.01,9.01",,,,,,,,,,,,,,,,,,,,,,,
CAL-0456,QTIH,8-K,2025-04-10,"1.01,3.02,8.01,9.01",,,,,,,,,,,,,,,,,,,,,,,
CAL-0457,DTCB,8-K,2025-05-06,"7.01,9.01",,,,,,,,,,none,moderate,item_code,,,,,,,,,,,
CAL-0458,QTIH,8-K,2025-05-13,"2.02,8.01,9.01",,,,,,,,,,,,,,,,,,,,,,,
CAL-0459,QTIH,8-K,2025-05-21,"7.01,9.01",,,,,,,,,,none,moderate,item_code,,,,,,,,,,,
CAL-0460,BHILQ,8-K,2025-05-27,"1.01,1.03,2.01,5.02,5.03,7.01,9.01",,,,,,,,,,,,,,,,bankruptcy,high,item_code,2024-07-19,35,-312,,
CAL-0461,QTIH,8-K,2025-06-18,"8.01,9.01",,,,,,,,,,,,,,,,,,,,,,,
CAL-0462,AVPT,8-K,2025-07-16,"8.01,9.01",none,high,no_split_in_window,none,high,no_split_in_window,,,,,,,,,,,,,,,,,
CAL-0463,SNTW,8-K,2025-08-12,8.01,none,high,no_split_in_window,none,high,no_split_in_window,,,,,,,,,,,,,,,,,
CAL-0464,NBY,8-K,2025-08-19,"1.01,3.02,3.03,5.02,5.03,8.01,9.01",,,,,,,,,,,,,,,,,,,,,,,
CAL-0465,KDP,8-K,2025-08-25,"1.01,2.03,7.01,9.01",none,high,no_split_in_window,none,high,no_split_in_window,,,,,,,,,,,,,,,,,
CAL-0466,CIK,8-K,2025-09-03,"1.03,5.02,7.01,9.01",none,high,no_split_in_window,none,high,no_split_in_window,,,,none,moderate,item_code,,,,bankruptcy,high,item_code,,,,,
CAL-0467,IROH,8-K,2025-10-06,"1.01,2.01,3.02,3.03,5.01,5.02,5.03,5.05,5.06,8.01,9.01",,,,,,,,,,,,,,,,merger_or_acquisition,high,item_code,,,,,
CAL-0468,QBTS,8-K,2025-11-21,"8.01,9.01",none,high,no_split_in_window,none,high,no_split_in_window,,,,,,,,,,,,,,,,,
CAL-0469,NUTR,8-K,2026-02-03,"7.01,8.01",none,high,no_split_in_window,none,high,no_split_in_window,,,,,,,,,,,,,,,,,
CAL-0470,MYNZ,8-K,2026-02-17,"1.01,3.02,3.03,5.02,8.01,9.01",,,,,,,,,,,,,,,,,,,,,,,
CAL-0471,BZYR,8-K,2026-05-12,8.01,none,high,no_split_in_window,none,high,no_split_in_window,,,,,,,,,,,,,,,,,
CAL-0472,AVO,8-K,2026-05-29,"2.01,5.02,7.01,9.01",none,high,no_split_in_window,none,high,no_split_in_window,,,,none,moderate,item_code,,,,merger_or_acquisition,high,item_code,,,,,
CAL-0473,HSDT,8-K,2025-04-30,"3.03,5.03,8.01,9.01",,,,,,,,,,,,,,,,,,,2025-05-02,15,2,,
CAL-0474,MNTS,8-K,2025-12-15,"3.03,5.03,8.01,9.01",,,,,,,,,,,,,,,,,,,2025-12-18,18,3,,
CAL-0475,UPLD,8-K,2026-06-04,"5.02,5.03,5.07,9.01",announced,high,yahoo_split,1-for-10,high,yahoo_split,,,,none,moderate,item_code,,,,,,,2026-06-17,10,13,,
CAL-0476,TGL,8-K,2025-12-08,"5.03,7.01,9.01",effective,high,yahoo_split,1-for-20,high,yahoo_split,,,,none,moderate,item_code,,,,,,,2025-12-05,20,-3,,
CAL-0477,ILAL,8-K,2026-02-04,"3.03,5.03,5.07,8.01,9.01",none,high,no_split_in_window,none,high,no_split_in_window,,,,,,,,,,,,,,,,,
CAL-0478,RMXI,8-K,2026-07-24,"3.03,5.03,7.01,9.01",,,,,,,,,,none,moderate,item_code,,,,,,,2026-07-27,3,3,,
CAL-0479,PED,8-K,2025-11-03,"1.01,2.01,2.03,3.02,3.03,5.02,5.03,5.07,7.01,9.01",none,high,no_split_in_window,none,high,no_split_in_window,,,,,,,,,,merger_or_acquisition,high,item_code,,,,,
CAL-0480,ASST,8-K,2026-02-03,"3.03,5.03,9.01",,,,,,,,,,none,moderate,item_code,,,,none,moderate,item_code,2026-02-06,20,3,,
CAL-0481,SVC,8-K,2026-07-06,"5.03,9.01",,,,,,,,,,none,moderate,item_code,,,,none,moderate,item_code,2026-07-07,5,1,,
CAL-0482,ARTL,8-K,2025-06-13,"3.03,5.03,8.01,9.01",effective,high,yahoo_split,1-for-6,high,yahoo_split,,,,,,,,,,,,,2025-06-13,6,0,,
CAL-0483,BOXL,8-K,2025-12-19,"3.03,5.03,7.01,9.01",announced,high,yahoo_split,1-for-6,high,yahoo_split,,,,none,moderate,item_code,,,,,,,2025-12-23,6,4,,
CAL-0484,ALVR,8-K,2025-01-15,"3.03,5.03,9.01",,,,,,,,,,none,moderate,item_code,,,,none,moderate,item_code,,,,,
CAL-0485,BOXL,8-K,2025-02-13,"3.03,5.03,7.01,9.01",announced,high,yahoo_split,1-for-5,high,yahoo_split,,,,none,moderate,item_code,,,,,,,2025-02-18,5,5,,
CAL-0486,BOXL,8-K,2026-06-22,"3.03,5.03,7.01",effective,high,yahoo_split,1-for-6,high,yahoo_split,,,,none,moderate,item_code,,,,,,,2026-06-22,6,0,,
CAL-0487,QTIH,8-K,2025-10-23,"3.03,5.03,9.01",,,,,,,,,,none,moderate,item_code,,,,none,moderate,item_code,,,,,
CAL-0488,DCOY,8-K,2026-03-05,"3.03,5.03,8.01,9.01",announced,high,yahoo_split,1-for-12,high,yahoo_split,,,,,,,,,,,,,2026-03-09,12,4,,
CAL-0489,HFUS,8-K,2025-04-07,"3.03,5.03,9.01",,,,,,,,,,none,moderate,item_code,,,,none,moderate,item_code,2025-04-24,4,17,,
CAL-0490,GMRE,8-K,2025-09-19,"3.03,5.03,7.01,8.01,9.01",,,,,,,,,,,,,,,,,,,,,,,
CAL-0491,APM,8-K,2026-07-20,"2.01,3.03,5.02,5.03,8.01,9.01",,,,,,,,,,,,,,,,merger_or_acquisition,high,item_code,,,,,
CAL-0492,REVB,8-K,2025-01-30,"3.03,5.03,9.01",effective,high,yahoo_split,1-for-16,high,yahoo_split,,,,none,moderate,item_code,,,,none,moderate,item_code,2025-01-28,16,-2,,
CAL-0493,LXP,8-K,2025-11-12,"3.03,5.02,5.03,7.01,8.01,9.01",effective,high,yahoo_split,1-for-5,high,yahoo_split,,,,,,,,,,,,,2025-11-11,5,-1,,
CAL-0494,ICU,8-K,2025-12-18,"3.03,5.07",,,,,,,none,moderate,item_code,none,moderate,item_code,,,,none,moderate,item_code,2026-01-05,10,18,,
CAL-0495,GCAN,8-K/A,2025-10-16,"5.03,8.01,9.01",,,,,,,,,,,,,,,,,,,2025-10-17,1500,1,,
CAL-0496,KATX,8-K,2025-05-23,"1.01,5.02,5.03,5.06,9.01",,,,,,,,,,,,,,,,,,,,,,,
CAL-0497,ADTX,8-K,2026-03-05,"3.03,5.03,7.01,9.01",announced,high,yahoo_split,1-for-8,high,yahoo_split,,,,none,moderate,item_code,,,,,,,2026-03-09,8,4,,
CAL-0498,VEEE,8-K,2026-04-30,"5.03,8.01,9.01",announced,high,yahoo_split,1-for-37,high,yahoo_split,,,,,,,,,,,,,2026-05-04,37,4,,
CAL-0499,ASBP,8-K,2026-05-14,"5.03,9.01",,,,,,,,,,none,moderate,item_code,,,,none,moderate,item_code,2026-01-16,40,-118,,
CAL-0500,INUV,8-K,2025-06-10,"3.03,5.03,9.01",effective,high,yahoo_split,1-for-10,high,yahoo_split,,,,none,moderate,item_code,,,,none,moderate,item_code,2025-06-10,10,0,,
CAL-0501,CHGA,8-K,2026-08-31,"3.03,5.03,7.01,9.01",effective,high,yahoo_split,1-for-20,high,yahoo_split,,,,none,moderate,item_code,,,,,,,2026-08-31,20,0,,
CAL-0502,EZFL,8-K,2025-02-18,"1.01,2.01,3.02,5.02,5.03,7.01,9.01",,,,,,,,,,,,,,,,merger_or_acquisition,high,item_code,,,,,
CAL-0503,GRYP,8-K,2025-09-03,"1.01,1.02,2.01,3.02,3.03,5.01,5.02,5.03,5.05,7.01,8.01,9.01",,,,,,,,,,,,,,,,merger_or_acquisition,high,item_code,,,,,
CAL-0504,GCAN,8-K,2025-10-15,"5.03,8.01,9.01",,,,,,,,,,,,,,,,,,,2025-10-17,1500,2,,
CAL-0505,TLRY,8-K,2025-11-26,"3.03,5.03,8.01,9.01",announced,high,yahoo_split,1-for-10,high,yahoo_split,,,,,,,,,,,,,2025-12-02,10,6,,
CAL-0506,SEGG,8-K,2025-09-05,"5.03,9.01",effective,high,yahoo_split,1-for-10,high,yahoo_split,,,,none,moderate,item_code,,,,none,moderate,item_code,2025-08-29,10,-7,,
CAL-0507,CNSP,8-K,2025-07-22,"3.03,5.03,8.01,9.01",effective,high,yahoo_split,1-for-12,high,yahoo_split,,,,,,,,,,,,,2025-07-22,12,0,,
CAL-0508,PTIX,8-K,2025-05-05,"5.03,9.01",effective,high,yahoo_split,1-for-14,high,yahoo_split,,,,none,moderate,item_code,,,,none,moderate,item_code,2025-05-05,14,0,,
CAL-0509,NXXT,8-K,2026-09-14,"3.03,5.03,8.01,9.01",effective,high,yahoo_split,1-for-10,high,yahoo_split,,,,,,,,,,,,,2026-09-14,10,0,,
CAL-0510,ARTL,8-K,2026-03-06,"3.03,5.03,8.01,9.01",announced,high,yahoo_split,1-for-3,high,yahoo_split,,,,,,,,,,,,,2026-03-10,3,4,,
CAL-0511,FCUV,8-K,2026-02-05,"3.03,5.03,9.01",announced,high,yahoo_split,1-for-10,high,yahoo_split,,,,none,moderate,item_code,,,,none,moderate,item_code,2026-02-09,10,4,,
CAL-0512,REVB,8-K,2025-07-09,"3.03,5.03,8.01,9.01",effective,high,yahoo_split,1-for-3,high,yahoo_split,,,,,,,,,,,,,2025-07-07,3,-2,,
CAL-0513,FEED,8-K,2026-08-31,"5.03,8.01,9.01",,,,,,,,,,,,,,,,,,,2026-09-01,12,1,,
CAL-0514,DRIO,8-K,2025-08-25,"5.03,8.01,9.01",,,,,,,,,,,,,,,,,,,2025-08-28,20,3,,
CAL-0515,ADTX,8-K,2026-05-15,"3.03,5.03,7.01,9.01",,,,,,,,,,none,moderate,item_code,,,,,,,2026-05-18,27,3,,
CAL-0516,WKHS,8-K,2025-03-12,"3.03,5.03,7.01,9.01",announced,high,yahoo_split,1-for-12,high,yahoo_split,,,,none,moderate,item_code,,,,,,,2025-03-17,12,5,,
CAL-0517,ORGN,8-K,2026-03-19,5.03,,,,,,,,,,none,moderate,item_code,,,,none,moderate,item_code,,,,,
CAL-0518,TIVC,8-K,2025-03-05,"3.03,5.03,7.01,9.01",,,,,,,,,,none,moderate,item_code,,,,,,,,,,,
CAL-0519,DAIC,8-K,2026-05-28,"3.03,5.03,8.01,9.01",announced,high,yahoo_split,1-for-25,high,yahoo_split,,,,,,,,,,,,,2026-06-01,25,4,,
CAL-0520,BIAF,8-K,2026-08-20,"3.03,5.03,7.01,9.01",announced,high,yahoo_split,1-for-15,high,yahoo_split,,,,none,moderate,item_code,,,,,,,2026-08-24,15,4,2026-09-18,15
CAL-0521,XPON,8-K,2026-07-16,"5.03,9.01",announced,high,yahoo_split,1-for-12,high,yahoo_split,,,,none,moderate,item_code,,,,none,moderate,item_code,2026-07-21,12,5,,
CAL-0522,AREB,8-K,2026-03-23,"3.03,5.03,7.01,9.01",effective,high,yahoo_split,1-for-100,high,yahoo_split,,,,none,moderate,item_code,,,,,,,2026-03-23,100,0,,
CAL-0523,PSTV,8-K,2026-04-02,"3.03,5.03,8.01,9.01",,,,,,,,,,,,,,,,,,,,,,,
CAL-0524,POAI,8-K,2025-09-25,"3.03,5.03,5.07,7.01,9.01",,,,,,,,,,none,moderate,item_code,,,,,,,,,,,
CAL-0525,BIAF,8-K,2025-09-17,"3.03,5.03,7.01,9.01",,,,,,,,,,none,moderate,item_code,,,,,,,2025-09-19,30,2,,
CAL-0526,ASRT,8-K,2025-12-22,"3.03,5.03,9.01",,,,,,,,,,none,moderate,item_code,,,,none,moderate,item_code,,,,,
CAL-0527,ADTX,8-K,2025-03-12,"3.01,3.03,5.03,7.01,9.01",announced,high,yahoo_split,1-for-250,high,yahoo_split,,,,none,moderate,item_code,,,,,,,2025-03-17,250,5,,
CAL-0528,BJDX,8-K,2026-01-30,"3.03,5.03,5.07,8.01,9.01",effective,high,yahoo_split,1-for-4,high,yahoo_split,,,,,,,,,,,,,2026-01-29,4,-1,,
CAL-0529,SEGG,8-K,2026-07-30,"5.03,9.01",announced,high,yahoo_split,1-for-7,high,yahoo_split,,,,none,moderate,item_code,,,,none,moderate,item_code,2026-08-03,7,4,,
CAL-0530,ADTX,8-K,2025-10-31,"3.03,5.03,7.01,9.01",,,,,,,,,,none,moderate,item_code,,,,,,,2025-11-03,113,3,,
CAL-0531,FCUV,8-K,2026-06-18,"3.03,5.03,9.01",announced,high,yahoo_split,1-for-4,high,yahoo_split,,,,none,moderate,item_code,,,,none,moderate,item_code,2026-06-23,4,5,,
CAL-0532,VBIO,8-K,2026-08-27,"3.03,5.03,7.01,9.01",announced,high,yahoo_split,1-for-25,high,yahoo_split,,,,none,moderate,item_code,,,,,,,2026-08-31,25,4,,
CAL-0533,ARTL,8-K,2026-08-27,"3.03,5.03,7.01,9.01",announced,high,yahoo_split,1-for-9,high,yahoo_split,,,,none,moderate,item_code,,,,,,,2026-08-31,9,4,,
CAL-0534,ULY,8-K,2025-03-13,"3.03,5.03,5.07,7.01,8.01,9.01",,,,,,,,,,,,,,,,,,,,,,,
CAL-0535,WKHS,8-K,2025-12-03,3.03,announced,high,yahoo_split,1-for-12,high,yahoo_split,none,moderate,item_code,none,moderate,item_code,,,,none,moderate,item_code,2025-12-08,12,5,,
CAL-0536,NFE,8-K,2026-09-11,"1.01,1.02,2.01,2.03,3.02,3.03,5.02,5.03,8.01,9.01",,,,,,,,,,,,,,,,merger_or_acquisition,high,item_code,2026-09-14,50,3,,
CAL-0537,BOXL,8-K,2025-03-03,"3.03,9.01",effective,high,yahoo_split,1-for-5,high,yahoo_split,none,moderate,item_code,none,moderate,item_code,,,,none,moderate,item_code,2025-02-18,5,-13,,
CAL-0538,OPTT,8-K,2026-09-11,"3.03,5.03,5.07,9.01",,,,,,,,,,none,moderate,item_code,,,,none,moderate,item_code,2026-09-14,30,3,,
CAL-0539,BMNR,8-K,2025-05-16,"5.03,8.01,9.01",none,high,no_split_in_window,none,high,no_split_in_window,,,,,,,,,,,,,,,,,
CAL-0540,MTVA,8-K,2025-12-02,"3.03,5.03,7.01,8.01,9.01",,,,,,,,,,,,,,,,,,,2025-12-05,11,3,,
CAL-0541,DEVS,8-K/A,2025-03-07,"1.01,2.01,2.02,2.03,3.02,3.03,4.01,5.01,5.02,5.03,5.05,5.06,7.01",,,,,,,,,,,,,,,,auditor_change,high,item_code,,,,,
CAL-0542,UBYH,8-K,2026-07-06,"3.03,5.03,5.07,9.01",,,,,,,,,,none,moderate,item_code,,,,none,moderate,item_code,,,,,
CAL-0543,HSDT,8-K,2025-06-27,"3.03,5.03,9.01",announced,high,yahoo_split,1-for-50,high,yahoo_split,,,,none,moderate,item_code,,,,none,moderate,item_code,2025-07-01,50,4,,
