session,ticker,graded_at,cc_ret,on_ret,id_ret,is_tom,cycle,iso_week
2026-08-07,QQQ,2026-09-01T22:57:25+00:00,1.1726,0.76961,0.39992,0,2026-09,2026-W32
2026-08-10,QQQ,2026-09-01T22:57:25+00:00,-0.29875,-0.08852,-0.21042,0,2026-09,2026-W33
2026-08-11,QQQ,2026-09-01T22:57:25+00:00,-0.3357,0.3357,-0.66916,0,2026-09,2026-W33
2026-08-12,QQQ,2026-09-01T22:57:25+00:00,0.73074,1.2012,-0.46487,0,2026-09,2026-W33
2026-08-13,QQQ,2026-09-01T22:57:25+00:00,1.15656,0.20036,0.95428,0,2026-09,2026-W33
2026-08-14,QQQ,2026-09-01T22:57:25+00:00,-0.1366,0.18304,-0.31905,0,2026-09,2026-W33
2026-08-17,QQQ,2026-09-01T22:57:25+00:00,-0.16414,0.25716,-0.42022,0,2026-09,2026-W34
2026-08-18,QQQ,2026-09-01T22:57:25+00:00,-1.69345,-1.32352,-0.37489,0,2026-09,2026-W34
2026-08-19,QQQ,2026-09-01T22:57:25+00:00,-0.1993,0.40139,-0.59829,0,2026-09,2026-W34
2026-08-20,QQQ,2026-09-01T22:57:25+00:00,-0.7192,-0.5572,-0.16291,0,2026-09,2026-W34
2026-08-21,QQQ,2026-09-01T22:57:25+00:00,0.35306,0.60484,-0.25027,0,2026-09,2026-W34
2026-08-24,QQQ,2026-09-01T22:57:25+00:00,-0.99798,-0.52983,-0.47064,0,2026-09,2026-W35
2026-08-25,QQQ,2026-09-01T22:57:25+00:00,0.62294,0.69373,-0.0703,0,2026-09,2026-W35
2026-08-26,QQQ,2026-09-01T22:57:25+00:00,0.09146,-0.32502,0.41784,1,2026-09,2026-W35
2026-08-27,QQQ,2026-09-01T22:57:25+00:00,1.36919,0.78159,0.58304,1,2026-09,2026-W35
2026-08-28,QQQ,2026-09-01T22:57:25+00:00,-0.649,-0.18998,-0.45989,1,2026-09,2026-W35
2026-08-31,QQQ,2026-09-01T22:57:25+00:00,0.04606,-0.17587,0.22233,1,2026-09,2026-W36
2026-08-07,SPY,2026-09-01T22:57:25+00:00,0.61153,0.32008,0.29052,0,2026-09,2026-W32
2026-08-10,SPY,2026-09-01T22:57:25+00:00,-0.02974,-0.08536,0.05566,0,2026-09,2026-W33
2026-08-11,SPY,2026-09-01T22:57:25+00:00,-0.31953,0.19404,-0.51257,0,2026-09,2026-W33
2026-08-12,SPY,2026-09-01T22:57:25+00:00,0.25047,0.53857,-0.28656,0,2026-09,2026-W33
2026-08-13,SPY,2026-09-01T22:57:25+00:00,0.69775,0.3081,0.38845,0,2026-09,2026-W33
2026-08-14,SPY,2026-09-01T22:57:25+00:00,-0.19797,0.08484,-0.28257,0,2026-09,2026-W33
2026-08-17,SPY,2026-09-01T22:57:25+00:00,-0.47274,-0.02061,-0.45222,0,2026-09,2026-W34
2026-08-18,SPY,2026-09-01T22:57:25+00:00,-0.67558,-0.5138,-0.16261,0,2026-09,2026-W34
2026-08-19,SPY,2026-09-01T22:57:25+00:00,0.20978,0.37917,-0.16875,0,2026-09,2026-W34
2026-08-20,SPY,2026-09-01T22:57:25+00:00,-0.83999,-0.40309,-0.43867,0,2026-09,2026-W34
2026-08-21,SPY,2026-09-01T22:57:25+00:00,0.40913,0.4524,-0.04308,0,2026-09,2026-W34
2026-08-24,SPY,2026-09-01T22:57:25+00:00,-0.29384,-0.12275,-0.1713,0,2026-09,2026-W35
2026-08-25,SPY,2026-09-01T22:57:25+00:00,0.31959,0.35234,-0.03263,0,2026-09,2026-W35
2026-08-26,SPY,2026-09-01T22:57:25+00:00,0.0222,-0.15406,0.17654,1,2026-09,2026-W35
2026-08-27,SPY,2026-09-01T22:57:25+00:00,0.65528,0.31589,0.33832,1,2026-09,2026-W35
2026-08-28,SPY,2026-09-01T22:57:25+00:00,-0.22695,0.0856,-0.31228,1,2026-09,2026-W35
2026-08-31,SPY,2026-09-01T22:57:25+00:00,-0.29895,-0.26255,-0.03649,1,2026-09,2026-W36
2026-09-01,QQQ,2026-09-02T22:57:02+00:00,-1.27239,-1.30727,0.03534,1,2026-09,2026-W36
2026-09-01,SPY,2026-09-02T22:57:02+00:00,-0.68704,-0.65706,-0.03018,1,2026-09,2026-W36
2026-09-02,QQQ,2026-09-03T22:56:46+00:00,0.2261,-0.07632,0.30265,1,2026-09,2026-W36
2026-09-02,SPY,2026-09-03T22:56:46+00:00,0.44369,0.08795,0.35543,1,2026-09,2026-W36
2026-09-03,QQQ,2026-09-04T22:44:54+00:00,1.1886,0.227,0.95942,1,2026-09,2026-W36
2026-09-03,SPY,2026-09-04T22:44:54+00:00,1.04684,0.3581,0.68628,1,2026-09,2026-W36
2026-09-04,QQQ,2026-10-03T00:06:48+00:00,0.17975,0.23409,-0.05421,0,2026-10,2026-W36
2026-09-08,QQQ,2026-10-03T00:06:48+00:00,-0.08345,0.27122,-0.35372,0,2026-10,2026-W37
2026-09-09,QQQ,2026-10-03T00:06:48+00:00,-0.28537,-0.27284,-0.01257,0,2026-10,2026-W37
2026-09-10,QQQ,2026-10-03T00:06:48+00:00,-1.06378,-1.22294,0.16112,0,2026-10,2026-W37
2026-09-11,QQQ,2026-10-03T00:06:48+00:00,0.87344,0.98632,-0.11178,0,2026-10,2026-W37
2026-09-14,QQQ,2026-10-03T00:06:48+00:00,-0.79734,-1.61566,0.83175,0,2026-10,2026-W38
2026-09-15,QQQ,2026-10-03T00:06:48+00:00,-0.65428,-0.05358,-0.60102,0,2026-10,2026-W38
2026-09-16,QQQ,2026-10-03T00:06:48+00:00,0.02555,0.4911,-0.46328,0,2026-10,2026-W38
2026-09-17,QQQ,2026-10-03T00:06:48+00:00,1.73119,1.59355,0.13548,0,2026-10,2026-W38
2026-09-18,QQQ,2026-10-03T00:06:48+00:00,0.63188,0.26642,0.36448,0,2026-10,2026-W38
2026-09-21,QQQ,2026-10-03T00:06:48+00:00,2.88205,0.99778,1.86566,0,2026-10,2026-W39
2026-09-22,QQQ,2026-10-03T00:06:48+00:00,0.80786,-0.06608,0.87452,0,2026-10,2026-W39
2026-09-23,QQQ,2026-10-03T00:06:48+00:00,-0.83617,-0.06556,-0.77111,0,2026-10,2026-W39
2026-09-24,QQQ,2026-10-03T00:06:48+00:00,-0.01485,-0.7987,0.79016,0,2026-10,2026-W39
2026-09-25,QQQ,2026-10-03T00:06:48+00:00,0.45878,0.23344,0.22481,1,2026-10,2026-W39
2026-09-28,QQQ,2026-10-03T00:06:48+00:00,-1.07051,-0.54264,-0.53075,1,2026-10,2026-W40
2026-09-29,QQQ,2026-10-03T00:06:48+00:00,0.19008,0.49149,-0.29994,1,2026-10,2026-W40
2026-09-30,QQQ,2026-10-03T00:06:48+00:00,0.24935,0.30626,-0.05674,1,2026-10,2026-W40
2026-09-04,SPY,2026-10-03T00:06:48+00:00,-0.38542,-0.15003,-0.23575,0,2026-10,2026-W36
2026-09-08,SPY,2026-10-03T00:06:48+00:00,-0.54922,-0.14542,-0.40438,0,2026-10,2026-W37
2026-09-09,SPY,2026-10-03T00:06:48+00:00,-0.46477,-0.24544,-0.21987,0,2026-10,2026-W37
2026-09-10,SPY,2026-10-03T00:06:48+00:00,-0.59943,-0.57319,-0.02639,0,2026-10,2026-W37
2026-09-11,SPY,2026-10-03T00:06:48+00:00,0.85243,0.90917,-0.05623,0,2026-10,2026-W37
2026-09-14,SPY,2026-10-03T00:06:48+00:00,-0.44617,-0.69215,0.24769,0,2026-10,2026-W38
2026-09-15,SPY,2026-10-03T00:06:48+00:00,-0.45868,-0.09988,-0.35915,0,2026-10,2026-W38
2026-09-16,SPY,2026-10-03T00:06:48+00:00,-0.44099,0.27859,-0.71758,0,2026-10,2026-W38
2026-09-17,SPY,2026-10-03T00:06:48+00:00,1.13388,1.20682,-0.07208,0,2026-10,2026-W38
2026-09-18,SPY,2026-10-03T00:06:48+00:00,0.1287,0.07874,0.04991,0,2026-10,2026-W38
2026-09-21,SPY,2026-10-03T00:06:48+00:00,1.5505,0.59867,0.94617,0,2026-10,2026-W39
2026-09-22,SPY,2026-10-03T00:06:48+00:00,-0.01551,0.06852,-0.08398,0,2026-10,2026-W39
2026-09-23,SPY,2026-10-03T00:06:48+00:00,-0.72022,-0.07629,-0.64442,0,2026-10,2026-W39
2026-09-24,SPY,2026-10-03T00:06:48+00:00,-0.08205,-0.4871,0.40703,0,2026-10,2026-W39
2026-09-25,SPY,2026-10-03T00:06:48+00:00,0.54355,0.20856,0.33429,1,2026-10,2026-W39
2026-09-28,SPY,2026-10-03T00:06:48+00:00,-0.74415,-0.38893,-0.35661,1,2026-10,2026-W40
2026-09-29,SPY,2026-10-03T00:06:48+00:00,-0.18416,0.15935,-0.34297,1,2026-10,2026-W40
2026-09-30,SPY,2026-10-03T00:06:48+00:00,-0.20544,0.29443,-0.4984,1,2026-10,2026-W40
2026-10-01,QQQ,2026-10-06T01:38:42+00:00,0.3055,0.37038,-0.06464,1,2026-10,2026-W40
2026-10-02,QQQ,2026-10-06T01:38:42+00:00,1.01748,1.25062,-0.23026,1,2026-10,2026-W40
2026-10-01,SPY,2026-10-06T01:38:42+00:00,0.17833,0.22684,-0.04841,1,2026-10,2026-W40
2026-10-02,SPY,2026-10-06T01:38:42+00:00,0.73954,0.86258,-0.12199,1,2026-10,2026-W40
2026-10-05,QQQ,2026-10-08T00:40:50+00:00,0.88316,-0.03069,0.91413,1,2026-10,2026-W41
2026-10-05,SPY,2026-10-08T00:40:50+00:00,0.67434,0.00649,0.6678,1,2026-10,2026-W41
